file_name,title_ch,journal_year,target_string,matching_string,string_distance,context,notes
0230.txt,中国肺移植供体标准及获取转运指南,2018,供者气管插管,气 管内插管,0.25,">300 mmHg是基本要求。尤其注意，在获 取供肺前每2 h进行1次动脉血气分析，如果动脉血 气不达标,在宣布此肺不合格之前,应通气充足,气 管内插管位置正确,潮气量足够,同时经纤支镜吸净 气道分泌物以排除大气道内分泌物阻塞,只有在排除 上述影响因素、充分通气和维持最佳体液平衡等",
0230.txt,中国肺移植供体标准及获取转运指南,2018,气管切开气管插管,气管炎或支 气管,0.278312163512968,"供体传播感染的风险可忽略不计［12］。因此纤支镜下"", 
""可吸净的适量痰液和微生物培养阳性，不是拒绝供 肺的标准。若纤支镜检查发现有严重的气管炎或支 气管炎，特别是脓液被吸出后仍从段支气管的开口 涌出，提示供肺有严重肺炎，无法使用。"", ""推荐7：纤支镜检查还需特别注意供肺的解剖",
0230.txt,中国肺移植供体标准及获取转运指南,2018,供体手术气管插管通气,受气 管插管机械通气,0.285714285714286,"官的使用率；同时发现不适合作为潜在供肺的证据， 避免盲目扩大边缘性供肺影响移植的近期及远期效果， 减少医疗资源浪费。供肺进入评估流程时，均接受气 管插管机械通气。因此，ICU医护人员和供肺获取专 家，应尽可能提前供肺维护，使更多供肺最终进入可 用之列。"", 
""3.1\t积极抗感染",
0230.txt,中国肺移植供体标准及获取转运指南,2018,供者行气管插管,",气 管内插管",0.333333333333333,"2>300 mmHg是基本要求。尤其注意，在获 取供肺前每2 h进行1次动脉血气分析，如果动脉血 气不达标,在宣布此肺不合格之前,应通气充足,气 管内插管位置正确,潮气量足够,同时经纤支镜吸净 气道分泌物以排除大气道内分泌物阻塞,只有在排除 上述影响因素、充分通气和维持最佳体液平衡",
0230.txt,中国肺移植供体标准及获取转运指南,2018,"供者平卧位,气管插管","充足,气 管内插管位",0.333333333333333,"iO2>300 mmHg是基本要求。尤其注意，在获 取供肺前每2 h进行1次动脉血气分析，如果动脉血 气不达标,在宣布此肺不合格之前,应通气充足,气 管内插管位置正确,潮气量足够,同时经纤支镜吸净 气道分泌物以排除大气道内分泌物阻塞,只有在排除 上述影响因素、充分通气和维持最佳体液",
0230.txt,中国肺移植供体标准及获取转运指南,2018,"脑死亡后,气管插管","充足,气 管内插管",0.363636363636364,"iO2>300 mmHg是基本要求。尤其注意，在获 取供肺前每2 h进行1次动脉血气分析，如果动脉血 气不达标,在宣布此肺不合格之前,应通气充足,气 管内插管位置正确,潮气量足够,同时经纤支镜吸净 气道分泌物以排除大气道内分泌物阻塞,只有在排除 上述影响因素、充分通气和维持最佳体液",
0230.txt,中国肺移植供体标准及获取转运指南,2018,"脑死亡后气管紧急插管,纯氧通气","之前,应通气充足,气 管内插管",0.399248590813889,"PaO2/FiO2>300 mmHg是基本要求。尤其注意，在获 取供肺前每2 h进行1次动脉血气分析，如果动脉血 气不达标,在宣布此肺不合格之前,应通气充足,气 管内插管位置正确,潮气量足够,同时经纤支镜吸净 气道分泌物以排除大气道内分泌物阻塞,只有在排除 上述影响因素、充分通气和",
0230.txt,中国肺移植供体标准及获取转运指南,2018,脑死亡后迅速气管插管进行机械通气,流程时，均接受气 管插管机械通气,0.4,"提高捐献 器官的使用率；同时发现不适合作为潜在供肺的证据， 避免盲目扩大边缘性供肺影响移植的近期及远期效果， 减少医疗资源浪费。供肺进入评估流程时，均接受气 管插管机械通气。因此，ICU医护人员和供肺获取专 家，应尽可能提前供肺维护，使更多供肺最终进入可 用之列。"", 
""3.1\",
0230.txt,中国肺移植供体标准及获取转运指南,2018,供体手术气管插管,"足,气 管内插管",0.4,"O2>300 mmHg是基本要求。尤其注意，在获 取供肺前每2 h进行1次动脉血气分析，如果动脉血 气不达标,在宣布此肺不合格之前,应通气充足,气 管内插管位置正确,潮气量足够,同时经纤支镜吸净 气道分泌物以排除大气道内分泌物阻塞,只有在排除 上述影响因素、充分通气和维持最佳体液平",
0230.txt,中国肺移植供体标准及获取转运指南,2018,供体平卧位，气管插管,"充足,气 管内插管位",0.416666666666667,"iO2>300 mmHg是基本要求。尤其注意，在获 取供肺前每2 h进行1次动脉血气分析，如果动脉血 气不达标,在宣布此肺不合格之前,应通气充足,气 管内插管位置正确,潮气量足够,同时经纤支镜吸净 气道分泌物以排除大气道内分泌物阻塞,只有在排除 上述影响因素、充分通气和维持最佳体液",
0230.txt,中国肺移植供体标准及获取转运指南,2018,脑死亡后用麻醉机维持呼吸,死亡；叶类为脑死亡后呼吸,0.422649730810374,赫特(Maastricht)标准 分为5类：I类为供体到达医院时宣布死亡；D类为 心肺复苏后宣布供体死亡；出类为撤除生命支持措 施后等待心脏死亡；叶类为脑死亡后呼吸停止、心 脏停搏；V类为住院患者的心脏停搏。依据《中国 心脏死亡器官捐献分类标准》，我国器官捐献分为 3类：I类为DB,
0230.txt,中国肺移植供体标准及获取转运指南,2018,"脑死亡后,紧急气管插管","通气充足,气 管内插管",0.427108100768454,"/FiO2>300 mmHg是基本要求。尤其注意，在获 取供肺前每2 h进行1次动脉血气分析，如果动脉血 气不达标,在宣布此肺不合格之前,应通气充足,气 管内插管位置正确,潮气量足够,同时经纤支镜吸净 气道分泌物以排除大气道内分泌物阻塞,只有在排除 上述影响因素、充分通气和维持最佳",
0230.txt,中国肺移植供体标准及获取转运指南,2018,协助麻醉医生进行支纤镜检查后进行供体气管插管,在供体后，常规行纤维支气管镜（纤 支镜）检查,0.428571428571429,"/年， 或死亡前已经戒烟10年及以上，既往吸烟史不是供 肺的排除标准。"", ""2.3\t纤维支气管镜检查及呼吸道微生物学"", 
""在确定为潜在供体后，常规行纤维支气管镜（纤 支镜）检查，及时有效地吸净供体气道分泌物，防 止肺部感染或肺不张，并对痰液进行微生物培养， 若细菌培养阳性，",
0230.txt,中国肺移植供体标准及获取转运指南,2018,供心的切取供体气管插管后,气管的血供。修剪支气管周,0.4375,"、支气管的顺序来进行。分离肺动脉的鞘 膜至肺动脉第一支，贴近肺静脉分离肺静脉与支气 管之前的结缔组织，尽量保留支气管周围的结缔组织， 保证支气管的血供。修剪支气管周围过多的结缔组织， 保留贴近支气管的结缔组织。然后用超声刀对肺门 及下肺韧带部位进行止血。修剪后供肺如图3所示。"", ",
0230.txt,中国肺移植供体标准及获取转运指南,2018,快速胸部正中切口进胸,毒铺巾，胸骨正中切口,0.452277442494834,"，经过供肺 所在的OPO协调，明确多脏器获取的时间各团队统 一进行多脏器获取。"", 
""4.1\t心肺原位灌注获取"", ""供体仰卧位，常规消毒铺巾，胸骨正中切口， 逐层切开皮肤、皮下组织，分离剑突下，锯开胸骨 进胸，剪开心包，肺动脉根部荷包缝合。充分打开 心包，若心肺均拟获取采用，",
0230.txt,中国肺移植供体标准及获取转运指南,2018,"供体确定脑死亡后,气管插管,彻底吸除气道分泌物,用简易呼吸器人工控制呼吸",",气 管内插管位置正确,潮气量足够,同时经纤支镜吸净 气道分泌物以排除大",0.452732766830112,"2>300 mmHg是基本要求。尤其注意，在获 取供肺前每2 h进行1次动脉血气分析，如果动脉血 气不达标,在宣布此肺不合格之前,应通气充足,气 管内插管位置正确,潮气量足够,同时经纤支镜吸净 气道分泌物以排除大气道内分泌物阻塞,只有在排除 上述影响因素、充分通气和维持最佳体液平衡",
0230.txt,中国肺移植供体标准及获取转运指南,2018,"进行供心、肺切取,吸净气管分泌物,气管插管给氧","格之前,应通气充足,气 管内插管位置正确,潮气",0.456254383319465," PaO2/FiO2>300 mmHg是基本要求。尤其注意，在获 取供肺前每2 h进行1次动脉血气分析，如果动脉血 气不达标,在宣布此肺不合格之前,应通气充足,气 管内插管位置正确,潮气量足够,同时经纤支镜吸净 气道分泌物以排除大气道内分泌物阻塞,只有在排除 上述影响因素、充分通气",
0230.txt,中国肺移植供体标准及获取转运指南,2018,脑死亡后迅速气管插管,"气充足,气 管内插管",0.459938275132678,"FiO2>300 mmHg是基本要求。尤其注意，在获 取供肺前每2 h进行1次动脉血气分析，如果动脉血 气不达标,在宣布此肺不合格之前,应通气充足,气 管内插管位置正确,潮气量足够,同时经纤支镜吸净 气道分泌物以排除大气道内分泌物阻塞,只有在排除 上述影响因素、充分通气和维持最佳体",
0230.txt,中国肺移植供体标准及获取转运指南,2018,脑死亡后插入气管导管,"气充足,气 管内插管",0.459938275132678,"FiO2>300 mmHg是基本要求。尤其注意，在获 取供肺前每2 h进行1次动脉血气分析，如果动脉血 气不达标,在宣布此肺不合格之前,应通气充足,气 管内插管位置正确,潮气量足够,同时经纤支镜吸净 气道分泌物以排除大气道内分泌物阻塞,只有在排除 上述影响因素、充分通气和维持最佳体",
0230.txt,中国肺移植供体标准及获取转运指南,2018,脑死亡后，用麻醉机维持呼吸,，即脑死亡后停用生 命支持,0.461538461538461,"为DBD；n类国际标准化DCD,包括 Maastricht分类标准I〜汗类DCD ；出类为DBCD, 类似于Maastricht分类标准叶类，即脑死亡后停用生 命支持措施，呼吸停止、心脏停搏后的供体［6］。"", 
""我国DBD依据国家卫生和计划生育委员会脑损 伤质控评价中心制定的《",
0230.txt,中国肺移植供体标准及获取转运指南,2018,协助麻醉医生进行支纤镜检查后进行气管插管,体后，常规行纤维支气管镜（纤 支镜）检查,0.461538461538461,"， 或死亡前已经戒烟10年及以上，既往吸烟史不是供 肺的排除标准。"", ""2.3\t纤维支气管镜检查及呼吸道微生物学"", 
""在确定为潜在供体后，常规行纤维支气管镜（纤 支镜）检查，及时有效地吸净供体气道分泌物，防 止肺部感染或肺不张，并对痰液进行微生物培养， 若细菌培养阳性，则进",
0230.txt,中国肺移植供体标准及获取转运指南,2018,供肺切取:供体气管插管,气管的血供。修剪支气管,0.466666666666667,"、支气管的顺序来进行。分离肺动脉的鞘 膜至肺动脉第一支，贴近肺静脉分离肺静脉与支气 管之前的结缔组织，尽量保留支气管周围的结缔组织， 保证支气管的血供。修剪支气管周围过多的结缔组织， 保留贴近支气管的结缔组织。然后用超声刀对肺门 及下肺韧带部位进行止血。修剪后供肺如图3所示。"", ",
0230.txt,中国肺移植供体标准及获取转运指南,2018,经气管切开气管插管建立人工呼吸,"应通气充足,气 管内插管位置正",0.473798639441566,"2/FiO2>300 mmHg是基本要求。尤其注意，在获 取供肺前每2 h进行1次动脉血气分析，如果动脉血 气不达标,在宣布此肺不合格之前,应通气充足,气 管内插管位置正确,潮气量足够,同时经纤支镜吸净 气道分泌物以排除大气道内分泌物阻塞,只有在排除 上述影响因素、充分通气和维持最",
0230.txt,中国肺移植供体标准及获取转运指南,2018,"供体脑死亡后快速正中开胸,同时插入气管导管人工通气","应通气充足,气 管内插管位置正确,潮气量足够,同时",0.477986688490833,"2/FiO2>300 mmHg是基本要求。尤其注意，在获 取供肺前每2 h进行1次动脉血气分析，如果动脉血 气不达标,在宣布此肺不合格之前,应通气充足,气 管内插管位置正确,潮气量足够,同时经纤支镜吸净 气道分泌物以排除大气道内分泌物阻塞,只有在排除 上述影响因素、充分通气和维持最",
0230.txt,中国肺移植供体标准及获取转运指南,2018,"供体在确认脑死亡后,气管插管,建立人工呼吸","前,应通气充足,气 管内插管位置正确,潮气",0.49290744716289,"aO2/FiO2>300 mmHg是基本要求。尤其注意，在获 取供肺前每2 h进行1次动脉血气分析，如果动脉血 气不达标,在宣布此肺不合格之前,应通气充足,气 管内插管位置正确,潮气量足够,同时经纤支镜吸净 气道分泌物以排除大气道内分泌物阻塞,只有在排除 上述影响因素、充分通气和维",
0230.txt,中国肺移植供体标准及获取转运指南,2018,"脑死亡后,将供体取仰卧位,争取做气管插管",",应通气充足,气 管内插管位置正确,潮气",0.495495404502766,"O2/FiO2>300 mmHg是基本要求。尤其注意，在获 取供肺前每2 h进行1次动脉血气分析，如果动脉血 气不达标,在宣布此肺不合格之前,应通气充足,气 管内插管位置正确,潮气量足够,同时经纤支镜吸净 气道分泌物以排除大气道内分泌物阻塞,只有在排除 上述影响因素、充分通气和维持",
0230.txt,中国肺移植供体标准及获取转运指南,2018,供者脑死亡后迅速建立人工呼吸,心脏死亡；叶类为脑死亡后呼吸,0.49604736932103,特里赫特(Maastricht)标准 分为5类：I类为供体到达医院时宣布死亡；D类为 心肺复苏后宣布供体死亡；出类为撤除生命支持措 施后等待心脏死亡；叶类为脑死亡后呼吸停止、心 脏停搏；V类为住院患者的心脏停搏。依据《中国 心脏死亡器官捐献分类标准》，我国器官捐献分为 3类：I类为,
0230.txt,中国肺移植供体标准及获取转运指南,2018,供心保护脑死亡后用麻醉机维持呼吸,等待心脏死亡；叶类为脑死亡后呼吸,0.496884705062547,马斯特里赫特(Maastricht)标准 分为5类：I类为供体到达医院时宣布死亡；D类为 心肺复苏后宣布供体死亡；出类为撤除生命支持措 施后等待心脏死亡；叶类为脑死亡后呼吸停止、心 脏停搏；V类为住院患者的心脏停搏。依据《中国 心脏死亡器官捐献分类标准》，我国器官捐献分为 3类：I,
0230.txt,中国肺移植供体标准及获取转运指南,2018,死亡后迅速建立人工呼吸,亡；叶类为脑死亡后呼吸,0.498254793995745,特(Maastricht)标准 分为5类：I类为供体到达医院时宣布死亡；D类为 心肺复苏后宣布供体死亡；出类为撤除生命支持措 施后等待心脏死亡；叶类为脑死亡后呼吸停止、心 脏停搏；V类为住院患者的心脏停搏。依据《中国 心脏死亡器官捐献分类标准》，我国器官捐献分为 3类：I类为DBD,
0230.txt,中国肺移植供体标准及获取转运指南,2018,"脑死亡后,4例气管插管,3例面罩吸氧",",应通气充足,气 管内插管位置正确,",0.498514112623201,"O2/FiO2>300 mmHg是基本要求。尤其注意，在获 取供肺前每2 h进行1次动脉血气分析，如果动脉血 气不达标,在宣布此肺不合格之前,应通气充足,气 管内插管位置正确,潮气量足够,同时经纤支镜吸净 气道分泌物以排除大气道内分泌物阻塞,只有在排除 上述影响因素、充分通气和维持",
0230.txt,中国肺移植供体标准及获取转运指南,2018,脑死亡后立即气管内插管给氧,"应通气充足,气 管内插管位",0.49902056713188,"2/FiO2>300 mmHg是基本要求。尤其注意，在获 取供肺前每2 h进行1次动脉血气分析，如果动脉血 气不达标,在宣布此肺不合格之前,应通气充足,气 管内插管位置正确,潮气量足够,同时经纤支镜吸净 气道分泌物以排除大气道内分泌物阻塞,只有在排除 上述影响因素、充分通气和维持最",
0230.txt,中国肺移植供体标准及获取转运指南,2018,供体心肺的获取和保护..行气管插管通气,陈静瑜.肺移植供体肺的维护及获取J].,0.499565406263021,"[J] . Chest, 2015, 147(2): 309-316. DOI: 10.1378/chest.14-1748."", ""[2]陈静瑜.肺移植供体肺的维护及获取J].武汉 大学学报(医学版)，2016, 37(4): 540-542. DOI: 10.14188/j.1",
0395.txt,合并肺动脉高压的心脏移植,2018,气管切开气管插管,次插管、气管切开,0.130373643453696,"肺部并发症增 多&术后低氧、肺不张和感染等可导致FVR增加，加 剧或诱发供心急性右心衰竭的发生&因此，术后常需 要延长呼吸机辅助治疗时间，二次插管、气管切开的比 率较高［1］&"", ""心脏移植术后出现急性肾功能损伤较为常见［10］， 有移植术前心肾功能不佳的原因，也有体外循环的损 ",
0395.txt,合并肺动脉高压的心脏移植,2018,供体心肺的切取气管插管,，二次插管、气管切开的,0.384615384615385,"早期肺部并发症增 多&术后低氧、肺不张和感染等可导致FVR增加，加 剧或诱发供心急性右心衰竭的发生&因此，术后常需 要延长呼吸机辅助治疗时间，二次插管、气管切开的比 率较高［1］&"", ""心脏移植术后出现急性肾功能损伤较为常见［10］， 有移植术前心肾功能不佳的原因，也有体外循环的",
0395.txt,合并肺动脉高压的心脏移植,2018,供体平卧位，气管插管,时间，二次插管、气管,0.416666666666667,"术后早期肺部并发症增 多&术后低氧、肺不张和感染等可导致FVR增加，加 剧或诱发供心急性右心衰竭的发生&因此，术后常需 要延长呼吸机辅助治疗时间，二次插管、气管切开的比 率较高［1］&"", ""心脏移植术后出现急性肾功能损伤较为常见［10］， 有移植术前心肾功能不佳的原因，也有体外循",
0395.txt,合并肺动脉高压的心脏移植,2018,经气管切开气管插管建立人工呼吸,助治疗时间，二次插管、气管切开,0.443706088833409,"压病人术后早期肺部并发症增 多&术后低氧、肺不张和感染等可导致FVR增加，加 剧或诱发供心急性右心衰竭的发生&因此，术后常需 要延长呼吸机辅助治疗时间，二次插管、气管切开的比 率较高［1］&"", ""心脏移植术后出现急性肾功能损伤较为常见［10］， 有移植术前心肾功能不佳的原因，也有",
0395.txt,合并肺动脉高压的心脏移植,2018,"供心切取配合,护士协助医生气管插管辅助呼吸",要延长呼吸机辅助治疗时间，二次插管、气管切,0.499565406263021,"术前有肺动脉高压病人术后早期肺部并发症增 多&术后低氧、肺不张和感染等可导致FVR增加，加 剧或诱发供心急性右心衰竭的发生&因此，术后常需 要延长呼吸机辅助治疗时间，二次插管、气管切开的比 率较高［1］&"", ""心脏移植术后出现急性肾功能损伤较为常见［10］， 有移植术前心肾功能不",
0443.txt,同种异体肺移植术治疗终末期良性肺病2例体会,2018,供者气管插管,双腔气管插管,0.25,道转运至我院，供体肺冷缺血时间约7h。病例2的供体来源于本院脑死亡捐献者，冷缺血时间低于1h。受体手术方式：病例1采取序贯式双肺移植术，采用双腔气管插管，留置Ｓwan－Ｇanz气囊漂浮导管术中监测肺动脉压，先分别行左右侧单肺通气后评估肺动脉压增高情况、氧饱和度能否维持、有无二氧化碳,
0443.txt,同种异体肺移植术治疗终末期良性肺病2例体会,2018,供者行气管插管,用双腔气管插管,0.333333333333333,通道转运至我院，供体肺冷缺血时间约7h。病例2的供体来源于本院脑死亡捐献者，冷缺血时间低于1h。受体手术方式：病例1采取序贯式双肺移植术，采用双腔气管插管，留置Ｓwan－Ｇanz气囊漂浮导管术中监测肺动脉压，先分别行左右侧单肺通气后评估肺动脉压增高情况、氧饱和度能否维持、有无二氧化,
0443.txt,同种异体肺移植术治疗终末期良性肺病2例体会,2018,供体手术气管插管通气,术，采用双腔气管插管,0.382786600151632,航绿色通道转运至我院，供体肺冷缺血时间约7h。病例2的供体来源于本院脑死亡捐献者，冷缺血时间低于1h。受体手术方式：病例1采取序贯式双肺移植术，采用双腔气管插管，留置Ｓwan－Ｇanz气囊漂浮导管术中监测肺动脉压，先分别行左右侧单肺通气后评估肺动脉压增高情况、氧饱和度能否维持、有无,
0443.txt,同种异体肺移植术治疗终末期良性肺病2例体会,2018,供体平卧位，气管插管,，采用双腔气管插管，,0.382786600151632,绿色通道转运至我院，供体肺冷缺血时间约7h。病例2的供体来源于本院脑死亡捐献者，冷缺血时间低于1h。受体手术方式：病例1采取序贯式双肺移植术，采用双腔气管插管，留置Ｓwan－Ｇanz气囊漂浮导管术中监测肺动脉压，先分别行左右侧单肺通气后评估肺动脉压增高情况、氧饱和度能否维持、有无二,
0443.txt,同种异体肺移植术治疗终末期良性肺病2例体会,2018,供体手术气管插管,采用双腔气管插管,0.4,色通道转运至我院，供体肺冷缺血时间约7h。病例2的供体来源于本院脑死亡捐献者，冷缺血时间低于1h。受体手术方式：病例1采取序贯式双肺移植术，采用双腔气管插管，留置Ｓwan－Ｇanz气囊漂浮导管术中监测肺动脉压，先分别行左右侧单肺通气后评估肺动脉压增高情况、氧饱和度能否维持、有无二氧,
0443.txt,同种异体肺移植术治疗终末期良性肺病2例体会,2018,快速胸部正中切口进胸,术方式：胸骨正中切口,0.452277442494834,取供肺前再次纤维支气管镜检查段支气管以远未见明显脓性痰液，符合供体肺选用标准［1］。供受体ＡＢＯ血型及ＨＬＡ配型匹配。1．2方法供体肺获取手术方式：胸骨正中切口，经肺动脉根部荷包缝合后，在肺动脉荷包中间置入灌注管并妥善固定，切开左心耳减压，阻断肺动脉根部后，开始棉子糖低钾右旋糖酐液,
0443.txt,同种异体肺移植术治疗终末期良性肺病2例体会,2018,供肺切取:供体气管插管,取供肺前再次纤维支气管,0.455050739086934,未见明显肺部病灶，经供体肺维护后，在呼吸机参数为ＦiＯ2100％，ＰＥＥＰ5cmＨ2Ｏ状况下通气30min后测ＰaＯ2均＞300mmＨg。在取供肺前再次纤维支气管镜检查段支气管以远未见明显脓性痰液，符合供体肺选用标准［1］。供受体ＡＢＯ血型及ＨＬＡ配型匹配。1．2方法供体肺获取手术,
0443.txt,同种异体肺移植术治疗终末期良性肺病2例体会,2018,供体心肺的切取气管插管,取供肺前再次纤维支气管,0.498254793995745,未见明显肺部病灶，经供体肺维护后，在呼吸机参数为ＦiＯ2100％，ＰＥＥＰ5cmＨ2Ｏ状况下通气30min后测ＰaＯ2均＞300mmＨg。在取供肺前再次纤维支气管镜检查段支气管以远未见明显脓性痰液，符合供体肺选用标准［1］。供受体ＡＢＯ血型及ＨＬＡ配型匹配。1．2方法供体肺获取手术,
0443.txt,同种异体肺移植术治疗终末期良性肺病2例体会,2018,脑死亡后，用麻醉机维持呼吸,，经供体肺维护后，在呼吸机,0.498719588172397,．1．2供体情况两例供体均为青年脑死亡供体，分别为21岁、23岁，供体机械通气时间小于1周，无严重的肺挫伤，取供肺前胸部ＣＴ未见明显肺部病灶，经供体肺维护后，在呼吸机参数为ＦiＯ2100％，ＰＥＥＰ5cmＨ2Ｏ状况下通气30min后测ＰaＯ2均＞300mmＨg。在取供肺前再次纤维支,
0472.txt,体外膜肺氧合桥接心脏移植术的护理,2019,供体心肺的切取气管插管,气管插管与中心静脉导管,0.394594485403319,安排人员站位和机器摆 放，待准备就绪，安全快速转运患者至手术床。确认 ECMO处于正常运作状态后，妥善固定各管道并做 好清晰标识。患者均携带气管插管与中心静脉导管 入手术间，评估静脉通路是否满足手术需求，保证 2条通路，1条供麻醉药物输注，1条供输血使用。 ECMO运转期间，血小板,
0472.txt,体外膜肺氧合桥接心脏移植术的护理,2019,供心切取配合..气管插管,带气管插管与中心静脉导管,0.469669914110089,理安排人员站位和机器摆 放，待准备就绪，安全快速转运患者至手术床。确认 ECMO处于正常运作状态后，妥善固定各管道并做 好清晰标识。患者均携带气管插管与中心静脉导管 入手术间，评估静脉通路是否满足手术需求，保证 2条通路，1条供麻醉药物输注，1条供输血使用。 ECMO运转期间，血小,
0472.txt,体外膜肺氧合桥接心脏移植术的护理,2019,供心的切取供体气管插管后,带气管插管与中心静脉导管,0.469669914110089,理安排人员站位和机器摆 放，待准备就绪，安全快速转运患者至手术床。确认 ECMO处于正常运作状态后，妥善固定各管道并做 好清晰标识。患者均携带气管插管与中心静脉导管 入手术间，评估静脉通路是否满足手术需求，保证 2条通路，1条供麻醉药物输注，1条供输血使用。 ECMO运转期间，血小,
0587.txt,脑死亡患者的自主呼吸激发试验应用与安全,2020,供心的切取供体气管插管后,使用 插入气管的导管提供,0.398662205697045,"通过气管补充氧气［00］\""如果有合适的 设备，也可以将二氧化碳、氧气添加到3HM\""回路 中以改变血液Pae。?、动脉血氧分压\""此外，不使用 插入气管的导管提供高流量氧气,可以避免多种潜 在的并发症,如张力性气胸、心脏停搏、呼吸机自动 触发（ @J.K,l5K=D 59K=KD",
0587.txt,脑死亡患者的自主呼吸激发试验应用与安全,2020,供肺切取:供体气管插管,用 插入气管的导管提供,0.427108100768454,"过气管补充氧气［00］\""如果有合适的 设备，也可以将二氧化碳、氧气添加到3HM\""回路 中以改变血液Pae。?、动脉血氧分压\""此外，不使用 插入气管的导管提供高流量氧气,可以避免多种潜 在的并发症,如张力性气胸、心脏停搏、呼吸机自动 触发（ @J.K,l5K=D 59K=KD,",
0604.txt,脑死亡心脏供体的评估和管理方法探索,2018,供心的切取供体气管插管后,2供心的维护：供体管理的,0.375,肥厚的供心，只要不存在左室流出道梗阻，都应该被使用，尤其是对于受体既往有高血压病史，拥有肥厚左心室的供心可能更适应受体较高的后负荷状态。3.2供心的维护：供体管理的目标应包括良好的平均动脉压、心室容量、射血分数和心输出量，纠正酸中度、贫血及低钠血症，良好的气体交换，并使用单一的血管,
0604.txt,脑死亡心脏供体的评估和管理方法探索,2018,供体心肺的切取气管插管,供心的维护：供体管理的,0.427108100768454,厚的供心，只要不存在左室流出道梗阻，都应该被使用，尤其是对于受体既往有高血压病史，拥有肥厚左心室的供心可能更适应受体较高的后负荷状态。3.2供心的维护：供体管理的目标应包括良好的平均动脉压、心室容量、射血分数和心输出量，纠正酸中度、贫血及低钠血症，良好的气体交换，并使用单一的血管活,
0604.txt,脑死亡心脏供体的评估和管理方法探索,2018,供者脑死亡后迅速建立人工呼吸,判定供者为脑死亡状态后，供者,0.49604736932103,0μmol/L。淋巴细胞毒抗体试验阳性率均＜10％，1例供、受体体重差大于20%且小于30%，其余体重相差均在20％以内。1.3供心选择：在判定供者为脑死亡状态后，供者家属有捐献意向开始，对供者心脏进行评估。1.3.1供体评估内容（表1）：①一般情况；②体检结果；③实验室检查结果；,
0604.txt,脑死亡心脏供体的评估和管理方法探索,2018,供肺切取:供体气管插管,.2供心的维护：供体管,0.498719588172397,室肥厚的供心，只要不存在左室流出道梗阻，都应该被使用，尤其是对于受体既往有高血压病史，拥有肥厚左心室的供心可能更适应受体较高的后负荷状态。3.2供心的维护：供体管理的目标应包括良好的平均动脉压、心室容量、射血分数和心输出量，纠正酸中度、贫血及低钠血症，良好的气体交换，并使用单一的血,
0604.txt,脑死亡心脏供体的评估和管理方法探索,2018,"供体心脏的提取供心者取仰卧位,垫高胸腔,气管插管",心脏供体管理措施，可以提高心脏供体利用率，改善心,0.499226604332809,，术后通过体外膜肺氧合（ECMO）联合主动脉内球囊反搏（IABP），肾脏替代治疗（CRRT）1周后恢复。结论对于供体及受体的综合评估，有效的心脏供体管理措施，可以提高心脏供体利用率，改善心脏移植远期生存率。【关键词】器官捐献；评估标准；供者维护；心脏移植Evatuationandm,
0712.txt,中国一类捐献供体应用体外膜肺氧合技术的配合与监护,2017,供者气管插管,拔除气管插管,0.25,1心率及血压的监测持续严密的进行心电监护，重点监测收缩压、平均动脉压和心率，严格按照规范的器官捐献获取流程完成相关工作，在撤除生命支持治疗，拔除气管插管、停用升压组药物后，严密监测捐献者血流动力学改变，随时反馈给医生血压及心率的变化，为医生及时启动和中止ECMO提供依据。因为过早启,
0712.txt,中国一类捐献供体应用体外膜肺氧合技术的配合与监护,2017,气管切开气管插管,疗，拔除气管插管,0.288487526462115,2．1心率及血压的监测持续严密的进行心电监护，重点监测收缩压、平均动脉压和心率，严格按照规范的器官捐献获取流程完成相关工作，在撤除生命支持治疗，拔除气管插管、停用升压组药物后，严密监测捐献者血流动力学改变，随时反馈给医生血压及心率的变化，为医生及时启动和中止ECMO提供依据。因为过,
0712.txt,中国一类捐献供体应用体外膜肺氧合技术的配合与监护,2017,供者行气管插管,，拔除气管插管,0.333333333333333,．1心率及血压的监测持续严密的进行心电监护，重点监测收缩压、平均动脉压和心率，严格按照规范的器官捐献获取流程完成相关工作，在撤除生命支持治疗，拔除气管插管、停用升压组药物后，严密监测捐献者血流动力学改变，随时反馈给医生血压及心率的变化，为医生及时启动和中止ECMO提供依据。因为过早,
0712.txt,中国一类捐献供体应用体外膜肺氧合技术的配合与监护,2017,供体手术气管插管,疗，拔除气管插管,0.4,2．1心率及血压的监测持续严密的进行心电监护，重点监测收缩压、平均动脉压和心率，严格按照规范的器官捐献获取流程完成相关工作，在撤除生命支持治疗，拔除气管插管、停用升压组药物后，严密监测捐献者血流动力学改变，随时反馈给医生血压及心率的变化，为医生及时启动和中止ECMO提供依据。因为过,
0712.txt,中国一类捐献供体应用体外膜肺氧合技术的配合与监护,2017,供体平卧位，气管插管,持治疗，拔除气管插管,0.416666666666667,2．2．1心率及血压的监测持续严密的进行心电监护，重点监测收缩压、平均动脉压和心率，严格按照规范的器官捐献获取流程完成相关工作，在撤除生命支持治疗，拔除气管插管、停用升压组药物后，严密监测捐献者血流动力学改变，随时反馈给医生血压及心率的变化，为医生及时启动和中止ECMO提供依据。因,
0712.txt,中国一类捐献供体应用体外膜肺氧合技术的配合与监护,2017,"脑死亡后,气管插管",治疗，拔除气管插管,0.454545454545455,．2．1心率及血压的监测持续严密的进行心电监护，重点监测收缩压、平均动脉压和心率，严格按照规范的器官捐献获取流程完成相关工作，在撤除生命支持治疗，拔除气管插管、停用升压组药物后，严密监测捐献者血流动力学改变，随时反馈给医生血压及心率的变化，为医生及时启动和中止ECMO提供依据。因为,
0712.txt,中国一类捐献供体应用体外膜肺氧合技术的配合与监护,2017,供体手术气管插管通气,持治疗，拔除气管插管,0.459938275132678,2．2．1心率及血压的监测持续严密的进行心电监护，重点监测收缩压、平均动脉压和心率，严格按照规范的器官捐献获取流程完成相关工作，在撤除生命支持治疗，拔除气管插管、停用升压组药物后，严密监测捐献者血流动力学改变，随时反馈给医生血压及心率的变化，为医生及时启动和中止ECMO提供依据。因,
0735.txt,中国肺移植供肺获取与保护技术规范(2019版),2019,供者气管插管,、气管内插管,0.25,"00 mmHg是供 肺可用的基本要求。尤其注意，供肺获取前应 每2小时进行1次动脉血气分析，如不达标,在宣布 供肺不合格之前,应确保通气充足、气管内插管位置 正确及潮气量足够，经纤维支气管镜检查排除大气 道内分泌物阻塞，同时采取充分通气、维持最佳体液"", 
""% 88 %\t中华移",
0735.txt,中国肺移植供肺获取与保护技术规范(2019版),2019,气管切开气管插管,重的气管-支气管,0.278312163512968,"供者来源感染的传播风险可忽 略不计*7］。因此,纤维支气管镜下可吸净的痰液和 微生物培养阳性，不是弃用供肺的标准。若纤维支 气管镜检查发现严重的气管-支气管炎，特别是脓 性分泌物被吸出后仍从段支气管的开口涌出，提示 供肺感染严重，无法使用。"", 
""(4)胸部影像学检查 一般要求胸",
0735.txt,中国肺移植供肺获取与保护技术规范(2019版),2019,供体手术气管插管通气,通气充足、气管内插管,0.285714285714286,") ＞300 mmHg是供 肺可用的基本要求。尤其注意，供肺获取前应 每2小时进行1次动脉血气分析，如不达标,在宣布 供肺不合格之前,应确保通气充足、气管内插管位置 正确及潮气量足够，经纤维支气管镜检查排除大气 道内分泌物阻塞，同时采取充分通气、维持最佳体液"", 
""% 88 %\",
0735.txt,中国肺移植供肺获取与保护技术规范(2019版),2019,供者行气管插管,足、气管内插管,0.333333333333333,"300 mmHg是供 肺可用的基本要求。尤其注意，供肺获取前应 每2小时进行1次动脉血气分析，如不达标,在宣布 供肺不合格之前,应确保通气充足、气管内插管位置 正确及潮气量足够，经纤维支气管镜检查排除大气 道内分泌物阻塞，同时采取充分通气、维持最佳体液"", 
""% 88 %\t中华",
0735.txt,中国肺移植供肺获取与保护技术规范(2019版),2019,供体平卧位，气管插管,长期卧床及气管插管，,0.333333333333333,献。脑死亡供者神经源性肺水肿发 生率高，出现后极易发生肺部感染，同时肺水肿会引 起肺泡弥散功能下降，导致低氧血症[17-18]。此外， 由于长期卧床及气管插管，坠积性肺炎亦常发生，故 早期积极预防性抗感染治疗是必要的。病原体培养 阴性的供肺较少，但通过选用敏感抗菌药物仍能获 得较满,
0735.txt,中国肺移植供肺获取与保护技术规范(2019版),2019,"供者平卧位,气管插管",气充足、气管内插管位,0.382786600151632," ＞300 mmHg是供 肺可用的基本要求。尤其注意，供肺获取前应 每2小时进行1次动脉血气分析，如不达标,在宣布 供肺不合格之前,应确保通气充足、气管内插管位置 正确及潮气量足够，经纤维支气管镜检查排除大气 道内分泌物阻塞，同时采取充分通气、维持最佳体液"", 
""% 88 %\t",
0735.txt,中国肺移植供肺获取与保护技术规范(2019版),2019,脑死亡后迅速气管插管进行机械通气,程时，均存在气 管插管和机械通气,0.4,"肺，提高供肺 利用率；同时发现不适合作为潜在供肺的证据，避免 盲目扩大边缘供肺，影响肺移植近期及远期效果，减 少医疗资源浪费。供肺进入评估流程时，均存在气 管插管和机械通气。ICU医护人员和供肺获取医师"", ""应尽早维护供肺，提高捐献成功率。"", ""(1)抗感染治疗 我国肺移植供肺",
0735.txt,中国肺移植供肺获取与保护技术规范(2019版),2019,供体手术气管插管,充足、气管内插管,0.4,"＞300 mmHg是供 肺可用的基本要求。尤其注意，供肺获取前应 每2小时进行1次动脉血气分析，如不达标,在宣布 供肺不合格之前,应确保通气充足、气管内插管位置 正确及潮气量足够，经纤维支气管镜检查排除大气 道内分泌物阻塞，同时采取充分通气、维持最佳体液"", 
""% 88 %\t中",
0735.txt,中国肺移植供肺获取与保护技术规范(2019版),2019,"脑死亡后,气管插管",气充足、气管内插管,0.414630592995036," ＞300 mmHg是供 肺可用的基本要求。尤其注意，供肺获取前应 每2小时进行1次动脉血气分析，如不达标,在宣布 供肺不合格之前,应确保通气充足、气管内插管位置 正确及潮气量足够，经纤维支气管镜检查排除大气 道内分泌物阻塞，同时采取充分通气、维持最佳体液"", 
""% 88 %\t",
0735.txt,中国肺移植供肺获取与保护技术规范(2019版),2019,"脑死亡后气管紧急插管,纯氧通气","前,应确保通气充足、气管内插管",0.421052631578947,"/FiO2) ＞300 mmHg是供 肺可用的基本要求。尤其注意，供肺获取前应 每2小时进行1次动脉血气分析，如不达标,在宣布 供肺不合格之前,应确保通气充足、气管内插管位置 正确及潮气量足够，经纤维支气管镜检查排除大气 道内分泌物阻塞，同时采取充分通气、维持最佳体液"", 
""% ",
0735.txt,中国肺移植供肺获取与保护技术规范(2019版),2019,经气管切开气管插管建立人工呼吸,经气管插管吸痰1次，必要时经纤,0.425962152118072,镜检查、清理气道，确保肺扩张良好，尤其是防 止下叶肺不张，行胸部X线和血气检查等。有效清 除气道分泌物比积极抗感染治疗更为重要，应 每2小时经气管插管吸痰1次，必要时经纤维支气 管镜吸痰。如气道分泌物吸净后短期内镜下再次看 到脓性分泌物涌出，则应放弃该供肺。如气道中发 现水样分泌物,
0735.txt,中国肺移植供肺获取与保护技术规范(2019版),2019,供体心肺的获取和保护..行气管插管通气,管插管和机械通气。ICU医护人员和供肺,0.457862523451606,"用率；同时发现不适合作为潜在供肺的证据，避免 盲目扩大边缘供肺，影响肺移植近期及远期效果，减 少医疗资源浪费。供肺进入评估流程时，均存在气 管插管和机械通气。ICU医护人员和供肺获取医师"", ""应尽早维护供肺，提高捐献成功率。"", ""(1)抗感染治疗 我国肺移植供肺的主要来源 是脑",
0735.txt,中国肺移植供肺获取与保护技术规范(2019版),2019,脑死亡后迅速气管插管,通气充足、气管内插管,0.459938275132678,") ＞300 mmHg是供 肺可用的基本要求。尤其注意，供肺获取前应 每2小时进行1次动脉血气分析，如不达标,在宣布 供肺不合格之前,应确保通气充足、气管内插管位置 正确及潮气量足够，经纤维支气管镜检查排除大气 道内分泌物阻塞，同时采取充分通气、维持最佳体液"", 
""% 88 %\",
0735.txt,中国肺移植供肺获取与保护技术规范(2019版),2019,脑死亡后插入气管导管,通气充足、气管内插管,0.459938275132678,") ＞300 mmHg是供 肺可用的基本要求。尤其注意，供肺获取前应 每2小时进行1次动脉血气分析，如不达标,在宣布 供肺不合格之前,应确保通气充足、气管内插管位置 正确及潮气量足够，经纤维支气管镜检查排除大气 道内分泌物阻塞，同时采取充分通气、维持最佳体液"", 
""% 88 %\",
0735.txt,中国肺移植供肺获取与保护技术规范(2019版),2019,供体心肺的切取气管插管,床及气管插管，坠积性肺,0.461538461538461,死亡供者神经源性肺水肿发 生率高，出现后极易发生肺部感染，同时肺水肿会引 起肺泡弥散功能下降，导致低氧血症[17-18]。此外， 由于长期卧床及气管插管，坠积性肺炎亦常发生，故 早期积极预防性抗感染治疗是必要的。病原体培养 阴性的供肺较少，但通过选用敏感抗菌药物仍能获 得较满意的移,
0735.txt,中国肺移植供肺获取与保护技术规范(2019版),2019,"进行供心、肺切取,吸净气管分泌物,气管插管给氧","布 供肺不合格之前,应确保通气充足、气管内插管",0.463979831861754,"合指数(Pa02/FiO2) ＞300 mmHg是供 肺可用的基本要求。尤其注意，供肺获取前应 每2小时进行1次动脉血气分析，如不达标,在宣布 供肺不合格之前,应确保通气充足、气管内插管位置 正确及潮气量足够，经纤维支气管镜检查排除大气 道内分泌物阻塞，同时采取充分通气、维持最佳体",
0735.txt,中国肺移植供肺获取与保护技术规范(2019版),2019,供者脑死亡后迅速建立人工呼吸," ""脑死亡或脑心双死亡供者供",0.487177405931629,"范(2019版)’"", 
""【关键词】 肺移植；供肺选择；供肺获取；供肺保护；技术规范；标准"", ""!供者选择"", ""1.1供者选择标准"", ""脑死亡或脑心双死亡供者供肺并不一定都适合 移植。脑外伤供者可合并肺实质或支气管损伤，颅 内压升高也可引起神经源性肺水肿；昏迷状态下，可 能",
0735.txt,中国肺移植供肺获取与保护技术规范(2019版),2019,供肺切取:供体气管插管,供肺选择；供肺获取；供,0.49290744716289,"结合国际指南和临床实践， 针对肺移植供肺选择、获取和保护，制订中国肺移植供肺获取与保护技术规范(2019版)’"", 
""【关键词】 肺移植；供肺选择；供肺获取；供肺保护；技术规范；标准"", ""!供者选择"", ""1.1供者选择标准"", ""脑死亡或脑心双死亡供者供肺并不一定都适合 移植",
0735.txt,中国肺移植供肺获取与保护技术规范(2019版),2019,供心的切取供体气管插管后,获取 小组对供者的液体管,0.494818514459077,"，以尽量减轻 肺水肿等因素导致的肺功能恶化。"", 
""(3)液体管理 对于ICU医师而言，脑死亡器 官捐献供者的液体管理极具挑战性。不同器官获取 小组对供者的液体管理要求差异较大，例如供肾获 取组要求给予供者充足液体,维持肾脏的血流灌注； 而供肺获取组则要求尽量限制液体入量回，减少",
0735.txt,中国肺移植供肺获取与保护技术规范(2019版),2019,协助麻醉医生进行支纤镜检查后进行气管插管,纤维支 气管镜检查发现严重的气管-支气管,0.495495404502766,"球菌 药物预防供肺感染，供者来源感染的传播风险可忽 略不计*7］。因此,纤维支气管镜下可吸净的痰液和 微生物培养阳性，不是弃用供肺的标准。若纤维支 气管镜检查发现严重的气管-支气管炎，特别是脓 性分泌物被吸出后仍从段支气管的开口涌出，提示 供肺感染严重，无法使用。"", 
""(4)胸",
0735.txt,中国肺移植供肺获取与保护技术规范(2019版),2019,"脑死亡后,紧急气管插管",保通气充足、气管内插管,0.498719588172397,"2) ＞300 mmHg是供 肺可用的基本要求。尤其注意，供肺获取前应 每2小时进行1次动脉血气分析，如不达标,在宣布 供肺不合格之前,应确保通气充足、气管内插管位置 正确及潮气量足够，经纤维支气管镜检查排除大气 道内分泌物阻塞，同时采取充分通气、维持最佳体液"", 
""% 88 %",
0735.txt,中国肺移植供肺获取与保护技术规范(2019版),2019,脑死亡后立即气管内插管给氧,应确保通气充足、气管内插管,0.49902056713188,"iO2) ＞300 mmHg是供 肺可用的基本要求。尤其注意，供肺获取前应 每2小时进行1次动脉血气分析，如不达标,在宣布 供肺不合格之前,应确保通气充足、气管内插管位置 正确及潮气量足够，经纤维支气管镜检查排除大气 道内分泌物阻塞，同时采取充分通气、维持最佳体液"", 
""% 88",
0850.txt,心脏死亡器官捐献供体肝脏移植系统的建立和评价(附73例报告),2016,供者行气管插管,行腹主动脉插管,0.49604736932103,合上方，横切口经脐水平至两侧腋中线。入腹后剪开肝圆韧带及镰状韧带，将消毒冰屑撒在肝脏及双肾表面降温的同时，迅速判断是否适宜作供肝使用。然后先行腹主动脉插管灌注肾脏保存液3000mL＋UW液（施尔生，GenzymePolyclonalsS．A．S．，法国）500mL，依靠重力灌注，灌,
0877.txt,24例心血管手术后再次开胸心脏移植患者的临床研究,2020,快速胸部正中切口进胸,规正中开胸，根据胸部,0.416666666666667,脏移植手术。心血管手术后患者再 次开胸手术耗时较长，所以比对照组更加需要安 排好供心获取和植入的衔接时间，尽量减少冷缺 血时间。手术过程：常规正中开胸，根据胸部CT 来判断主动脉，心脏与胸骨后黏连的程度，行股动 静脉插管，建立CPB，在CPB辅助下开胸，依次游 离主动脉，肺动脉，上,
0895.txt,心脏死亡器官捐献中器官获取的手术技巧,2016,供者行气管插管,行下腔静脉插管,0.49604736932103,而低压灌注会导致灌注不良[10]。下腔静脉通畅的引流是充分有效灌注的必要条件，同时可保持术野清晰，尤其是针对肝脏热缺血时间较长的供者，可以先行下腔静脉插管引流减压，以避免循环衰竭后对肝脏有害的物质堵塞在肝脏，流出道引流管不要插入太深，其管口应位于肾静脉开口水平以下，以免压迫右肾动脉,
0895.txt,心脏死亡器官捐献中器官获取的手术技巧,2016,供肺切取:供体气管插管,性供肝”，尽管它使供体,0.498719588172397,心跳供者，可同时保护肝肾器官的质量，获取方法简单快捷、安全可靠[16]，近期移植疗效满意，值得在临床上推广。目前，DCD供肝仍然被视为“边缘性供肝”，尽管它使供体数量总体上增加了10％~20％[17]，但其发生原发性移植肝无功能及移植肝功能障碍的风险仍较大。总之，在DCD器官切取手,
1169.txt,1例再次肺移植治疗重度原发性移植物功能丧失患者的护理,2016,气管切开气管插管,口气管插管，拔管,0.198216274262727,通气治疗提供了极其重要的保证［12］。两次移植术后当日行纤维支气管镜检查，可见呼吸道黏膜充血水肿、气道大量黄色水肿液。术后第6天，顺利拔除经口气管插管，拔管后采用经鼻高流量临床实践1273CMYK_x000C_第49卷第1期2014年中华护理杂志ChinJNurs，October2016，Vo,
1169.txt,1例再次肺移植治疗重度原发性移植物功能丧失患者的护理,2016,"脑死亡后,气管插管",口气管插管，拔管后,0.299350950254629,通气治疗提供了极其重要的保证［12］。两次移植术后当日行纤维支气管镜检查，可见呼吸道黏膜充血水肿、气道大量黄色水肿液。术后第6天，顺利拔除经口气管插管，拔管后采用经鼻高流量临床实践1273CMYK_x000C_第49卷第1期2014年中华护理杂志ChinJNurs，October2016，Vo,
1169.txt,1例再次肺移植治疗重度原发性移植物功能丧失患者的护理,2016,脑死亡后迅速气管插管,经口气管插管，拔管后,0.350480947161671,械通气治疗提供了极其重要的保证［12］。两次移植术后当日行纤维支气管镜检查，可见呼吸道黏膜充血水肿、气道大量黄色水肿液。术后第6天，顺利拔除经口气管插管，拔管后采用经鼻高流量临床实践1273CMYK_x000C_第49卷第1期2014年中华护理杂志ChinJNurs，October2016，V,
1169.txt,1例再次肺移植治疗重度原发性移植物功能丧失患者的护理,2016,脑死亡后插入气管导管,经口气管插管，拔管后,0.350480947161671,械通气治疗提供了极其重要的保证［12］。两次移植术后当日行纤维支气管镜检查，可见呼吸道黏膜充血水肿、气道大量黄色水肿液。术后第6天，顺利拔除经口气管插管，拔管后采用经鼻高流量临床实践1273CMYK_x000C_第49卷第1期2014年中华护理杂志ChinJNurs，October2016，V,
1169.txt,1例再次肺移植治疗重度原发性移植物功能丧失患者的护理,2016,供体平卧位，气管插管,除经口气管插管，拔管,0.350480947161671,机械通气治疗提供了极其重要的保证［12］。两次移植术后当日行纤维支气管镜检查，可见呼吸道黏膜充血水肿、气道大量黄色水肿液。术后第6天，顺利拔除经口气管插管，拔管后采用经鼻高流量临床实践1273CMYK_x000C_第49卷第1期2014年中华护理杂志ChinJNurs，October2016，,
1169.txt,1例再次肺移植治疗重度原发性移植物功能丧失患者的护理,2016,"脑死亡后,紧急气管插管",除经口气管插管，拔管后,0.394594485403319,机械通气治疗提供了极其重要的保证［12］。两次移植术后当日行纤维支气管镜检查，可见呼吸道黏膜充血水肿、气道大量黄色水肿液。术后第6天，顺利拔除经口气管插管，拔管后采用经鼻高流量临床实践1273CMYK_x000C_第49卷第1期2014年中华护理杂志ChinJNurs，October2016，,
1169.txt,1例再次肺移植治疗重度原发性移植物功能丧失患者的护理,2016,"供者平卧位,气管插管",除经口气管插管，拔管,0.422649730810374,机械通气治疗提供了极其重要的保证［12］。两次移植术后当日行纤维支气管镜检查，可见呼吸道黏膜充血水肿、气道大量黄色水肿液。术后第6天，顺利拔除经口气管插管，拔管后采用经鼻高流量临床实践1273CMYK_x000C_第49卷第1期2014年中华护理杂志ChinJNurs，October2016，,
1169.txt,1例再次肺移植治疗重度原发性移植物功能丧失患者的护理,2016,供体心肺的切取气管插管,除经口气管插管，拔管后,0.46186176480295,机械通气治疗提供了极其重要的保证［12］。两次移植术后当日行纤维支气管镜检查，可见呼吸道黏膜充血水肿、气道大量黄色水肿液。术后第6天，顺利拔除经口气管插管，拔管后采用经鼻高流量临床实践1273CMYK_x000C_第49卷第1期2014年中华护理杂志ChinJNurs，October2016，,
1169.txt,1例再次肺移植治疗重度原发性移植物功能丧失患者的护理,2016,脑死亡后立即气管内插管给氧,除经口气管插管，拔管后采用,0.466886010016817,机械通气治疗提供了极其重要的保证［12］。两次移植术后当日行纤维支气管镜检查，可见呼吸道黏膜充血水肿、气道大量黄色水肿液。术后第6天，顺利拔除经口气管插管，拔管后采用经鼻高流量临床实践1273CMYK_x000C_第49卷第1期2014年中华护理杂志ChinJNurs，October2016，,
1169.txt,1例再次肺移植治疗重度原发性移植物功能丧失患者的护理,2016,供心的切取供体气管插管后,除经口气管插管，拔管后采,0.469669914110089,机械通气治疗提供了极其重要的保证［12］。两次移植术后当日行纤维支气管镜检查，可见呼吸道黏膜充血水肿、气道大量黄色水肿液。术后第6天，顺利拔除经口气管插管，拔管后采用经鼻高流量临床实践1273CMYK_x000C_第49卷第1期2014年中华护理杂志ChinJNurs，October2016，,
1169.txt,1例再次肺移植治疗重度原发性移植物功能丧失患者的护理,2016,供肺切取:供体气管插管,除经口气管插管，拔管后,0.49902056713188,机械通气治疗提供了极其重要的保证［12］。两次移植术后当日行纤维支气管镜检查，可见呼吸道黏膜充血水肿、气道大量黄色水肿液。术后第6天，顺利拔除经口气管插管，拔管后采用经鼻高流量临床实践1273CMYK_x000C_第49卷第1期2014年中华护理杂志ChinJNurs，October2016，,
1449.txt,心脏移植术44例的规范护理配合体会,2016,快速胸部正中切口进胸,用后，行胸骨正中切口,0.452277442494834,管理，协助ECMO手术者仔细固定导管。（2）器械护士于手术开始前半小时，洗手上台整理所有手术台上的物品，协助医生常规消毒铺巾。医生确认供心可用后，行胸骨正中切口，建立体外循环，切除患者病变心脏，在0℃0．9％氯化钠溶液中进行修剪供心，减少心肌耗氧量，有利于心脏的复搏。吻合前经主动脉,
1478.txt,14例重症特发性肺动脉高压患者肺移植术后合并急性左心衰竭的护理,2017,气管切开气管插管,气管镜观察支气管,0.278312163512968,（≤30cmH2O）降低肺损伤程度。本组机械通气时间为（7.1±2.6）d。纤维支气管镜吸痰和活检在肺移植术后具有不可替代的作用。通过纤维支气管镜观察支气管病变，发现气道异常并提供病原学和病理学依据且对气道并发症进行治疗。1例术后第2天，责任护士发现2h内该患者SpO2由99%降低,
1478.txt,14例重症特发性肺动脉高压患者肺移植术后合并急性左心衰竭的护理,2017,供体手术气管插管通气,气管镜观察支气管病变,0.428571428571429,（≤30cmH2O）降低肺损伤程度。本组机械通气时间为（7.1±2.6）d。纤维支气管镜吸痰和活检在肺移植术后具有不可替代的作用。通过纤维支气管镜观察支气管病变，发现气道异常并提供病原学和病理学依据且对气道并发症进行治疗。1例术后第2天，责任护士发现2h内该患者SpO2由99%降低,
1553.txt,心肺联合移植患者术后并发症的预防护理,2017,供心的切取供体气管插管后,，依次吻合供心和受体气管,0.494818514459077,压91mmＨg，肺毛细血管楔压13mmＨg，提示阻力型肺动脉高压。在全麻低温体外循环下行同种异体原位心肺联合移植术，术中剪除受体的心脏、肺脏，依次吻合供心和受体气管、主动脉，排气后心脏自动复跳，再行供心和受体腔静脉和肺动脉吻合，彻底止血，逐层关胸。术后对患者进行密切监护，积极防治排,
1632.txt,1例肺动脉高压患者心肺联合移植的护理,2017,供者行气管插管,再次行气管插管,0.222222222222222,3天患者出现谵妄，实施早期活动。术后第4天拔除气管插管，鼻导管给氧。术后第6天心率184次/min，血压74/48mmHg，SpO265%，再次行气管插管。术后第11天拔除气管插管，给予高流量氧疗。术后第34天转入移植病房继续治疗。2护理供心为去神经心脏，CHLT术后4.5h患者出,
1632.txt,1例肺动脉高压患者心肺联合移植的护理,2017,经气管切开气管插管建立人工呼吸,气管插管。术后第11天拔除气管,0.416159640640191,者出现谵妄，实施早期活动。术后第4天拔除气管插管，鼻导管给氧。术后第6天心率184次/min，血压74/48mmHg，SpO265%，再次行气管插管。术后第11天拔除气管插管，给予高流量氧疗。术后第34天转入移植病房继续治疗。2护理供心为去神经心脏，CHLT术后4.5h患者出现重度,
1632.txt,1例肺动脉高压患者心肺联合移植的护理,2017,脑死亡后迅速气管插管进行机械通气,行气管插管。术后第11天拔除气管,0.429912287450431,患者出现谵妄，实施早期活动。术后第4天拔除气管插管，鼻导管给氧。术后第6天心率184次/min，血压74/48mmHg，SpO265%，再次行气管插管。术后第11天拔除气管插管，给予高流量氧疗。术后第34天转入移植病房继续治疗。2护理供心为去神经心脏，CHLT术后4.5h患者出现重,
1755.txt,2例脑死亡器官捐献的胰肾联合移植术的手术配合,2020,供者行气管插管,血管走行淋巴管,0.444444444444444,"术中流程!术前常规准备 手术取 腹部正中绕脐切口（约：5 cm）,圆盘拉钩暴露术野，右 侧髂窝游离出髂内动脉、髂外静脉 结扎小血管分支及 沿血管走行淋巴管%"", "":.$.$ !移植肾血液供应的重建!心耳钳阻断髂外静 脉血供，纵行切开长约1 cm血管壁，修剪静脉壁后用 58\""Pr",
1755.txt,2例脑死亡器官捐献的胰肾联合移植术的手术配合,2020,供肺切取:供体气管插管,"善保管供 体器官,供体",0.466666666666667,"手术工作,同时使用3个手术间,根据手术进程合理计 划时间进行,从器官的获取到器官的修整和移植,器械 护士和巡回护士都应做好培训,动作轻柔,妥善保管供 体器官,供体器官在获取&修剪&移植过程中需低温保 护,制作较细的冰屑,严防污染&滑落,安排熟悉手术步 骤&责任心强&认真细致的3组护",
1828.txt,同种异体原位心脏移植治疗终末期瓣膜病1例报告,2018,快速胸部正中切口进胸,管；胸骨正中切口入胸,0.333333333333333,超检查确认心脏无器质性病变、心功能良好，维持平均动脉压在70mmＨg以上。1．2手术方法确认供心适用后将受体患者麻醉，分离右侧股动脉备动脉插管；胸骨正中切口入胸，分离粘连，上、下腔静脉缝荷包缝线备插管用。受体全身肝素化。供体正中切口，切开心包，升主动脉根部查动脉灌注管，阻断升主动脉,
1828.txt,同种异体原位心脏移植治疗终末期瓣膜病1例报告,2018,供体全身肝素化后，仰卧位，经口气管内插管,备插管用。受体全身肝素化。供体正中切口，,0.416666666666667,在70mmＨg以上。1．2手术方法确认供心适用后将受体患者麻醉，分离右侧股动脉备动脉插管；胸骨正中切口入胸，分离粘连，上、下腔静脉缝荷包缝线备插管用。受体全身肝素化。供体正中切口，切开心包，升主动脉根部查动脉灌注管，阻断升主动脉，经主动脉灌注管灌注ＨＴＫ心肌保护液，同时剪开右下肺静,
1841.txt,体外膜肺氧合在心脏死亡器官捐献供肝保护中的应用,2019,供者气管插管,及 气管插管,0.25,"- I 类和n类，ECMO的应用除了置管时机不同外， 其余操作流程相同。在供体心跳停止、经抢救无 效宣布死亡，家属签署同意书后，继续胸外按压及 气管插管持续人工呼吸，同时快速经股动、静脉行"", ""ECMO置管，立即开始ECMO循环。"", ""三、ECMO在DCD供肝保护中的应用情况""",
1841.txt,体外膜肺氧合在心脏死亡器官捐献供肝保护中的应用,2019,气管切开气管插管,按压及 气管插管,0.288487526462115,"ht- I 类和n类，ECMO的应用除了置管时机不同外， 其余操作流程相同。在供体心跳停止、经抢救无 效宣布死亡，家属签署同意书后，继续胸外按压及 气管插管持续人工呼吸，同时快速经股动、静脉行"", ""ECMO置管，立即开始ECMO循环。"", ""三、ECMO在DCD供肝保护中的应用情",
1841.txt,体外膜肺氧合在心脏死亡器官捐献供肝保护中的应用,2019,供者行气管插管,压及 气管插管,0.333333333333333,"t- I 类和n类，ECMO的应用除了置管时机不同外， 其余操作流程相同。在供体心跳停止、经抢救无 效宣布死亡，家属签署同意书后，继续胸外按压及 气管插管持续人工呼吸，同时快速经股动、静脉行"", ""ECMO置管，立即开始ECMO循环。"", ""三、ECMO在DCD供肝保护中的应用情况",
1841.txt,体外膜肺氧合在心脏死亡器官捐献供肝保护中的应用,2019,经气管切开气管插管建立人工呼吸,外按压及 气管插管持续人工呼吸,0.342561741348574,"cht- I 类和n类，ECMO的应用除了置管时机不同外， 其余操作流程相同。在供体心跳停止、经抢救无 效宣布死亡，家属签署同意书后，继续胸外按压及 气管插管持续人工呼吸，同时快速经股动、静脉行"", ""ECMO置管，立即开始ECMO循环。"", ""三、ECMO在DCD供肝保护中的应用",
1841.txt,体外膜肺氧合在心脏死亡器官捐献供肝保护中的应用,2019,供体手术气管插管,按压及 气管插管,0.4,"ht- I 类和n类，ECMO的应用除了置管时机不同外， 其余操作流程相同。在供体心跳停止、经抢救无 效宣布死亡，家属签署同意书后，继续胸外按压及 气管插管持续人工呼吸，同时快速经股动、静脉行"", ""ECMO置管，立即开始ECMO循环。"", ""三、ECMO在DCD供肝保护中的应用情",
1841.txt,体外膜肺氧合在心脏死亡器官捐献供肝保护中的应用,2019,供体全身肝素化后，仰卧位，经口气管内插管,1］，无法早期全 身肝素化导致供体血管内,0.452277442494834,"DCD供体在撤除生命支持措施前行全身肝素化 及股动静脉置管［28-29］；在英国，在供体循环停止前不 允许全身肝素化和股动静脉置管［30-31］，无法早期全 身肝素化导致供体血管内及ECMO管路中易形成 血栓。因此，ECMO用于DCD供体肝移植无法取 得满意的效果。"", ""（二）运",
1841.txt,体外膜肺氧合在心脏死亡器官捐献供肝保护中的应用,2019,"脑死亡后,气管插管",外按压及 气管插管,0.454545454545455,"cht- I 类和n类，ECMO的应用除了置管时机不同外， 其余操作流程相同。在供体心跳停止、经抢救无 效宣布死亡，家属签署同意书后，继续胸外按压及 气管插管持续人工呼吸，同时快速经股动、静脉行"", ""ECMO置管，立即开始ECMO循环。"", ""三、ECMO在DCD供肝保护中的应用",
1841.txt,体外膜肺氧合在心脏死亡器官捐献供肝保护中的应用,2019,供体手术气管插管通气,胸外按压及 气管插管,0.459938275132678,"icht- I 类和n类，ECMO的应用除了置管时机不同外， 其余操作流程相同。在供体心跳停止、经抢救无 效宣布死亡，家属签署同意书后，继续胸外按压及 气管插管持续人工呼吸，同时快速经股动、静脉行"", ""ECMO置管，立即开始ECMO循环。"", ""三、ECMO在DCD供肝保护中的应",
1841.txt,体外膜肺氧合在心脏死亡器官捐献供肝保护中的应用,2019,供肺切取:供体气管插管,供体血管内及ECMO管,0.498719588172397,"行全身肝素化 及股动静脉置管［28-29］；在英国，在供体循环停止前不 允许全身肝素化和股动静脉置管［30-31］，无法早期全 身肝素化导致供体血管内及ECMO管路中易形成 血栓。因此，ECMO用于DCD供体肝移植无法取 得满意的效果。"", ""（二）运行时间"", ""到目前为止，临床",
1841.txt,体外膜肺氧合在心脏死亡器官捐献供肝保护中的应用,2019,供体死亡后行人工呼吸、循环支持,CD供体 进行体外循环支持，结,0.49902056713188,移植中供体器官保护。1997年Johnson等四成 功实施1例供肝来自低温ECMO支持DBD供体 的肝移植手术。2003年Otero等网对DCD供体 进行体外循环支持，结果提示Maastricht- n类供 体在心外按压期间WIT不超过130 min，之后用 低温或常温的心肺旁路可,
1841.txt,体外膜肺氧合在心脏死亡器官捐献供肝保护中的应用,2019,"供体脑死亡后快速正中开胸,同时插入气管导管人工通气",胸外按压及 气管插管持续人工呼吸，同时快速经股动、,0.499680817075696,"icht- I 类和n类，ECMO的应用除了置管时机不同外， 其余操作流程相同。在供体心跳停止、经抢救无 效宣布死亡，家属签署同意书后，继续胸外按压及 气管插管持续人工呼吸，同时快速经股动、静脉行"", ""ECMO置管，立即开始ECMO循环。"", ""三、ECMO在DCD供肝保护中的应",
1843.txt,心脏移植后他克莫司预防急性排斥效果的研究,2017,供心切取配合..气管插管,.2.1供心切取：所有捐,0.465477516175151,型符合输血原则，供受体体重相差低于20%。术前均须超声心动评估供心功能情况，多巴胺、多巴酚用量＜10μg/（kg·min）。1.2手术方法1.2.1供心切取：所有捐献者家属均在术前器官获取组织（organprocurementorganazation，OPO）与红十字会签署自愿捐献,
1928.txt,肺移植围术期病人多重耐药菌感染的护理,2017,供者行气管插管,能与行气管插管,0.222222222222222,菌用套式ＰＣＲ法进行了耐药菌株基因检测，结果表明存在多重耐药情况和克隆传播医院感染。［结论］相同耐药克隆株在肺移植围术期不同病人身上流行，可能与行气管插管、呼吸机、氧气湿化瓶、病人用具、医务人员手工操作以及无心跳供体（ＤＣＤ）模式部分供体携带有关。积极的护理干预能有效控制多重耐药菌,
1928.txt,肺移植围术期病人多重耐药菌感染的护理,2017,供者气管插管,与行气管插管,0.25,用套式ＰＣＲ法进行了耐药菌株基因检测，结果表明存在多重耐药情况和克隆传播医院感染。［结论］相同耐药克隆株在肺移植围术期不同病人身上流行，可能与行气管插管、呼吸机、氧气湿化瓶、病人用具、医务人员手工操作以及无心跳供体（ＤＣＤ）模式部分供体携带有关。积极的护理干预能有效控制多重耐药菌在,
1928.txt,肺移植围术期病人多重耐药菌感染的护理,2017,气管切开气管插管,可能与行气管插管,0.288487526462115,胞菌用套式ＰＣＲ法进行了耐药菌株基因检测，结果表明存在多重耐药情况和克隆传播医院感染。［结论］相同耐药克隆株在肺移植围术期不同病人身上流行，可能与行气管插管、呼吸机、氧气湿化瓶、病人用具、医务人员手工操作以及无心跳供体（ＤＣＤ）模式部分供体携带有关。积极的护理干预能有效控制多重耐药,
1928.txt,肺移植围术期病人多重耐药菌感染的护理,2017,供体手术气管插管,可能与行气管插管,0.4,胞菌用套式ＰＣＲ法进行了耐药菌株基因检测，结果表明存在多重耐药情况和克隆传播医院感染。［结论］相同耐药克隆株在肺移植围术期不同病人身上流行，可能与行气管插管、呼吸机、氧气湿化瓶、病人用具、医务人员手工操作以及无心跳供体（ＤＣＤ）模式部分供体携带有关。积极的护理干预能有效控制多重耐药,
1928.txt,肺移植围术期病人多重耐药菌感染的护理,2017,经气管切开气管插管建立人工呼吸,可能与行气管插管、呼吸机、氧气,0.408479518248723,胞菌用套式ＰＣＲ法进行了耐药菌株基因检测，结果表明存在多重耐药情况和克隆传播医院感染。［结论］相同耐药克隆株在肺移植围术期不同病人身上流行，可能与行气管插管、呼吸机、氧气湿化瓶、病人用具、医务人员手工操作以及无心跳供体（ＤＣＤ）模式部分供体携带有关。积极的护理干预能有效控制多重耐药,
1928.txt,肺移植围术期病人多重耐药菌感染的护理,2017,供体平卧位，气管插管,，可能与行气管插管、,0.416666666666667,单胞菌用套式ＰＣＲ法进行了耐药菌株基因检测，结果表明存在多重耐药情况和克隆传播医院感染。［结论］相同耐药克隆株在肺移植围术期不同病人身上流行，可能与行气管插管、呼吸机、氧气湿化瓶、病人用具、医务人员手工操作以及无心跳供体（ＤＣＤ）模式部分供体携带有关。积极的护理干预能有效控制多重耐,
1928.txt,肺移植围术期病人多重耐药菌感染的护理,2017,"脑死亡后,气管插管",，可能与行气管插管,0.454545454545455,单胞菌用套式ＰＣＲ法进行了耐药菌株基因检测，结果表明存在多重耐药情况和克隆传播医院感染。［结论］相同耐药克隆株在肺移植围术期不同病人身上流行，可能与行气管插管、呼吸机、氧气湿化瓶、病人用具、医务人员手工操作以及无心跳供体（ＤＣＤ）模式部分供体携带有关。积极的护理干预能有效控制多重耐,
1928.txt,肺移植围术期病人多重耐药菌感染的护理,2017,供体手术气管插管通气,，可能与行气管插管、,0.459938275132678,单胞菌用套式ＰＣＲ法进行了耐药菌株基因检测，结果表明存在多重耐药情况和克隆传播医院感染。［结论］相同耐药克隆株在肺移植围术期不同病人身上流行，可能与行气管插管、呼吸机、氧气湿化瓶、病人用具、医务人员手工操作以及无心跳供体（ＤＣＤ）模式部分供体携带有关。积极的护理干预能有效控制多重耐,
1928.txt,肺移植围术期病人多重耐药菌感染的护理,2017,"进行供心、肺切取,吸净气管分泌物,气管插管给氧",同病人身上流行，可能与行气管插管、呼吸机、氧气,0.468490410441386,、37例铜绿假单胞菌用套式ＰＣＲ法进行了耐药菌株基因检测，结果表明存在多重耐药情况和克隆传播医院感染。［结论］相同耐药克隆株在肺移植围术期不同病人身上流行，可能与行气管插管、呼吸机、氧气湿化瓶、病人用具、医务人员手工操作以及无心跳供体（ＤＣＤ）模式部分供体携带有关。积极的护理干预能,
1928.txt,肺移植围术期病人多重耐药菌感染的护理,2017,脑死亡后迅速气管插管进行机械通气,，可能与行气管插管、呼吸机、氧气,0.475595575914924,单胞菌用套式ＰＣＲ法进行了耐药菌株基因检测，结果表明存在多重耐药情况和克隆传播医院感染。［结论］相同耐药克隆株在肺移植围术期不同病人身上流行，可能与行气管插管、呼吸机、氧气湿化瓶、病人用具、医务人员手工操作以及无心跳供体（ＤＣＤ）模式部分供体携带有关。积极的护理干预能有效控制多重耐,
1928.txt,肺移植围术期病人多重耐药菌感染的护理,2017,"脑死亡后气管紧急插管,纯氧通气",可能与行气管插管、呼吸机、氧气,0.499373825678241,胞菌用套式ＰＣＲ法进行了耐药菌株基因检测，结果表明存在多重耐药情况和克隆传播医院感染。［结论］相同耐药克隆株在肺移植围术期不同病人身上流行，可能与行气管插管、呼吸机、氧气湿化瓶、病人用具、医务人员手工操作以及无心跳供体（ＤＣＤ）模式部分供体携带有关。积极的护理干预能有效控制多重耐药,
2109.txt,脑死亡器官捐献者合并感染的回顾性分析,2019,供体手术气管插管,受手术、气管插管,0.2,"gan donation; Infection; T lymphocyte"", ""脑死亡是颅脑损伤最危险阶段，潜在供体在器官捐献之前多数经 受手术、气管插管、深静脉置管、留着导尿管等有创操作，往往接受 多种抗生素治疗，诱使病原耐药性增强，且急性期外周血T淋巴细胞 存在变化［1］，故",
2109.txt,脑死亡器官捐献者合并感染的回顾性分析,2019,供者气管插管,术、气管插管,0.25,"n donation; Infection; T lymphocyte"", ""脑死亡是颅脑损伤最危险阶段，潜在供体在器官捐献之前多数经 受手术、气管插管、深静脉置管、留着导尿管等有创操作，往往接受 多种抗生素治疗，诱使病原耐药性增强，且急性期外周血T淋巴细胞 存在变化［1］，故此类",
2109.txt,脑死亡器官捐献者合并感染的回顾性分析,2019,气管切开气管插管,受手术、气管插管,0.288487526462115,"gan donation; Infection; T lymphocyte"", ""脑死亡是颅脑损伤最危险阶段，潜在供体在器官捐献之前多数经 受手术、气管插管、深静脉置管、留着导尿管等有创操作，往往接受 多种抗生素治疗，诱使病原耐药性增强，且急性期外周血T淋巴细胞 存在变化［1］，故",
2109.txt,脑死亡器官捐献者合并感染的回顾性分析,2019,供体手术气管插管通气,经 受手术、气管插管,0.305634925170586,"Organ donation; Infection; T lymphocyte"", ""脑死亡是颅脑损伤最危险阶段，潜在供体在器官捐献之前多数经 受手术、气管插管、深静脉置管、留着导尿管等有创操作，往往接受 多种抗生素治疗，诱使病原耐药性增强，且急性期外周血T淋巴细胞 存在变化［1］",
2109.txt,脑死亡器官捐献者合并感染的回顾性分析,2019,供者行气管插管,手术、气管插管,0.333333333333333,"an donation; Infection; T lymphocyte"", ""脑死亡是颅脑损伤最危险阶段，潜在供体在器官捐献之前多数经 受手术、气管插管、深静脉置管、留着导尿管等有创操作，往往接受 多种抗生素治疗，诱使病原耐药性增强，且急性期外周血T淋巴细胞 存在变化［1］，故此",
2109.txt,脑死亡器官捐献者合并感染的回顾性分析,2019,脑死亡后迅速气管插管,气管插管、深静脉置管,0.422649730810374,"donation; Infection; T lymphocyte"", ""脑死亡是颅脑损伤最危险阶段，潜在供体在器官捐献之前多数经 受手术、气管插管、深静脉置管、留着导尿管等有创操作，往往接受 多种抗生素治疗，诱使病原耐药性增强，且急性期外周血T淋巴细胞 存在变化［1］，故此类患者",
2109.txt,脑死亡器官捐献者合并感染的回顾性分析,2019,脑死亡后插入气管导管,气管插管、深静脉置管,0.422649730810374,"donation; Infection; T lymphocyte"", ""脑死亡是颅脑损伤最危险阶段，潜在供体在器官捐献之前多数经 受手术、气管插管、深静脉置管、留着导尿管等有创操作，往往接受 多种抗生素治疗，诱使病原耐药性增强，且急性期外周血T淋巴细胞 存在变化［1］，故此类患者",
2109.txt,脑死亡器官捐献者合并感染的回顾性分析,2019,"供者平卧位,气管插管",气管插管、深静脉置管,0.422649730810374,"donation; Infection; T lymphocyte"", ""脑死亡是颅脑损伤最危险阶段，潜在供体在器官捐献之前多数经 受手术、气管插管、深静脉置管、留着导尿管等有创操作，往往接受 多种抗生素治疗，诱使病原耐药性增强，且急性期外周血T淋巴细胞 存在变化［1］，故此类患者",
2109.txt,脑死亡器官捐献者合并感染的回顾性分析,2019,供体平卧位，气管插管,气管插管、深静脉置管,0.422649730810374,"donation; Infection; T lymphocyte"", ""脑死亡是颅脑损伤最危险阶段，潜在供体在器官捐献之前多数经 受手术、气管插管、深静脉置管、留着导尿管等有创操作，往往接受 多种抗生素治疗，诱使病原耐药性增强，且急性期外周血T淋巴细胞 存在变化［1］，故此类患者",
2109.txt,脑死亡器官捐献者合并感染的回顾性分析,2019,"脑死亡后,气管插管", 受手术、气管插管,0.454545454545455,"rgan donation; Infection; T lymphocyte"", ""脑死亡是颅脑损伤最危险阶段，潜在供体在器官捐献之前多数经 受手术、气管插管、深静脉置管、留着导尿管等有创操作，往往接受 多种抗生素治疗，诱使病原耐药性增强，且急性期外周血T淋巴细胞 存在变化［1］，",
2109.txt,脑死亡器官捐献者合并感染的回顾性分析,2019,经气管切开气管插管建立人工呼吸, 受手术、气管插管、深静脉置管,0.478260869565217,"rgan donation; Infection; T lymphocyte"", ""脑死亡是颅脑损伤最危险阶段，潜在供体在器官捐献之前多数经 受手术、气管插管、深静脉置管、留着导尿管等有创操作，往往接受 多种抗生素治疗，诱使病原耐药性增强，且急性期外周血T淋巴细胞 存在变化［1］，",
2109.txt,脑死亡器官捐献者合并感染的回顾性分析,2019,"脑死亡后,紧急气管插管",、气管插管、深静脉置管,0.490972189619378," donation; Infection; T lymphocyte"", ""脑死亡是颅脑损伤最危险阶段，潜在供体在器官捐献之前多数经 受手术、气管插管、深静脉置管、留着导尿管等有创操作，往往接受 多种抗生素治疗，诱使病原耐药性增强，且急性期外周血T淋巴细胞 存在变化［1］，故此类患",
2109.txt,脑死亡器官捐献者合并感染的回顾性分析,2019,供体心肺的切取气管插管,、气管插管、深静脉置管,0.490972189619378," donation; Infection; T lymphocyte"", ""脑死亡是颅脑损伤最危险阶段，潜在供体在器官捐献之前多数经 受手术、气管插管、深静脉置管、留着导尿管等有创操作，往往接受 多种抗生素治疗，诱使病原耐药性增强，且急性期外周血T淋巴细胞 存在变化［1］，故此类患",
2174.txt,肺移植手术体外膜肺氧合患者术后死亡的因素分析,2016,脑死亡后插入气管导管,导丝引导下置入导管后,0.494818514459077,使用ＥＣＭＯ术中支持。使用美敦力（美国）或迈柯唯（德国）涂层套包，预充乳酸钠溶液并加入白蛋白20g。股动静脉采用肝素涂层插管，于直视下切开，导丝引导下置入导管后固定。常规监测ＥＣＭＯ流量、转速、体温、水温、ＡＣＴ、下肢血供、足背动脉搏动、氧合器血浆渗漏和泵头血栓情况，常规监测患者血,
2174.txt,肺移植手术体外膜肺氧合患者术后死亡的因素分析,2016,供者行气管插管,动脉供血管进行,0.49604736932103,股动静脉插管的远端因血流缓慢容易造成血栓的形成。动脉奢灌、充血，股静脉插管远端静脉回流相对不畅，可能是发生肢体不良反应的主要原因。通过对分支动脉供血管进行控制，可以降低插管侧股浅动脉流量，减缓、阻止肢体肿胀加重［8］。综上所述，影响ＥＣＭＯ死亡的因素有术前的心功能分级差、低心指数、,
2202.txt,心脏死亡器官捐献肝移植的供体功能维护,2016,供体平卧位，气管插管,供体器官，如气管插管,0.25,所引起的损害，可采取补充甲状腺素、肾上腺皮质激素，抗凝血、升血压、维持水电解质平衡和机械正压通气等措施。在器官维护过程中治疗处理不当也会损害供体器官，如气管插管过深、过度脱水导致的容量不足、大剂量甘露醇使用后的肾损伤、气道护理不当、呼吸及参数调节不当、无菌操作不严、长期大量使用升压,
2202.txt,心脏死亡器官捐献肝移植的供体功能维护,2016,供者气管插管,，如气管插管,0.25,损害，可采取补充甲状腺素、肾上腺皮质激素，抗凝血、升血压、维持水电解质平衡和机械正压通气等措施。在器官维护过程中治疗处理不当也会损害供体器官，如气管插管过深、过度脱水导致的容量不足、大剂量甘露醇使用后的肾损伤、气道护理不当、呼吸及参数调节不当、无菌操作不严、长期大量使用升压药物等。,
2202.txt,心脏死亡器官捐献肝移植的供体功能维护,2016,气管切开气管插管,器官，如气管插管,0.288487526462115,起的损害，可采取补充甲状腺素、肾上腺皮质激素，抗凝血、升血压、维持水电解质平衡和机械正压通气等措施。在器官维护过程中治疗处理不当也会损害供体器官，如气管插管过深、过度脱水导致的容量不足、大剂量甘露醇使用后的肾损伤、气道护理不当、呼吸及参数调节不当、无菌操作不严、长期大量使用升压药物,
2202.txt,心脏死亡器官捐献肝移植的供体功能维护,2016,供体手术气管插管通气,供体器官，如气管插管,0.305634925170586,所引起的损害，可采取补充甲状腺素、肾上腺皮质激素，抗凝血、升血压、维持水电解质平衡和机械正压通气等措施。在器官维护过程中治疗处理不当也会损害供体器官，如气管插管过深、过度脱水导致的容量不足、大剂量甘露醇使用后的肾损伤、气道护理不当、呼吸及参数调节不当、无菌操作不严、长期大量使用升压,
2202.txt,心脏死亡器官捐献肝移植的供体功能维护,2016,供者行气管插管,官，如气管插管,0.333333333333333,的损害，可采取补充甲状腺素、肾上腺皮质激素，抗凝血、升血压、维持水电解质平衡和机械正压通气等措施。在器官维护过程中治疗处理不当也会损害供体器官，如气管插管过深、过度脱水导致的容量不足、大剂量甘露醇使用后的肾损伤、气道护理不当、呼吸及参数调节不当、无菌操作不严、长期大量使用升压药物等,
2202.txt,心脏死亡器官捐献肝移植的供体功能维护,2016,供肺切取:供体气管插管,害供体器官，如气管插管,0.35549661336451,化所引起的损害，可采取补充甲状腺素、肾上腺皮质激素，抗凝血、升血压、维持水电解质平衡和机械正压通气等措施。在器官维护过程中治疗处理不当也会损害供体器官，如气管插管过深、过度脱水导致的容量不足、大剂量甘露醇使用后的肾损伤、气道护理不当、呼吸及参数调节不当、无菌操作不严、长期大量使用升,
2202.txt,心脏死亡器官捐献肝移植的供体功能维护,2016,供体心肺的切取气管插管,害供体器官，如气管插管,0.384615384615385,化所引起的损害，可采取补充甲状腺素、肾上腺皮质激素，抗凝血、升血压、维持水电解质平衡和机械正压通气等措施。在器官维护过程中治疗处理不当也会损害供体器官，如气管插管过深、过度脱水导致的容量不足、大剂量甘露醇使用后的肾损伤、气道护理不当、呼吸及参数调节不当、无菌操作不严、长期大量使用升,
2202.txt,心脏死亡器官捐献肝移植的供体功能维护,2016,供心的切取供体气管插管后,损害供体器官，如气管插管,0.398662205697045,变化所引起的损害，可采取补充甲状腺素、肾上腺皮质激素，抗凝血、升血压、维持水电解质平衡和机械正压通气等措施。在器官维护过程中治疗处理不当也会损害供体器官，如气管插管过深、过度脱水导致的容量不足、大剂量甘露醇使用后的肾损伤、气道护理不当、呼吸及参数调节不当、无菌操作不严、长期大量使用,
2202.txt,心脏死亡器官捐献肝移植的供体功能维护,2016,供体手术气管插管,器官，如气管插管,0.4,起的损害，可采取补充甲状腺素、肾上腺皮质激素，抗凝血、升血压、维持水电解质平衡和机械正压通气等措施。在器官维护过程中治疗处理不当也会损害供体器官，如气管插管过深、过度脱水导致的容量不足、大剂量甘露醇使用后的肾损伤、气道护理不当、呼吸及参数调节不当、无菌操作不严、长期大量使用升压药物,
2202.txt,心脏死亡器官捐献肝移植的供体功能维护,2016,"供者平卧位,气管插管",供体器官，如气管插管,0.416666666666667,所引起的损害，可采取补充甲状腺素、肾上腺皮质激素，抗凝血、升血压、维持水电解质平衡和机械正压通气等措施。在器官维护过程中治疗处理不当也会损害供体器官，如气管插管过深、过度脱水导致的容量不足、大剂量甘露醇使用后的肾损伤、气道护理不当、呼吸及参数调节不当、无菌操作不严、长期大量使用升压,
2202.txt,心脏死亡器官捐献肝移植的供体功能维护,2016,供心保护脑死亡后用麻醉机维持呼吸,心脏死亡器官捐献供体维护脑死亡后,0.440983005625053,它使DBD和DCD能很好地有机结合，既兼顾了两者的长处，又弱化和规避了传统文化认同中的冲突，并使捐赠程序在临床工作中更具有可操作性［6］。2心脏死亡器官捐献供体维护脑死亡后机体会发生一系列的病理生理变化，对供体器官的功能产生重要影响。常见的机制主要包括［7］：（1）神经源性休克，其,
2202.txt,心脏死亡器官捐献肝移植的供体功能维护,2016,经气管切开气管插管建立人工呼吸,管插管准备、暴露血管、血管插管,0.446403832328039,~5min，可于终止治疗前对其进行必要的医疗干预，包括血液检测和供体评估（ABO血型检测、人类白细胞抗原配型、病毒学筛查、器官功能评估）；血管插管准备、暴露血管、血管插管、原位灌注；应用抗凝药物（肝素）、血管扩张剂（酚妥拉明）、溶栓药（链激酶）［18］。相较于DBD，DCD的热缺血,
2202.txt,心脏死亡器官捐献肝移植的供体功能维护,2016,"脑死亡后,气管插管",体器官，如气管插管,0.454545454545455,引起的损害，可采取补充甲状腺素、肾上腺皮质激素，抗凝血、升血压、维持水电解质平衡和机械正压通气等措施。在器官维护过程中治疗处理不当也会损害供体器官，如气管插管过深、过度脱水导致的容量不足、大剂量甘露醇使用后的肾损伤、气道护理不当、呼吸及参数调节不当、无菌操作不严、长期大量使用升压药,
2202.txt,心脏死亡器官捐献肝移植的供体功能维护,2016,脑死亡后迅速气管插管,管插管准备、暴露血管,0.494818514459077,~5min，可于终止治疗前对其进行必要的医疗干预，包括血液检测和供体评估（ABO血型检测、人类白细胞抗原配型、病毒学筛查、器官功能评估）；血管插管准备、暴露血管、血管插管、原位灌注；应用抗凝药物（肝素）、血管扩张剂（酚妥拉明）、溶栓药（链激酶）［18］。相较于DBD，DCD的热缺血,
2202.txt,心脏死亡器官捐献肝移植的供体功能维护,2016,脑死亡后插入气管导管,管插管准备、暴露血管,0.494818514459077,~5min，可于终止治疗前对其进行必要的医疗干预，包括血液检测和供体评估（ABO血型检测、人类白细胞抗原配型、病毒学筛查、器官功能评估）；血管插管准备、暴露血管、血管插管、原位灌注；应用抗凝药物（肝素）、血管扩张剂（酚妥拉明）、溶栓药（链激酶）［18］。相较于DBD，DCD的热缺血,
2240.txt,爆发性心肌炎ECMO依赖患者心脏移植术后护理,2020,气管切开气管插管,管路。带气管插管,0.198216274262727,"n,主动脉阻断130 min,并行辅助循 环116 min$供心冷缺血时间212 min,手术结束恢复EC）： 转流并串联C//T和血浆置换管路。带气管插管转入心外科 监护室。EC）：再辅助循环2d,成功撤除。术后第2天成功 撤除EC）：转流。因引流量多，凝血功能低下，肝功能差，于",
2240.txt,爆发性心肌炎ECMO依赖患者心脏移植术后护理,2020,供者气管插管,。带气管插管,0.25,"主动脉阻断130 min,并行辅助循 环116 min$供心冷缺血时间212 min,手术结束恢复EC）： 转流并串联C//T和血浆置换管路。带气管插管转入心外科 监护室。EC）：再辅助循环2d,成功撤除。术后第2天成功 撤除EC）：转流。因引流量多，凝血功能低下，肝功能差，于 术",
2240.txt,爆发性心肌炎ECMO依赖患者心脏移植术后护理,2020,脑死亡后插入气管导管,管路。带气管插管转入,0.350480947161671,"n,主动脉阻断130 min,并行辅助循 环116 min$供心冷缺血时间212 min,手术结束恢复EC）： 转流并串联C//T和血浆置换管路。带气管插管转入心外科 监护室。EC）：再辅助循环2d,成功撤除。术后第2天成功 撤除EC）：转流。因引流量多，凝血功能低下，肝功能差，于",
2240.txt,爆发性心肌炎ECMO依赖患者心脏移植术后护理,2020,"供体确定脑死亡后,气管插管,彻底吸除气道分泌物,用简易呼吸器人工控制呼吸","病情及时吸痰,尽早拔除气管插管, 观察呼吸道分泌物颜色,性状,拍床旁片,",0.385112677189482,"充 分供氧,加快肺功能的恢复对心脏移植成功起着至关重要的 作用$因此护理人员要掌握正确的吸痰方法,严格无菌操作, 防止感染的发生[2]$根据病情及时吸痰,尽早拔除气管插管, 观察呼吸道分泌物颜色,性状,拍床旁片,监测血象,留取痰培 养。患者在术后第2天撤除EC）：转流后，生命体征平",
2240.txt,爆发性心肌炎ECMO依赖患者心脏移植术后护理,2020,供体心肺的切取气管插管,管路。带气管插管转入心,0.394594485403319,"n,主动脉阻断130 min,并行辅助循 环116 min$供心冷缺血时间212 min,手术结束恢复EC）： 转流并串联C//T和血浆置换管路。带气管插管转入心外科 监护室。EC）：再辅助循环2d,成功撤除。术后第2天成功 撤除EC）：转流。因引流量多，凝血功能低下，肝功能差，于",
2240.txt,爆发性心肌炎ECMO依赖患者心脏移植术后护理,2020,供体平卧位，气管插管,置换管路。带气管插管,0.422649730810374,"min,主动脉阻断130 min,并行辅助循 环116 min$供心冷缺血时间212 min,手术结束恢复EC）： 转流并串联C//T和血浆置换管路。带气管插管转入心外科 监护室。EC）：再辅助循环2d,成功撤除。术后第2天成功 撤除EC）：转流。因引流量多，凝血功能低下，肝功能差",
2240.txt,爆发性心肌炎ECMO依赖患者心脏移植术后护理,2020,供心切取配合..气管插管,换管路。带气管插管转入心,0.469669914110089,"in,主动脉阻断130 min,并行辅助循 环116 min$供心冷缺血时间212 min,手术结束恢复EC）： 转流并串联C//T和血浆置换管路。带气管插管转入心外科 监护室。EC）：再辅助循环2d,成功撤除。术后第2天成功 撤除EC）：转流。因引流量多，凝血功能低下，肝功能差，",
2240.txt,爆发性心肌炎ECMO依赖患者心脏移植术后护理,2020,供心的切取供体气管插管后,换管路。带气管插管转入心,0.469669914110089,"in,主动脉阻断130 min,并行辅助循 环116 min$供心冷缺血时间212 min,手术结束恢复EC）： 转流并串联C//T和血浆置换管路。带气管插管转入心外科 监护室。EC）：再辅助循环2d,成功撤除。术后第2天成功 撤除EC）：转流。因引流量多，凝血功能低下，肝功能差，",
2240.txt,爆发性心肌炎ECMO依赖患者心脏移植术后护理,2020,"供体心脏的提取供心者取仰卧位,垫高胸腔,气管插管","后的 供心,行双腔法原位心脏移植,开放循环,心脏",0.471405860129076,"经积极术前准备,在全麻体外循环下 实施同种原位心脏移植术$术中探查:左心室明显增大,心室 壁增厚,心肌收缩无力,切除病变心脏后,顺利置入修剪后的 供心,行双腔法原位心脏移植,开放循环,心脏自动复跳$手 术总体外循环时间296 min,主动脉阻断130 min,并行辅助循 环116 ",
2240.txt,爆发性心肌炎ECMO依赖患者心脏移植术后护理,2020,供肺切取:供体气管插管,浆置换管路。带气管插管,0.49902056713188," min,主动脉阻断130 min,并行辅助循 环116 min$供心冷缺血时间212 min,手术结束恢复EC）： 转流并串联C//T和血浆置换管路。带气管插管转入心外科 监护室。EC）：再辅助循环2d,成功撤除。术后第2天成功 撤除EC）：转流。因引流量多，凝血功能低下，肝功能",
2243.txt,一例同种异体肺移植术的护理配合体会,2016,供肺切取:供体气管插管,闭气管并切断，取出供肺,0.377200844670782,水予肺表面降温。肺动脉缝荷包置灌注管路，将左心耳和下腔静脉剪口，开始灌注。剪断上腔静脉和主动脉。麻醉医生吸痰膨肺，当肺处在膨胀状态时长弯钳夹闭气管并切断，取出供肺，置于无菌冰水盆中。予肺动脉、肺静脉开口正逆交替停止肺动脉灌注，直至回流液清亮无色。修剪供肺，游离肺动脉、肺静脉、支气管,
2243.txt,一例同种异体肺移植术的护理配合体会,2016,"进行供心、肺切取,吸净气管分泌物,气管插管给氧",气管、取出病肺。冲洗供肺气管，分别吻合支气管、,0.386755859328133,5肋间沿第6肋上缘开胸。进入胸腔转为右肺通气，分离心包处胸膜，至肺门剪开心包露出肺动脉，并游离出肺静脉。切断肺静脉、分离并剪断肺动脉、切断支气管、取出病肺。冲洗供肺气管，分别吻合支气管、肺动脉、肺静脉，放置胸腔闭式引流后鼓肺。开放肺动脉，肺静脉排气后吻合口打结，彻底止血，缝合切口。,
2243.txt,一例同种异体肺移植术的护理配合体会,2016,供体全身肝素化后，仰卧位，经口气管内插管,冲洗供肺气管，吸引器吸净气管内液体后，4,0.459938275132678,分离至肺门，血管切割闭合器切断肺静脉，递0号丝线牵引肺动脉，2把阻断钳阻断肺动脉并剪断，电刀切断支气管，取出病肺。递球式注洗器吸取黏膜消毒液冲洗供肺气管，吸引器吸净气管内液体后，4-0PDS缝合支气管，继而，4-0PDS缝合线间断缝合气管外组织，包住气管。5-0Prolene缝合肺,
2243.txt,一例同种异体肺移植术的护理配合体会,2016,供心的切取供体气管插管后,钳夹闭气管并切断，取出供,0.494818514459077,冰盐水予肺表面降温。肺动脉缝荷包置灌注管路，将左心耳和下腔静脉剪口，开始灌注。剪断上腔静脉和主动脉。麻醉医生吸痰膨肺，当肺处在膨胀状态时长弯钳夹闭气管并切断，取出供肺，置于无菌冰水盆中。予肺动脉、肺静脉开口正逆交替停止肺动脉灌注，直至回流液清亮无色。修剪供肺，游离肺动脉、肺静脉、支,
2312.txt,心脑死亡供肺的选择策略,2017,供者气管插管,气管导管、供,0.25,ux等［30］均指出进行肺复张试验的时机包括：①短时脱机，由于缺乏PEEP支持，导致肺泡再次塌陷，需及时进行肺复张，如施行支气管镜检查、更换气管导管、供体转运、行窒息试验后；②PaO2/FiO2下降至300mmHg以下时；③存在肺部感染、肺水肿、肺不张时。肺复张试验的方法包括：①叹,
2312.txt,心脑死亡供肺的选择策略,2017,气管切开气管插管,支气管镜检查气管,0.278312163512968,20包/年；②没有胸部外伤；③持续机械通气时间＜1周；④FiO2＝1.0，PEEP＝5，PaO2＞300mmHg；⑤胸片显示肺野相对清晰；⑥支气管镜检查气管内相对干净；⑦痰培养无特别致病菌。2供肺的评估供肺的评估采取动态评估的方式进行，由初步评估及最终评估组成。初步评估由ICU医生,
2312.txt,心脑死亡供肺的选择策略,2017,供体手术气管插管,换气管导管、供体,0.3,eux等［30］均指出进行肺复张试验的时机包括：①短时脱机，由于缺乏PEEP支持，导致肺泡再次塌陷，需及时进行肺复张，如施行支气管镜检查、更换气管导管、供体转运、行窒息试验后；②PaO2/FiO2下降至300mmHg以下时；③存在肺部感染、肺水肿、肺不张时。肺复张试验的方法包括：①,
2312.txt,心脑死亡供肺的选择策略,2017,脑死亡后迅速气管插管进行机械通气,机械通气的管理：机械通气在脑死亡,0.315346803118542,等［27］对72例脑死亡供体进行支气管镜检查时发现，胸片正常且PaO2＞400mmHg的26例供体，纤支镜异常者有10例（占38%）。3.3机械通气的管理：机械通气在脑死亡患者中往往伴随着较高的通气量，而通气量与急化肺损伤的发生发展有关［28］。传统通气模式为潮气量（tidalvo,
2312.txt,心脑死亡供肺的选择策略,2017,供者行气管插管,换气管导管、供,0.333333333333333,eux等［30］均指出进行肺复张试验的时机包括：①短时脱机，由于缺乏PEEP支持，导致肺泡再次塌陷，需及时进行肺复张，如施行支气管镜检查、更换气管导管、供体转运、行窒息试验后；②PaO2/FiO2下降至300mmHg以下时；③存在肺部感染、肺水肿、肺不张时。肺复张试验的方法包括：①,
2312.txt,心脑死亡供肺的选择策略,2017,供体手术气管插管通气,更换气管导管、供体转,0.382786600151632,seux等［30］均指出进行肺复张试验的时机包括：①短时脱机，由于缺乏PEEP支持，导致肺泡再次塌陷，需及时进行肺复张，如施行支气管镜检查、更换气管导管、供体转运、行窒息试验后；②PaO2/FiO2下降至300mmHg以下时；③存在肺部感染、肺水肿、肺不张时。肺复张试验的方法包括：,
2312.txt,心脑死亡供肺的选择策略,2017,协助麻醉医生进行支纤镜检查后进行气管插管,进行肺复张，如施行支气管镜检查、更换气管,0.384615384615385,。Mascia等［29］及Noiseux等［30］均指出进行肺复张试验的时机包括：①短时脱机，由于缺乏PEEP支持，导致肺泡再次塌陷，需及时进行肺复张，如施行支气管镜检查、更换气管导管、供体转运、行窒息试验后；②PaO2/FiO2下降至300mmHg以下时；③存在肺部感染、肺水肿、,
2312.txt,心脑死亡供肺的选择策略,2017,协助麻醉医生进行支纤镜检查后进行供体气管插管,进行肺复张，如施行支气管镜检查、更换气管导管,0.398662205697045,。Mascia等［29］及Noiseux等［30］均指出进行肺复张试验的时机包括：①短时脱机，由于缺乏PEEP支持，导致肺泡再次塌陷，需及时进行肺复张，如施行支气管镜检查、更换气管导管、供体转运、行窒息试验后；②PaO2/FiO2下降至300mmHg以下时；③存在肺部感染、肺水肿、,
2312.txt,心脑死亡供肺的选择策略,2017,供体平卧位，气管插管,更换气管导管、供体转,0.416666666666667,seux等［30］均指出进行肺复张试验的时机包括：①短时脱机，由于缺乏PEEP支持，导致肺泡再次塌陷，需及时进行肺复张，如施行支气管镜检查、更换气管导管、供体转运、行窒息试验后；②PaO2/FiO2下降至300mmHg以下时；③存在肺部感染、肺水肿、肺不张时。肺复张试验的方法包括：,
2312.txt,心脑死亡供肺的选择策略,2017,"脑死亡后气管紧急插管,纯氧通气",通气的管理：机械通气在脑死亡患,0.421052631578947,27］对72例脑死亡供体进行支气管镜检查时发现，胸片正常且PaO2＞400mmHg的26例供体，纤支镜异常者有10例（占38%）。3.3机械通气的管理：机械通气在脑死亡患者中往往伴随着较高的通气量，而通气量与急化肺损伤的发生发展有关［28］。传统通气模式为潮气量（tidalvolu,
2312.txt,心脑死亡供肺的选择策略,2017,供肺切取:供体气管插管,更换气管导管、供体转运,0.427108100768454,seux等［30］均指出进行肺复张试验的时机包括：①短时脱机，由于缺乏PEEP支持，导致肺泡再次塌陷，需及时进行肺复张，如施行支气管镜检查、更换气管导管、供体转运、行窒息试验后；②PaO2/FiO2下降至300mmHg以下时；③存在肺部感染、肺水肿、肺不张时。肺复张试验的方法包括：,
2312.txt,心脑死亡供肺的选择策略,2017,经气管切开气管插管建立人工呼吸,施行支气管镜检查、更换气管导管,0.434782608695652,等［29］及Noiseux等［30］均指出进行肺复张试验的时机包括：①短时脱机，由于缺乏PEEP支持，导致肺泡再次塌陷，需及时进行肺复张，如施行支气管镜检查、更换气管导管、供体转运、行窒息试验后；②PaO2/FiO2下降至300mmHg以下时；③存在肺部感染、肺水肿、肺不张时。肺复,
2312.txt,心脑死亡供肺的选择策略,2017,"进行供心、肺切取,吸净气管分泌物,气管插管给氧",进行肺复张，如施行支气管镜检查、更换气管导管、,0.440934607980325,。Mascia等［29］及Noiseux等［30］均指出进行肺复张试验的时机包括：①短时脱机，由于缺乏PEEP支持，导致肺泡再次塌陷，需及时进行肺复张，如施行支气管镜检查、更换气管导管、供体转运、行窒息试验后；②PaO2/FiO2下降至300mmHg以下时；③存在肺部感染、肺水肿、,
2312.txt,心脑死亡供肺的选择策略,2017,脑死亡后迅速气管插管,脑死亡供体进行支气管,0.452277442494834,，明确有无肺部感染；了解支气管黏膜有无充血水肿及有无肺水肿。其优势在于简单、快速、可视化，多数ICU医生即可完成。Riou等［27］对72例脑死亡供体进行支气管镜检查时发现，胸片正常且PaO2＞400mmHg的26例供体，纤支镜异常者有10例（占38%）。3.3机械通气的管理：机械,
2312.txt,心脑死亡供肺的选择策略,2017,脑死亡后插入气管导管,脑死亡供体进行支气管,0.452277442494834,，明确有无肺部感染；了解支气管黏膜有无充血水肿及有无肺水肿。其优势在于简单、快速、可视化，多数ICU医生即可完成。Riou等［27］对72例脑死亡供体进行支气管镜检查时发现，胸片正常且PaO2＞400mmHg的26例供体，纤支镜异常者有10例（占38%）。3.3机械通气的管理：机械,
2312.txt,心脑死亡供肺的选择策略,2017,供体心肺的切取气管插管,供选择的供肺，需细心管,0.461538461538461,满意、有无粘连、供肺有无损伤、水肿、感染、顺应性情况及是否有结核、肿瘤等病变等，完成最终评估后决定供肺的取舍。3供肺的维护初步评估后判断为可供选择的供肺，需细心管理、维护至获取之时。管理目标为维护捐赠者的整体生理状态稳定以确保移植器官数量的最大化［20］。3.1液体管理：多数患者脑,
2312.txt,心脑死亡供肺的选择策略,2017,供心的切取供体气管插管后,可供选择的供肺，需细心管,0.465477516175151,否满意、有无粘连、供肺有无损伤、水肿、感染、顺应性情况及是否有结核、肿瘤等病变等，完成最终评估后决定供肺的取舍。3供肺的维护初步评估后判断为可供选择的供肺，需细心管理、维护至获取之时。管理目标为维护捐赠者的整体生理状态稳定以确保移植器官数量的最大化［20］。3.1液体管理：多数患者,
2312.txt,心脑死亡供肺的选择策略,2017,"脑死亡后,气管插管",死亡供体进行支气管,0.497481092370394,明确有无肺部感染；了解支气管黏膜有无充血水肿及有无肺水肿。其优势在于简单、快速、可视化，多数ICU医生即可完成。Riou等［27］对72例脑死亡供体进行支气管镜检查时发现，胸片正常且PaO2＞400mmHg的26例供体，纤支镜异常者有10例（占38%）。3.3机械通气的管理：机械通,
2312.txt,心脑死亡供肺的选择策略,2017,"脑死亡后,紧急气管插管",管理：多数患者脑死亡后,0.498254793995745,评估后判断为可供选择的供肺，需细心管理、维护至获取之时。管理目标为维护捐赠者的整体生理状态稳定以确保移植器官数量的最大化［20］。3.1液体管理：多数患者脑死亡后经历过循环衰竭［21］。脑死亡后持续休克的主要原因是血管扩张性、血容量减少、尿崩症导致的低血容量及毛细血管渗漏导致的全身,
2323.txt,边缘心脏供体移植术护理配合体验,2018,供心切取配合..气管插管,..22取心护理配合取心,0.440983005625053,织配型及右心导管检查，明确患者有无手术禁忌症。2手术配合22..11取心材料准备取心材料准备准备一套常规取心装置及心脏停搏液（HTK）。22..22取心护理配合取心护理配合心脏热缺血和冷缺血时间是移植成功的关键，这需要护士组掌握外科手术步骤。确认供体脑死亡并完成相关程序后，高效碘消,
2370.txt,2例濒危状态终末期肺病患者双肺移植围术期护理体会,2016,供者气管插管,者，气管插管,0.125,酸血症（PaCO2＞80mmHg）及昏迷，在ICU机械通气维持呼吸20d后行双肺移植。1．2供体情况例1“O”型供体，44岁男性，脑死亡捐献者，气管插管呼吸机支持5d，经评估氧合指数＞400，期间曾因发热血象高于泰能抗感染治疗，无吸烟史。例2“O”型供体，49岁男性，脑死亡捐献者，,
2370.txt,2例濒危状态终末期肺病患者双肺移植围术期护理体会,2016,供者行气管插管,献者，气管插管,0.222222222222222,碳酸血症（PaCO2＞80mmHg）及昏迷，在ICU机械通气维持呼吸20d后行双肺移植。1．2供体情况例1“O”型供体，44岁男性，脑死亡捐献者，气管插管呼吸机支持5d，经评估氧合指数＞400，期间曾因发热血象高于泰能抗感染治疗，无吸烟史。例2“O”型供体，49岁男性，脑死亡捐献者,
2370.txt,2例濒危状态终末期肺病患者双肺移植围术期护理体会,2016,"脑死亡后,紧急气管插管",脑死亡捐献者，气管插管,0.307692307692308,在严重高碳酸血症（PaCO2＞80mmHg）及昏迷，在ICU机械通气维持呼吸20d后行双肺移植。1．2供体情况例1“O”型供体，44岁男性，脑死亡捐献者，气管插管呼吸机支持5d，经评估氧合指数＞400，期间曾因发热血象高于泰能抗感染治疗，无吸烟史。例2“O”型供体，49岁男性，脑死,
2370.txt,2例濒危状态终末期肺病患者双肺移植围术期护理体会,2016,脑死亡后迅速气管插管,死亡捐献者，气管插管,0.333333333333333,严重高碳酸血症（PaCO2＞80mmHg）及昏迷，在ICU机械通气维持呼吸20d后行双肺移植。1．2供体情况例1“O”型供体，44岁男性，脑死亡捐献者，气管插管呼吸机支持5d，经评估氧合指数＞400，期间曾因发热血象高于泰能抗感染治疗，无吸烟史。例2“O”型供体，49岁男性，脑死亡,
2370.txt,2例濒危状态终末期肺病患者双肺移植围术期护理体会,2016,脑死亡后插入气管导管,死亡捐献者，气管插管,0.333333333333333,严重高碳酸血症（PaCO2＞80mmHg）及昏迷，在ICU机械通气维持呼吸20d后行双肺移植。1．2供体情况例1“O”型供体，44岁男性，脑死亡捐献者，气管插管呼吸机支持5d，经评估氧合指数＞400，期间曾因发热血象高于泰能抗感染治疗，无吸烟史。例2“O”型供体，49岁男性，脑死亡,
2370.txt,2例濒危状态终末期肺病患者双肺移植围术期护理体会,2016,"脑死亡后,气管插管",亡捐献者，气管插管,0.363636363636364,重高碳酸血症（PaCO2＞80mmHg）及昏迷，在ICU机械通气维持呼吸20d后行双肺移植。1．2供体情况例1“O”型供体，44岁男性，脑死亡捐献者，气管插管呼吸机支持5d，经评估氧合指数＞400，期间曾因发热血象高于泰能抗感染治疗，无吸烟史。例2“O”型供体，49岁男性，脑死亡捐,
2370.txt,2例濒危状态终末期肺病患者双肺移植围术期护理体会,2016,"供者平卧位,气管插管",死亡捐献者，气管插管,0.416666666666667,严重高碳酸血症（PaCO2＞80mmHg）及昏迷，在ICU机械通气维持呼吸20d后行双肺移植。1．2供体情况例1“O”型供体，44岁男性，脑死亡捐献者，气管插管呼吸机支持5d，经评估氧合指数＞400，期间曾因发热血象高于泰能抗感染治疗，无吸烟史。例2“O”型供体，49岁男性，脑死亡,
2370.txt,2例濒危状态终末期肺病患者双肺移植围术期护理体会,2016,供体平卧位，气管插管,死亡捐献者，气管插管,0.416666666666667,严重高碳酸血症（PaCO2＞80mmHg）及昏迷，在ICU机械通气维持呼吸20d后行双肺移植。1．2供体情况例1“O”型供体，44岁男性，脑死亡捐献者，气管插管呼吸机支持5d，经评估氧合指数＞400，期间曾因发热血象高于泰能抗感染治疗，无吸烟史。例2“O”型供体，49岁男性，脑死亡,
2370.txt,2例濒危状态终末期肺病患者双肺移植围术期护理体会,2016,"脑死亡后气管紧急插管,纯氧通气",脑死亡捐献者，气管插管呼吸机支,0.443585115925343,在严重高碳酸血症（PaCO2＞80mmHg）及昏迷，在ICU机械通气维持呼吸20d后行双肺移植。1．2供体情况例1“O”型供体，44岁男性，脑死亡捐献者，气管插管呼吸机支持5d，经评估氧合指数＞400，期间曾因发热血象高于泰能抗感染治疗，无吸烟史。例2“O”型供体，49岁男性，脑死,
2370.txt,2例濒危状态终末期肺病患者双肺移植围术期护理体会,2016,脑死亡后用麻醉机维持呼吸,后维持气管切开呼吸机支持,0.459938275132678,［3］，住院55d，痊愈出院，出院时患者自主活动，不吸氧状态血氧饱和度（SPO2）＞98%。例2，供肺冷缺血时间分别为左侧3h，右侧5h，术后维持气管切开呼吸机支持呼吸20h后撤机，术后56d拔除气管切开套管，强化抗排异处理，顺利渡过肺部感染和撤机困难关。术后住院78d，痊愈出院。,
2370.txt,2例濒危状态终末期肺病患者双肺移植围术期护理体会,2016,供体全身肝素化后，仰卧位，经口气管内插管,供体，49岁男性，脑死亡捐献者，气管插管,0.459938275132678,型供体，44岁男性，脑死亡捐献者，气管插管呼吸机支持5d，经评估氧合指数＞400，期间曾因发热血象高于泰能抗感染治疗，无吸烟史。例2“O”型供体，49岁男性，脑死亡捐献者，气管插管呼吸机支持1d，经评估氧合指数＞400，吸烟史10支×20年。1．3治疗方法及结果两例患者分别在双腔气,
2370.txt,2例濒危状态终末期肺病患者双肺移植围术期护理体会,2016,脑死亡后，用麻醉机维持呼吸,h，术后维持气管切开呼吸机,0.461538461538461,异处理［3］，住院55d，痊愈出院，出院时患者自主活动，不吸氧状态血氧饱和度（SPO2）＞98%。例2，供肺冷缺血时间分别为左侧3h，右侧5h，术后维持气管切开呼吸机支持呼吸20h后撤机，术后56d拔除气管切开套管，强化抗排异处理，顺利渡过肺部感染和撤机困难关。术后住院78d，痊愈,
2370.txt,2例濒危状态终末期肺病患者双肺移植围术期护理体会,2016,供体心肺的切取气管插管,腔气管插管全麻下行双肺,0.461538461538461,型供体，49岁男性，脑死亡捐献者，气管插管呼吸机支持1d，经评估氧合指数＞400，吸烟史10支×20年。1．3治疗方法及结果两例患者分别在双腔气管插管全麻下行双肺序贯移植术，先后作两侧胸部切口，先切除病肺，供体肺经修整后植入受体胸腔，按支气管-肺动脉-左房袖顺序吻合［2］。例1，患,
2370.txt,2例濒危状态终末期肺病患者双肺移植围术期护理体会,2016,供肺切取:供体气管插管,腔气管插管全麻下行双肺,0.498719588172397,型供体，49岁男性，脑死亡捐献者，气管插管呼吸机支持1d，经评估氧合指数＞400，吸烟史10支×20年。1．3治疗方法及结果两例患者分别在双腔气管插管全麻下行双肺序贯移植术，先后作两侧胸部切口，先切除病肺，供体肺经修整后植入受体胸腔，按支气管-肺动脉-左房袖顺序吻合［2］。例1，患,
2379.txt,心脏死亡器官捐献供肝肝移植182例单中心经验总结,2017,供者气管插管,拔除气管插管,0.25,间（，h）5.0±1.65.4±1.8>0.05_x000C_第5期胡良硕等．心脏死亡器官捐献供肝肝移植182例单中心经验总结·383·进行评分，均属于拔除气管插管后60min内死亡风险高危组[5]。在手术室内撤除生命支持，心脏停搏后5min，根据心脏死亡判定标准宣布心脏死亡。采用经腹主动脉、,
2379.txt,心脏死亡器官捐献供肝肝移植182例单中心经验总结,2017,气管切开气管插管,属于拔除气管插管,0.288487526462115,血时间（，h）5.0±1.65.4±1.8>0.05_x000C_第5期胡良硕等．心脏死亡器官捐献供肝肝移植182例单中心经验总结·383·进行评分，均属于拔除气管插管后60min内死亡风险高危组[5]。在手术室内撤除生命支持，心脏停搏后5min，根据心脏死亡判定标准宣布心脏死亡。采用经腹主动,
2379.txt,心脏死亡器官捐献供肝肝移植182例单中心经验总结,2017,供者行气管插管,于拔除气管插管,0.333333333333333,时间（，h）5.0±1.65.4±1.8>0.05_x000C_第5期胡良硕等．心脏死亡器官捐献供肝肝移植182例单中心经验总结·383·进行评分，均属于拔除气管插管后60min内死亡风险高危组[5]。在手术室内撤除生命支持，心脏停搏后5min，根据心脏死亡判定标准宣布心脏死亡。采用经腹主动脉,
2379.txt,心脏死亡器官捐献供肝肝移植182例单中心经验总结,2017,脑死亡后立即气管内插管给氧,气管插管后60min内死亡,0.333333333333333,，h）5.0±1.65.4±1.8>0.05_x000C_第5期胡良硕等．心脏死亡器官捐献供肝肝移植182例单中心经验总结·383·进行评分，均属于拔除气管插管后60min内死亡风险高危组[5]。在手术室内撤除生命支持，心脏停搏后5min，根据心脏死亡判定标准宣布心脏死亡。采用经腹主动脉、门静,
2379.txt,心脏死亡器官捐献供肝肝移植182例单中心经验总结,2017,"脑死亡后,气管插管",属于拔除气管插管后,0.363636363636364,血时间（，h）5.0±1.65.4±1.8>0.05_x000C_第5期胡良硕等．心脏死亡器官捐献供肝肝移植182例单中心经验总结·383·进行评分，均属于拔除气管插管后60min内死亡风险高危组[5]。在手术室内撤除生命支持，心脏停搏后5min，根据心脏死亡判定标准宣布心脏死亡。采用经腹主动,
2379.txt,心脏死亡器官捐献供肝肝移植182例单中心经验总结,2017,供体手术气管插管,属于拔除气管插管,0.4,血时间（，h）5.0±1.65.4±1.8>0.05_x000C_第5期胡良硕等．心脏死亡器官捐献供肝肝移植182例单中心经验总结·383·进行评分，均属于拔除气管插管后60min内死亡风险高危组[5]。在手术室内撤除生命支持，心脏停搏后5min，根据心脏死亡判定标准宣布心脏死亡。采用经腹主动,
2379.txt,心脏死亡器官捐献供肝肝移植182例单中心经验总结,2017,脑死亡后迅速气管插管,均属于拔除气管插管后,0.416666666666667,缺血时间（，h）5.0±1.65.4±1.8>0.05_x000C_第5期胡良硕等．心脏死亡器官捐献供肝肝移植182例单中心经验总结·383·进行评分，均属于拔除气管插管后60min内死亡风险高危组[5]。在手术室内撤除生命支持，心脏停搏后5min，根据心脏死亡判定标准宣布心脏死亡。采用经腹主,
2379.txt,心脏死亡器官捐献供肝肝移植182例单中心经验总结,2017,脑死亡后插入气管导管,均属于拔除气管插管后,0.416666666666667,缺血时间（，h）5.0±1.65.4±1.8>0.05_x000C_第5期胡良硕等．心脏死亡器官捐献供肝肝移植182例单中心经验总结·383·进行评分，均属于拔除气管插管后60min内死亡风险高危组[5]。在手术室内撤除生命支持，心脏停搏后5min，根据心脏死亡判定标准宣布心脏死亡。采用经腹主,
2379.txt,心脏死亡器官捐献供肝肝移植182例单中心经验总结,2017,供体平卧位，气管插管,，均属于拔除气管插管,0.416666666666667,冷缺血时间（，h）5.0±1.65.4±1.8>0.05_x000C_第5期胡良硕等．心脏死亡器官捐献供肝肝移植182例单中心经验总结·383·进行评分，均属于拔除气管插管后60min内死亡风险高危组[5]。在手术室内撤除生命支持，心脏停搏后5min，根据心脏死亡判定标准宣布心脏死亡。采用经腹,
2379.txt,心脏死亡器官捐献供肝肝移植182例单中心经验总结,2017,"脑死亡后气管紧急插管,纯氧通气",拔除气管插管后60min内死亡,0.443585115925343,间（，h）5.0±1.65.4±1.8>0.05_x000C_第5期胡良硕等．心脏死亡器官捐献供肝肝移植182例单中心经验总结·383·进行评分，均属于拔除气管插管后60min内死亡风险高危组[5]。在手术室内撤除生命支持，心脏停搏后5min，根据心脏死亡判定标准宣布心脏死亡。采用经腹主动脉、,
2379.txt,心脏死亡器官捐献供肝肝移植182例单中心经验总结,2017,供体手术气管插管通气,，均属于拔除气管插管,0.459938275132678,冷缺血时间（，h）5.0±1.65.4±1.8>0.05_x000C_第5期胡良硕等．心脏死亡器官捐献供肝肝移植182例单中心经验总结·383·进行评分，均属于拔除气管插管后60min内死亡风险高危组[5]。在手术室内撤除生命支持，心脏停搏后5min，根据心脏死亡判定标准宣布心脏死亡。采用经腹,
2379.txt,心脏死亡器官捐献供肝肝移植182例单中心经验总结,2017,"脑死亡后,紧急气管插管",，均属于拔除气管插管后,0.461538461538461,冷缺血时间（，h）5.0±1.65.4±1.8>0.05_x000C_第5期胡良硕等．心脏死亡器官捐献供肝肝移植182例单中心经验总结·383·进行评分，均属于拔除气管插管后60min内死亡风险高危组[5]。在手术室内撤除生命支持，心脏停搏后5min，根据心脏死亡判定标准宣布心脏死亡。采用经腹,
2379.txt,心脏死亡器官捐献供肝肝移植182例单中心经验总结,2017,脑死亡后迅速气管插管进行机械通气,·进行评分，均属于拔除气管插管后,0.47295372330527,>0.05冷缺血时间（，h）5.0±1.65.4±1.8>0.05_x000C_第5期胡良硕等．心脏死亡器官捐献供肝肝移植182例单中心经验总结·383·进行评分，均属于拔除气管插管后60min内死亡风险高危组[5]。在手术室内撤除生命支持，心脏停搏后5min，根据心脏死亡判定标准宣布心脏死亡,
2401.txt,146例脑死亡器官捐献心脏移植手术期管理,2016,供心的切取供体气管插管后,体的处理方法：供心切取后,0.422649730810374,动脉根部顺行灌注冷心肌保护液，并维持速度和压力，使心肌得到有效灌注并均匀降温。同时倒0~4℃无菌0．9％氯化钠降低心脏表面温度。转运过程中具体的处理方法：供心切取后立即置入盛有4℃ＨＴＫ液的无菌标本袋内，排除袋内空气，扎紧袋口，再将此袋放入第2个盛有冰泥的无菌标本袋并扎紧，最后置于,
2401.txt,146例脑死亡器官捐献心脏移植手术期管理,2016,快速胸部正中切口进胸,毒铺巾，胸骨正中切口,0.452277442494834,例，心脏肿瘤4例，先天性心脏病15例。术前心功能均为ＮＹＨＡ－Ⅳ级，内科保守治疗无效，预期寿命＜1年。1．2供心获取术捐献者取平卧位，常规消毒铺巾，胸骨正中切口入路，纵行劈开胸骨，倒Ｔ型切开心包显露心脏。阻断升主动脉，于阻断钳近端插针灌注冷晶体停搏液1000ml，同时剪开右上肺静脉,
2401.txt,146例脑死亡器官捐献心脏移植手术期管理,2016,供心切取配合..气管插管,死亡供心获取中的配合与管,0.494818514459077,内开展ＤＢＤ心脏移植的例数和经验仍十分有限。同以往传统供心相比，脑死亡供体术前状况及获取时机存在更多影响因素，术中处理存在其特殊性。因此对脑死亡供心获取中的配合与管理，移植术中病情观察和护理需要探讨与总结。1临床资料1．1一般资料回顾性分析2013－01－2015－07在我院实施的,
2401.txt,146例脑死亡器官捐献心脏移植手术期管理,2016,供体心肺的切取气管插管,亡供心获取中的配合与管,0.498254793995745,开展ＤＢＤ心脏移植的例数和经验仍十分有限。同以往传统供心相比，脑死亡供体术前状况及获取时机存在更多影响因素，术中处理存在其特殊性。因此对脑死亡供心获取中的配合与管理，移植术中病情观察和护理需要探讨与总结。1临床资料1．1一般资料回顾性分析2013－01－2015－07在我院实施的1,
2405.txt,心脏死亡供肺肺移植临床分析,2017,供者气管插管,受者气管插管,0.125,液清澈为止，手部触摸检查有无明显肿块．完毕后将供肺保存于低温ＲLPD液中，送至手术室待移植．移植手术方式详见文献［2］．1．4术后管理术后对受者气管插管转运至ICU，持续吸氧，监测动脉血气防止氧中毒．控制体液平衡，术后早期维持负平衡防止肺水肿，应用他克莫司+吗替麦考酚酯+皮质激素预,
2405.txt,心脏死亡供肺肺移植临床分析,2017,供者行气管插管,对受者气管插管,0.222222222222222,出液清澈为止，手部触摸检查有无明显肿块．完毕后将供肺保存于低温ＲLPD液中，送至手术室待移植．移植手术方式详见文献［2］．1．4术后管理术后对受者气管插管转运至ICU，持续吸氧，监测动脉血气防止氧中毒．控制体液平衡，术后早期维持负平衡防止肺水肿，应用他克莫司+吗替麦考酚酯+皮质激素,
2405.txt,心脏死亡供肺肺移植临床分析,2017,气管切开气管插管,后对受者气管插管,0.288487526462115,流出液清澈为止，手部触摸检查有无明显肿块．完毕后将供肺保存于低温ＲLPD液中，送至手术室待移植．移植手术方式详见文献［2］．1．4术后管理术后对受者气管插管转运至ICU，持续吸氧，监测动脉血气防止氧中毒．控制体液平衡，术后早期维持负平衡防止肺水肿，应用他克莫司+吗替麦考酚酯+皮质激,
2405.txt,心脏死亡供肺肺移植临床分析,2017,"脑死亡后,气管插管",术后对受者气管插管,0.363636363636364,脉流出液清澈为止，手部触摸检查有无明显肿块．完毕后将供肺保存于低温ＲLPD液中，送至手术室待移植．移植手术方式详见文献［2］．1．4术后管理术后对受者气管插管转运至ICU，持续吸氧，监测动脉血气防止氧中毒．控制体液平衡，术后早期维持负平衡防止肺水肿，应用他克莫司+吗替麦考酚酯+皮质,
2405.txt,心脏死亡供肺肺移植临床分析,2017,供体手术气管插管通气,管理术后对受者气管插,0.382786600151632,肺动脉流出液清澈为止，手部触摸检查有无明显肿块．完毕后将供肺保存于低温ＲLPD液中，送至手术室待移植．移植手术方式详见文献［2］．1．4术后管理术后对受者气管插管转运至ICU，持续吸氧，监测动脉血气防止氧中毒．控制体液平衡，术后早期维持负平衡防止肺水肿，应用他克莫司+吗替麦考酚酯+,
2405.txt,心脏死亡供肺肺移植临床分析,2017,"脑死亡后,紧急气管插管",管理术后对受者气管插管,0.394594485403319,肺动脉流出液清澈为止，手部触摸检查有无明显肿块．完毕后将供肺保存于低温ＲLPD液中，送至手术室待移植．移植手术方式详见文献［2］．1．4术后管理术后对受者气管插管转运至ICU，持续吸氧，监测动脉血气防止氧中毒．控制体液平衡，术后早期维持负平衡防止肺水肿，应用他克莫司+吗替麦考酚酯+,
2405.txt,心脏死亡供肺肺移植临床分析,2017,供体手术气管插管,后对受者气管插管,0.4,流出液清澈为止，手部触摸检查有无明显肿块．完毕后将供肺保存于低温ＲLPD液中，送至手术室待移植．移植手术方式详见文献［2］．1．4术后管理术后对受者气管插管转运至ICU，持续吸氧，监测动脉血气防止氧中毒．控制体液平衡，术后早期维持负平衡防止肺水肿，应用他克莫司+吗替麦考酚酯+皮质激,
2405.txt,心脏死亡供肺肺移植临床分析,2017,脑死亡后迅速气管插管,管理术后对受者气管插,0.416666666666667,肺动脉流出液清澈为止，手部触摸检查有无明显肿块．完毕后将供肺保存于低温ＲLPD液中，送至手术室待移植．移植手术方式详见文献［2］．1．4术后管理术后对受者气管插管转运至ICU，持续吸氧，监测动脉血气防止氧中毒．控制体液平衡，术后早期维持负平衡防止肺水肿，应用他克莫司+吗替麦考酚酯+,
2405.txt,心脏死亡供肺肺移植临床分析,2017,脑死亡后插入气管导管,管理术后对受者气管插,0.416666666666667,肺动脉流出液清澈为止，手部触摸检查有无明显肿块．完毕后将供肺保存于低温ＲLPD液中，送至手术室待移植．移植手术方式详见文献［2］．1．4术后管理术后对受者气管插管转运至ICU，持续吸氧，监测动脉血气防止氧中毒．控制体液平衡，术后早期维持负平衡防止肺水肿，应用他克莫司+吗替麦考酚酯+,
2405.txt,心脏死亡供肺肺移植临床分析,2017,"供者平卧位,气管插管",管理术后对受者气管插,0.416666666666667,肺动脉流出液清澈为止，手部触摸检查有无明显肿块．完毕后将供肺保存于低温ＲLPD液中，送至手术室待移植．移植手术方式详见文献［2］．1．4术后管理术后对受者气管插管转运至ICU，持续吸氧，监测动脉血气防止氧中毒．控制体液平衡，术后早期维持负平衡防止肺水肿，应用他克莫司+吗替麦考酚酯+,
2405.txt,心脏死亡供肺肺移植临床分析,2017,脑死亡后立即气管内插管给氧,后管理术后对受者气管插管转,0.436563830180989,至肺动脉流出液清澈为止，手部触摸检查有无明显肿块．完毕后将供肺保存于低温ＲLPD液中，送至手术室待移植．移植手术方式详见文献［2］．1．4术后管理术后对受者气管插管转运至ICU，持续吸氧，监测动脉血气防止氧中毒．控制体液平衡，术后早期维持负平衡防止肺水肿，应用他克莫司+吗替麦考酚酯,
2405.txt,心脏死亡供肺肺移植临床分析,2017,供心的切取供体气管插管后,后管理术后对受者气管插管,0.440983005625053,至肺动脉流出液清澈为止，手部触摸检查有无明显肿块．完毕后将供肺保存于低温ＲLPD液中，送至手术室待移植．移植手术方式详见文献［2］．1．4术后管理术后对受者气管插管转运至ICU，持续吸氧，监测动脉血气防止氧中毒．控制体液平衡，术后早期维持负平衡防止肺水肿，应用他克莫司+吗替麦考酚酯,
2405.txt,心脏死亡供肺肺移植临床分析,2017,供体平卧位，气管插管,手术方式供体平卧位，,0.452277442494834,制液体，使EVLW＜10mL/kg，在保证血压稳定的基础上，必要时应用利尿剂来保持负平衡．根据供者体重，应用激素15mg/kg甲强龙．1．3手术方式供体平卧位，胸骨正中开胸．我院应用自行研制的棉子糖低钾右旋糖酐液（ＲLPD）［1］作保护液．在肺灌注前经肺动脉注入肝素．先应用ＲLPD,
2405.txt,心脏死亡供肺肺移植临床分析,2017,经气管切开气管插管建立人工呼吸,管理术后对受者气管插管转运至I,0.453981093768052,肺动脉流出液清澈为止，手部触摸检查有无明显肿块．完毕后将供肺保存于低温ＲLPD液中，送至手术室待移植．移植手术方式详见文献［2］．1．4术后管理术后对受者气管插管转运至ICU，持续吸氧，监测动脉血气防止氧中毒．控制体液平衡，术后早期维持负平衡防止肺水肿，应用他克莫司+吗替麦考酚酯+,
2405.txt,心脏死亡供肺肺移植临床分析,2017,供体心肺的切取气管插管,管理术后对受者气管插管,0.46186176480295,肺动脉流出液清澈为止，手部触摸检查有无明显肿块．完毕后将供肺保存于低温ＲLPD液中，送至手术室待移植．移植手术方式详见文献［2］．1．4术后管理术后对受者气管插管转运至ICU，持续吸氧，监测动脉血气防止氧中毒．控制体液平衡，术后早期维持负平衡防止肺水肿，应用他克莫司+吗替麦考酚酯+,
2405.txt,心脏死亡供肺肺移植临床分析,2017,"脑死亡后气管紧急插管,纯氧通气",后管理术后对受者气管插管转运至,0.473798639441566,至肺动脉流出液清澈为止，手部触摸检查有无明显肿块．完毕后将供肺保存于低温ＲLPD液中，送至手术室待移植．移植手术方式详见文献［2］．1．4术后管理术后对受者气管插管转运至ICU，持续吸氧，监测动脉血气防止氧中毒．控制体液平衡，术后早期维持负平衡防止肺水肿，应用他克莫司+吗替麦考酚酯,
2405.txt,心脏死亡供肺肺移植临床分析,2017,脑死亡后迅速气管插管进行机械通气,后管理术后对受者气管插管转运至I,0.497920988953598,至肺动脉流出液清澈为止，手部触摸检查有无明显肿块．完毕后将供肺保存于低温ＲLPD液中，送至手术室待移植．移植手术方式详见文献［2］．1．4术后管理术后对受者气管插管转运至ICU，持续吸氧，监测动脉血气防止氧中毒．控制体液平衡，术后早期维持负平衡防止肺水肿，应用他克莫司+吗替麦考酚酯,
2405.txt,心脏死亡供肺肺移植临床分析,2017,供肺切取:供体气管插管,管理术后对受者气管插管,0.49902056713188,肺动脉流出液清澈为止，手部触摸检查有无明显肿块．完毕后将供肺保存于低温ＲLPD液中，送至手术室待移植．移植手术方式详见文献［2］．1．4术后管理术后对受者气管插管转运至ICU，持续吸氧，监测动脉血气防止氧中毒．控制体液平衡，术后早期维持负平衡防止肺水肿，应用他克莫司+吗替麦考酚酯+,
2417.txt,同种异体原位心脏移植的手术护理配合,2018,供者气管插管,醉气管内插管,0.25,生素；②与器械护士共同清点手术台上所有物品等；③协助麻醉医生行桡动脉穿刺，右锁骨下静脉穿刺，置漂浮导管；④接到供心组通知供心良好后进行全身麻醉气管内插管，推注舒莱抗排斥药，留置测温尿管；⑤当供心送达手术室时，与手术医生共同再次核对供受体血型、组织配型结果；⑥手术中密切观察手术进展，,"potentially problematic, but nothing hard on this. ""1.2.1 供心切取方法 供者取平卧位，全身肝素化 后，常规消毒铺巾，胸骨正中切开，锯开胸骨，切开 心 包 "" is suggestive, but it doesn't refer to intubation, so it can't said to be incriminating. "
2417.txt,同种异体原位心脏移植的手术护理配合,2018,气管切开气管插管,身麻醉气管内插管,0.288487526462115,注抗生素；②与器械护士共同清点手术台上所有物品等；③协助麻醉医生行桡动脉穿刺，右锁骨下静脉穿刺，置漂浮导管；④接到供心组通知供心良好后进行全身麻醉气管内插管，推注舒莱抗排斥药，留置测温尿管；⑤当供心送达手术室时，与手术医生共同再次核对供受体血型、组织配型结果；⑥手术中密切观察手术进,
2417.txt,同种异体原位心脏移植的手术护理配合,2018,供者行气管插管,麻醉气管内插管,0.333333333333333,抗生素；②与器械护士共同清点手术台上所有物品等；③协助麻醉医生行桡动脉穿刺，右锁骨下静脉穿刺，置漂浮导管；④接到供心组通知供心良好后进行全身麻醉气管内插管，推注舒莱抗排斥药，留置测温尿管；⑤当供心送达手术室时，与手术医生共同再次核对供受体血型、组织配型结果；⑥手术中密切观察手术进展,
2417.txt,同种异体原位心脏移植的手术护理配合,2018,快速胸部正中切口进胸,胸骨。切开前胸正中切,0.382786600151632,需将冰桶固定稳妥避免途中颠簸。供心切取中台下联络员立即通知受体手术组准备，以缩短冷缺血时间。1.2.2移植手术方法仰卧位，胸椎后垫一软垫抬高胸骨。切开前胸正中切口，电锯锯开胸骨，切开心包并缝吊，全身肝素化ACT达到后升主动脉远端和上、下腔静脉分别插管建立体外循环。剪刀分离主动脉⁃肺,
2417.txt,同种异体原位心脏移植的手术护理配合,2018,供体手术气管插管,身麻醉气管内插管,0.4,注抗生素；②与器械护士共同清点手术台上所有物品等；③协助麻醉医生行桡动脉穿刺，右锁骨下静脉穿刺，置漂浮导管；④接到供心组通知供心良好后进行全身麻醉气管内插管，推注舒莱抗排斥药，留置测温尿管；⑤当供心送达手术室时，与手术医生共同再次核对供受体血型、组织配型结果；⑥手术中密切观察手术进,
2417.txt,同种异体原位心脏移植的手术护理配合,2018,供体平卧位，气管插管,全身麻醉气管内插管，,0.416666666666667,输注抗生素；②与器械护士共同清点手术台上所有物品等；③协助麻醉医生行桡动脉穿刺，右锁骨下静脉穿刺，置漂浮导管；④接到供心组通知供心良好后进行全身麻醉气管内插管，推注舒莱抗排斥药，留置测温尿管；⑤当供心送达手术室时，与手术医生共同再次核对供受体血型、组织配型结果；⑥手术中密切观察手术,
2417.txt,同种异体原位心脏移植的手术护理配合,2018,供体全身肝素化后，仰卧位，经口气管内插管,方法供者取平卧位，全身肝素化后，常规消毒,0.434247618143982,8卷第1期LingnanModernClinicsinSurgery，Feb.2018，Vol.18No.11.2手术方法1.2.1供心切取方法供者取平卧位，全身肝素化后，常规消毒铺巾，胸骨正中切开，锯开胸骨，切开心包，初步探查心脏情况，心脏表面血管良好，用3⁃0Prolene线在,
2417.txt,同种异体原位心脏移植的手术护理配合,2018,供心切取配合..气管插管,.2.1供心切取方法供者,0.4375,018年2月第18卷第1期LingnanModernClinicsinSurgery，Feb.2018，Vol.18No.11.2手术方法1.2.1供心切取方法供者取平卧位，全身肝素化后，常规消毒铺巾，胸骨正中切开，锯开胸骨，切开心包，初步探查心脏情况，心脏表面血管良好，用3⁃0P,
2417.txt,同种异体原位心脏移植的手术护理配合,2018,"脑死亡后,气管插管",全身麻醉气管内插管,0.454545454545455,输注抗生素；②与器械护士共同清点手术台上所有物品等；③协助麻醉医生行桡动脉穿刺，右锁骨下静脉穿刺，置漂浮导管；④接到供心组通知供心良好后进行全身麻醉气管内插管，推注舒莱抗排斥药，留置测温尿管；⑤当供心送达手术室时，与手术医生共同再次核对供受体血型、组织配型结果；⑥手术中密切观察手术,
2417.txt,同种异体原位心脏移植的手术护理配合,2018,协助麻醉医生进行支纤镜检查后进行气管插管,组通知供心良好后进行全身麻醉气管内插管，,0.456442693495391,右上肢建立静脉通道，输注抗生素；②与器械护士共同清点手术台上所有物品等；③协助麻醉医生行桡动脉穿刺，右锁骨下静脉穿刺，置漂浮导管；④接到供心组通知供心良好后进行全身麻醉气管内插管，推注舒莱抗排斥药，留置测温尿管；⑤当供心送达手术室时，与手术医生共同再次核对供受体血型、组织配型结果；,
2417.txt,同种异体原位心脏移植的手术护理配合,2018,协助麻醉医生进行支纤镜检查后进行供体气管插管,组通知供心良好后进行全身麻醉气管内插管，推注,0.459938275132678,右上肢建立静脉通道，输注抗生素；②与器械护士共同清点手术台上所有物品等；③协助麻醉医生行桡动脉穿刺，右锁骨下静脉穿刺，置漂浮导管；④接到供心组通知供心良好后进行全身麻醉气管内插管，推注舒莱抗排斥药，留置测温尿管；⑤当供心送达手术室时，与手术医生共同再次核对供受体血型、组织配型结果；,
2417.txt,同种异体原位心脏移植的手术护理配合,2018,供体手术气管插管通气,行全身麻醉气管内插管,0.459938275132678,，输注抗生素；②与器械护士共同清点手术台上所有物品等；③协助麻醉医生行桡动脉穿刺，右锁骨下静脉穿刺，置漂浮导管；④接到供心组通知供心良好后进行全身麻醉气管内插管，推注舒莱抗排斥药，留置测温尿管；⑤当供心送达手术室时，与手术医生共同再次核对供受体血型、组织配型结果；⑥手术中密切观察手,
2417.txt,同种异体原位心脏移植的手术护理配合,2018,脑死亡后立即气管内插管给氧,好后进行全身麻醉气管内插管,0.466666666666667,脉通道，输注抗生素；②与器械护士共同清点手术台上所有物品等；③协助麻醉医生行桡动脉穿刺，右锁骨下静脉穿刺，置漂浮导管；④接到供心组通知供心良好后进行全身麻醉气管内插管，推注舒莱抗排斥药，留置测温尿管；⑤当供心送达手术室时，与手术医生共同再次核对供受体血型、组织配型结果；⑥手术中密切,
2417.txt,同种异体原位心脏移植的手术护理配合,2018,脑死亡后迅速气管插管进行机械通气,供心良好后进行全身麻醉气管内插管,0.47295372330527,建立静脉通道，输注抗生素；②与器械护士共同清点手术台上所有物品等；③协助麻醉医生行桡动脉穿刺，右锁骨下静脉穿刺，置漂浮导管；④接到供心组通知供心良好后进行全身麻醉气管内插管，推注舒莱抗排斥药，留置测温尿管；⑤当供心送达手术室时，与手术医生共同再次核对供受体血型、组织配型结果；⑥手术,
2460.txt,离体肺灌注技术在肺移植中的应用进展,2016,供者气管插管,肺部气管插管,0.25,势是使细胞保持活跃的代谢功能，从而为离体保存期间持续评估肺功能提供便利[18]。目前采用的EVLP的灌注装置模拟生理状态下的灌注方式，并给予肺部气管插管和机械通气等支持手段。利用多种传感器测量EVLP系统中的多种参数，包括肺动静脉气体分压、pH、温度、流量、灌注压、通气参数等，此外,
2460.txt,离体肺灌注技术在肺移植中的应用进展,2016,供体手术气管插管通气,部气管插管和机械通气,0.285714285714286,是使细胞保持活跃的代谢功能，从而为离体保存期间持续评估肺功能提供便利[18]。目前采用的EVLP的灌注装置模拟生理状态下的灌注方式，并给予肺部气管插管和机械通气等支持手段。利用多种传感器测量EVLP系统中的多种参数，包括肺动静脉气体分压、pH、温度、流量、灌注压、通气参数等，此外，,
2460.txt,离体肺灌注技术在肺移植中的应用进展,2016,气管切开气管插管,给予肺部气管插管,0.288487526462115,大优势是使细胞保持活跃的代谢功能，从而为离体保存期间持续评估肺功能提供便利[18]。目前采用的EVLP的灌注装置模拟生理状态下的灌注方式，并给予肺部气管插管和机械通气等支持手段。利用多种传感器测量EVLP系统中的多种参数，包括肺动静脉气体分压、pH、温度、流量、灌注压、通气参数等，,
2460.txt,离体肺灌注技术在肺移植中的应用进展,2016,供者行气管插管,予肺部气管插管,0.333333333333333,优势是使细胞保持活跃的代谢功能，从而为离体保存期间持续评估肺功能提供便利[18]。目前采用的EVLP的灌注装置模拟生理状态下的灌注方式，并给予肺部气管插管和机械通气等支持手段。利用多种传感器测量EVLP系统中的多种参数，包括肺动静脉气体分压、pH、温度、流量、灌注压、通气参数等，此,
2460.txt,离体肺灌注技术在肺移植中的应用进展,2016,脑死亡后迅速气管插管进行机械通气,式，并给予肺部气管插管和机械通气,0.4,注的一大优势是使细胞保持活跃的代谢功能，从而为离体保存期间持续评估肺功能提供便利[18]。目前采用的EVLP的灌注装置模拟生理状态下的灌注方式，并给予肺部气管插管和机械通气等支持手段。利用多种传感器测量EVLP系统中的多种参数，包括肺动静脉气体分压、pH、温度、流量、灌注压、通气参,
2460.txt,离体肺灌注技术在肺移植中的应用进展,2016,供体手术气管插管,给予肺部气管插管,0.4,大优势是使细胞保持活跃的代谢功能，从而为离体保存期间持续评估肺功能提供便利[18]。目前采用的EVLP的灌注装置模拟生理状态下的灌注方式，并给予肺部气管插管和机械通气等支持手段。利用多种传感器测量EVLP系统中的多种参数，包括肺动静脉气体分压、pH、温度、流量、灌注压、通气参数等，,
2460.txt,离体肺灌注技术在肺移植中的应用进展,2016,"脑死亡后,气管插管",气管插管和机械通气,0.414630592995036,使细胞保持活跃的代谢功能，从而为离体保存期间持续评估肺功能提供便利[18]。目前采用的EVLP的灌注装置模拟生理状态下的灌注方式，并给予肺部气管插管和机械通气等支持手段。利用多种传感器测量EVLP系统中的多种参数，包括肺动静脉气体分压、pH、温度、流量、灌注压、通气参数等，此外，组,
2460.txt,离体肺灌注技术在肺移植中的应用进展,2016,供体平卧位，气管插管,，并给予肺部气管插管,0.416666666666667,的一大优势是使细胞保持活跃的代谢功能，从而为离体保存期间持续评估肺功能提供便利[18]。目前采用的EVLP的灌注装置模拟生理状态下的灌注方式，并给予肺部气管插管和机械通气等支持手段。利用多种传感器测量EVLP系统中的多种参数，包括肺动静脉气体分压、pH、温度、流量、灌注压、通气参数,
2460.txt,离体肺灌注技术在肺移植中的应用进展,2016,供体心肺的切取气管插管,肺部气管插管和机械通气,0.427108100768454,势是使细胞保持活跃的代谢功能，从而为离体保存期间持续评估肺功能提供便利[18]。目前采用的EVLP的灌注装置模拟生理状态下的灌注方式，并给予肺部气管插管和机械通气等支持手段。利用多种传感器测量EVLP系统中的多种参数，包括肺动静脉气体分压、pH、温度、流量、灌注压、通气参数等，此外,
2460.txt,离体肺灌注技术在肺移植中的应用进展,2016,脑死亡后迅速气管插管,部气管插管和机械通气,0.459938275132678,是使细胞保持活跃的代谢功能，从而为离体保存期间持续评估肺功能提供便利[18]。目前采用的EVLP的灌注装置模拟生理状态下的灌注方式，并给予肺部气管插管和机械通气等支持手段。利用多种传感器测量EVLP系统中的多种参数，包括肺动静脉气体分压、pH、温度、流量、灌注压、通气参数等，此外，,
2460.txt,离体肺灌注技术在肺移植中的应用进展,2016,脑死亡后插入气管导管,部气管插管和机械通气,0.459938275132678,是使细胞保持活跃的代谢功能，从而为离体保存期间持续评估肺功能提供便利[18]。目前采用的EVLP的灌注装置模拟生理状态下的灌注方式，并给予肺部气管插管和机械通气等支持手段。利用多种传感器测量EVLP系统中的多种参数，包括肺动静脉气体分压、pH、温度、流量、灌注压、通气参数等，此外，,
2460.txt,离体肺灌注技术在肺移植中的应用进展,2016,"供者平卧位,气管插管",部气管插管和机械通气,0.459938275132678,是使细胞保持活跃的代谢功能，从而为离体保存期间持续评估肺功能提供便利[18]。目前采用的EVLP的灌注装置模拟生理状态下的灌注方式，并给予肺部气管插管和机械通气等支持手段。利用多种传感器测量EVLP系统中的多种参数，包括肺动静脉气体分压、pH、温度、流量、灌注压、通气参数等，此外，,
2460.txt,离体肺灌注技术在肺移植中的应用进展,2016,供肺切取:供体气管插管,肺评估供肺运输供肺供体,0.461618097941835,潮气量（ml/kg）75~76呼吸频率（次/min）72010呼气末正压通气（cmH2O）555吸入氧浓度（%）2150使用目的评估并修复供肺评估供肺运输供肺供体类型边缘供肺边缘供肺标准供肺_x000C_•1106•中国胸心血管外科临床杂志2016年11月第23卷第11期ChinJClinTh,
2460.txt,离体肺灌注技术在肺移植中的应用进展,2016,"脑死亡后气管紧急插管,纯氧通气",，并给予肺部气管插管和机械通气,0.473684210526316,的一大优势是使细胞保持活跃的代谢功能，从而为离体保存期间持续评估肺功能提供便利[18]。目前采用的EVLP的灌注装置模拟生理状态下的灌注方式，并给予肺部气管插管和机械通气等支持手段。利用多种传感器测量EVLP系统中的多种参数，包括肺动静脉气体分压、pH、温度、流量、灌注压、通气参数,
2460.txt,离体肺灌注技术在肺移植中的应用进展,2016,经气管切开气管插管建立人工呼吸,，并给予肺部气管插管和机械通气,0.473798639441566,的一大优势是使细胞保持活跃的代谢功能，从而为离体保存期间持续评估肺功能提供便利[18]。目前采用的EVLP的灌注装置模拟生理状态下的灌注方式，并给予肺部气管插管和机械通气等支持手段。利用多种传感器测量EVLP系统中的多种参数，包括肺动静脉气体分压、pH、温度、流量、灌注压、通气参数,
2460.txt,离体肺灌注技术在肺移植中的应用进展,2016,"脑死亡后,紧急气管插管",肺部气管插管和机械通气,0.498719588172397,势是使细胞保持活跃的代谢功能，从而为离体保存期间持续评估肺功能提供便利[18]。目前采用的EVLP的灌注装置模拟生理状态下的灌注方式，并给予肺部气管插管和机械通气等支持手段。利用多种传感器测量EVLP系统中的多种参数，包括肺动静脉气体分压、pH、温度、流量、灌注压、通气参数等，此外,
2460.txt,离体肺灌注技术在肺移植中的应用进展,2016,脑死亡后立即气管内插管给氧,给予肺部气管插管和机械通气,0.49902056713188,大优势是使细胞保持活跃的代谢功能，从而为离体保存期间持续评估肺功能提供便利[18]。目前采用的EVLP的灌注装置模拟生理状态下的灌注方式，并给予肺部气管插管和机械通气等支持手段。利用多种传感器测量EVLP系统中的多种参数，包括肺动静脉气体分压、pH、温度、流量、灌注压、通气参数等，,
2460.txt,离体肺灌注技术在肺移植中的应用进展,2016,供体心肺的获取和保护..行气管插管通气,灌注方式，并给予肺部气管插管和机械通气,0.499565406263021,下肺灌注的一大优势是使细胞保持活跃的代谢功能，从而为离体保存期间持续评估肺功能提供便利[18]。目前采用的EVLP的灌注装置模拟生理状态下的灌注方式，并给予肺部气管插管和机械通气等支持手段。利用多种传感器测量EVLP系统中的多种参数，包括肺动静脉气体分压、pH、温度、流量、灌注压、,
2500.txt,心脏移植的手术配合,2017,供者行气管插管,医师行气管插管,0.222222222222222,心置于4℃HTK液中保存。2.2术中配合及护理2.2.1巡回护士配合核查患者，取平卧位，在右前臂建立外周静脉通道，并做好防压疮护理。协助麻醉医师行气管插管、有创动脉监测、中心静脉穿刺置入肺动脉漂浮导管。留置测温尿管，连接电刀及负极板，调试功率，打开控温毯，清点手术用物，及时提供术中,"also a bit suspicious, but nothing on intubation of donor -- 供心摘取手术配合 供者取仰卧位，常规消 毒铺单，胸骨锯正中开胸，打开心包。肝素化后，递 4 - 0 血管缝线于升主动脉缝荷包并插灌注管"
2500.txt,心脏移植的手术配合,2017,供者气管插管,师行气管插管,0.25,置于4℃HTK液中保存。2.2术中配合及护理2.2.1巡回护士配合核查患者，取平卧位，在右前臂建立外周静脉通道，并做好防压疮护理。协助麻醉医师行气管插管、有创动脉监测、中心静脉穿刺置入肺动脉漂浮导管。留置测温尿管，连接电刀及负极板，调试功率，打开控温毯，清点手术用物，及时提供术中所,
2500.txt,心脏移植的手术配合,2017,快速胸部正中切口进胸,胸部正中切口，进行主,0.269703256659779,心肌病、心功能不全、肺动脉高压等，心功能分别为Ⅳ级、Ⅲ级、Ⅳ级、Ⅳ级、Ⅲ级。5例患者均在体外循环下行双腔法同种异体心脏移植术，患者取平卧位，胸部正中切口，进行主动脉，上、下腔静脉插管，确认供心可用，切除受体心脏，将修整好供心置入心包腔，依次吻合左心房、升主动脉，吻合肺动脉后心脏复跳,
2500.txt,心脏移植的手术配合,2017,气管切开气管插管,醉医师行气管插管,0.288487526462115,供心置于4℃HTK液中保存。2.2术中配合及护理2.2.1巡回护士配合核查患者，取平卧位，在右前臂建立外周静脉通道，并做好防压疮护理。协助麻醉医师行气管插管、有创动脉监测、中心静脉穿刺置入肺动脉漂浮导管。留置测温尿管，连接电刀及负极板，调试功率，打开控温毯，清点手术用物，及时提供术,
2500.txt,心脏移植的手术配合,2017,供心切取配合..气管插管,.1.3供心摘取手术配合,0.398662205697045,中所需设备是否正常运转，胸骨锯准备两套确保万无一失，器械护士准备术中所需所有器械和医疗耗材，体外循环医师保证人工心肺机的功能状态运行良好。2.1.3供心摘取手术配合供者取仰卧位，常规消毒铺单，胸骨锯正中开胸，打开心包。肝素化后，递4-0血管缝线于升主动脉缝荷包并插灌注管，递血管阻断,
2500.txt,心脏移植的手术配合,2017,供心的切取供体气管插管后,供心切取的进度，确定供体,0.398662205697045,。血流稳定后停止转机，彻底止血，放置纵膈引流，钢丝针固定胸骨，切口缝合。3体会3.1巡回护士术中严格巡视患者及手术台上情况巡回护士应密切关注供心切取的进度，确定供体心脏可用后，及时开展受体手术以减少手术时间和供心的冷缺血时间。冰屑、冰盐水、灌注液的准备均要及时，为移植效果提供保障。,
2500.txt,心脏移植的手术配合,2017,供体手术气管插管,醉医师行气管插管,0.4,供心置于4℃HTK液中保存。2.2术中配合及护理2.2.1巡回护士配合核查患者，取平卧位，在右前臂建立外周静脉通道，并做好防压疮护理。协助麻醉医师行气管插管、有创动脉监测、中心静脉穿刺置入肺动脉漂浮导管。留置测温尿管，连接电刀及负极板，调试功率，打开控温毯，清点手术用物，及时提供术,
2500.txt,心脏移植的手术配合,2017,"脑死亡后,气管插管",麻醉医师行气管插管,0.454545454545455,将供心置于4℃HTK液中保存。2.2术中配合及护理2.2.1巡回护士配合核查患者，取平卧位，在右前臂建立外周静脉通道，并做好防压疮护理。协助麻醉医师行气管插管、有创动脉监测、中心静脉穿刺置入肺动脉漂浮导管。留置测温尿管，连接电刀及负极板，调试功率，打开控温毯，清点手术用物，及时提供,
2500.txt,心脏移植的手术配合,2017,协助麻醉医生进行支纤镜检查后进行气管插管,并做好防压疮护理。协助麻醉医师行气管插管,0.456442693495391,]，并进行修整，修整后将供心置于4℃HTK液中保存。2.2术中配合及护理2.2.1巡回护士配合核查患者，取平卧位，在右前臂建立外周静脉通道，并做好防压疮护理。协助麻醉医师行气管插管、有创动脉监测、中心静脉穿刺置入肺动脉漂浮导管。留置测温尿管，连接电刀及负极板，调试功率，打开控温毯，,
2500.txt,心脏移植的手术配合,2017,供体手术气管插管通气,助麻醉医师行气管插管,0.459938275132678,后将供心置于4℃HTK液中保存。2.2术中配合及护理2.2.1巡回护士配合核查患者，取平卧位，在右前臂建立外周静脉通道，并做好防压疮护理。协助麻醉医师行气管插管、有创动脉监测、中心静脉穿刺置入肺动脉漂浮导管。留置测温尿管，连接电刀及负极板，调试功率，打开控温毯，清点手术用物，及时提,
2500.txt,心脏移植的手术配合,2017,供体心肺的切取气管插管,心切取的进度，确定供体,0.498254793995745,血流稳定后停止转机，彻底止血，放置纵膈引流，钢丝针固定胸骨，切口缝合。3体会3.1巡回护士术中严格巡视患者及手术台上情况巡回护士应密切关注供心切取的进度，确定供体心脏可用后，及时开展受体手术以减少手术时间和供心的冷缺血时间。冰屑、冰盐水、灌注液的准备均要及时，为移植效果提供保障。开,
2500.txt,心脏移植的手术配合,2017,协助麻醉医生进行支纤镜检查后进行供体气管插管,道，并做好防压疮护理。协助麻醉医师行气管插管,0.498514112623201,[2]，并进行修整，修整后将供心置于4℃HTK液中保存。2.2术中配合及护理2.2.1巡回护士配合核查患者，取平卧位，在右前臂建立外周静脉通道，并做好防压疮护理。协助麻醉医师行气管插管、有创动脉监测、中心静脉穿刺置入肺动脉漂浮导管。留置测温尿管，连接电刀及负极板，调试功率，打开控温,
2510.txt,股动静脉插管置入体外膜肺辅助序贯式双肺移植手术巡回护士的护理配合,2016,面罩吸氧,面罩吸氧,0,，给病人脱去衣裤，在上肢建立外周静脉，在尾骶部、双肩胛骨处、双侧髋部、双足跟或踝部贴康惠尔减压贴保护皮肤。2．2．2麻醉配合协助麻醉师给病人面罩吸氧，监测血压、心电图、血氧饱和度，局部麻醉下行桡动脉穿刺置管。得到确认供肺质量情况良好的报告后协助麻醉师全身麻醉诱导，置入双腔支气管导管,
2510.txt,股动静脉插管置入体外膜肺辅助序贯式双肺移植手术巡回护士的护理配合,2016,协助麻醉医生进行支纤镜检查后进行供体气管插管,支气管镜定位，麻醉后留置尿管。协助麻醉师进行,0.357142857142857,，监测血压、心电图、血氧饱和度，局部麻醉下行桡动脉穿刺置管。得到确认供肺质量情况良好的报告后协助麻醉师全身麻醉诱导，置入双腔支气管导管，纤维支气管镜定位，麻醉后留置尿管。协助麻醉师进行右颈内静脉穿刺，置入漂浮导管监测肺动脉压力；协助医生右锁骨下静脉穿刺，置入中心静脉导管；协助医生左,
2510.txt,股动静脉插管置入体外膜肺辅助序贯式双肺移植手术巡回护士的护理配合,2016,协助麻醉医生进行支纤镜检查后进行气管插管,管镜定位，麻醉后留置尿管。协助麻醉师进行,0.384615384615385,测血压、心电图、血氧饱和度，局部麻醉下行桡动脉穿刺置管。得到确认供肺质量情况良好的报告后协助麻醉师全身麻醉诱导，置入双腔支气管导管，纤维支气管镜定位，麻醉后留置尿管。协助麻醉师进行右颈内静脉穿刺，置入漂浮导管监测肺动脉压力；协助医生右锁骨下静脉穿刺，置入中心静脉导管；协助医生左股动,
2510.txt,股动静脉插管置入体外膜肺辅助序贯式双肺移植手术巡回护士的护理配合,2016,脑死亡后插入气管导管,气管导管，纤维支气管,0.387627564304205,给病人面罩吸氧，监测血压、心电图、血氧饱和度，局部麻醉下行桡动脉穿刺置管。得到确认供肺质量情况良好的报告后协助麻醉师全身麻醉诱导，置入双腔支气管导管，纤维支气管镜定位，麻醉后留置尿管。协助麻醉师进行右颈内静脉穿刺，置入漂浮导管监测肺动脉压力；协助医生右锁骨下静脉穿刺，置入中心静脉导,
2510.txt,股动静脉插管置入体外膜肺辅助序贯式双肺移植手术巡回护士的护理配合,2016,供体全身肝素化后，仰卧位，经口气管内插管,管导管，纤维支气管镜定位，麻醉后留置尿管,0.474894968489496,病人面罩吸氧，监测血压、心电图、血氧饱和度，局部麻醉下行桡动脉穿刺置管。得到确认供肺质量情况良好的报告后协助麻醉师全身麻醉诱导，置入双腔支气管导管，纤维支气管镜定位，麻醉后留置尿管。协助麻醉师进行右颈内静脉穿刺，置入漂浮导管监测肺动脉压力；协助医生右锁骨下静脉穿刺，置入中心静脉导管,
2523.txt,脑死亡合并感染供体的脏器维护处理,2019,供者气管插管,"灶,气管插管",0.25,"用三代 头孢联合酶抑制剂抗感染治疗#"", 
""1ZV !感染供体病原学资料收集方法"", ""入院后完善全身检查,仔细体检,筛查全身可能 的感染灶,气管插管时间长者注意肺部感染,颅脑外 伤患者注意皮肤软组织感染及腹腔感染情况,入院 后常规留取病原学标本,包括血%尿%肺泡灌洗液%伤 口分",
2523.txt,脑死亡合并感染供体的脏器维护处理,2019,气管切开气管插管,"感染灶,气管插管",0.288487526462115,"规应用三代 头孢联合酶抑制剂抗感染治疗#"", 
""1ZV !感染供体病原学资料收集方法"", ""入院后完善全身检查,仔细体检,筛查全身可能 的感染灶,气管插管时间长者注意肺部感染,颅脑外 伤患者注意皮肤软组织感染及腹腔感染情况,入院 后常规留取病原学标本,包括血%尿%肺泡灌洗液%伤 ",
2523.txt,脑死亡合并感染供体的脏器维护处理,2019,供者行气管插管,"染灶,气管插管",0.333333333333333,"应用三代 头孢联合酶抑制剂抗感染治疗#"", 
""1ZV !感染供体病原学资料收集方法"", ""入院后完善全身检查,仔细体检,筛查全身可能 的感染灶,气管插管时间长者注意肺部感染,颅脑外 伤患者注意皮肤软组织感染及腹腔感染情况,入院 后常规留取病原学标本,包括血%尿%肺泡灌洗液%伤 口",
2523.txt,脑死亡合并感染供体的脏器维护处理,2019,"供者平卧位,气管插管","灶,气管插管时间长者",0.333333333333333,"用三代 头孢联合酶抑制剂抗感染治疗#"", 
""1ZV !感染供体病原学资料收集方法"", ""入院后完善全身检查,仔细体检,筛查全身可能 的感染灶,气管插管时间长者注意肺部感染,颅脑外 伤患者注意皮肤软组织感染及腹腔感染情况,入院 后常规留取病原学标本,包括血%尿%肺泡灌洗液%伤 口分",
2523.txt,脑死亡合并感染供体的脏器维护处理,2019,"脑死亡后,气管插管","的感染灶,气管插管",0.363636363636364,"常规应用三代 头孢联合酶抑制剂抗感染治疗#"", 
""1ZV !感染供体病原学资料收集方法"", ""入院后完善全身检查,仔细体检,筛查全身可能 的感染灶,气管插管时间长者注意肺部感染,颅脑外 伤患者注意皮肤软组织感染及腹腔感染情况,入院 后常规留取病原学标本,包括血%尿%肺泡灌洗液%伤",
2523.txt,脑死亡合并感染供体的脏器维护处理,2019,供体手术气管插管,"感染灶,气管插管",0.4,"规应用三代 头孢联合酶抑制剂抗感染治疗#"", 
""1ZV !感染供体病原学资料收集方法"", ""入院后完善全身检查,仔细体检,筛查全身可能 的感染灶,气管插管时间长者注意肺部感染,颅脑外 伤患者注意皮肤软组织感染及腹腔感染情况,入院 后常规留取病原学标本,包括血%尿%肺泡灌洗液%伤 ",
2523.txt,脑死亡合并感染供体的脏器维护处理,2019,供体手术气管插管通气," 的感染灶,气管插管",0.459938275132678,",常规应用三代 头孢联合酶抑制剂抗感染治疗#"", 
""1ZV !感染供体病原学资料收集方法"", ""入院后完善全身检查,仔细体检,筛查全身可能 的感染灶,气管插管时间长者注意肺部感染,颅脑外 伤患者注意皮肤软组织感染及腹腔感染情况,入院 后常规留取病原学标本,包括血%尿%肺泡灌洗液%",
2523.txt,脑死亡合并感染供体的脏器维护处理,2019,"脑死亡后,紧急气管插管","能 的感染灶,气管插管",0.461538461538461,"物,常规应用三代 头孢联合酶抑制剂抗感染治疗#"", 
""1ZV !感染供体病原学资料收集方法"", ""入院后完善全身检查,仔细体检,筛查全身可能 的感染灶,气管插管时间长者注意肺部感染,颅脑外 伤患者注意皮肤软组织感染及腹腔感染情况,入院 后常规留取病原学标本,包括血%尿%肺泡灌洗液",
2523.txt,脑死亡合并感染供体的脏器维护处理,2019,供体心肺的切取气管插管,"能 的感染灶,气管插管",0.461538461538461,"物,常规应用三代 头孢联合酶抑制剂抗感染治疗#"", 
""1ZV !感染供体病原学资料收集方法"", ""入院后完善全身检查,仔细体检,筛查全身可能 的感染灶,气管插管时间长者注意肺部感染,颅脑外 伤患者注意皮肤软组织感染及腹腔感染情况,入院 后常规留取病原学标本,包括血%尿%肺泡灌洗液",
2523.txt,脑死亡合并感染供体的脏器维护处理,2019,"脑死亡,面罩加压给氧,辅助呼吸","""入院后,常规呼吸机辅助呼吸,",0.470743875975037,"自发性脑出血#&例,颅脑肿 瘤晚期!例,缺血缺氧性脑病!例,其他)例#本研 究获本院伦理委员会批准#"", ""1Z2 !供体一般维护方法"", ""入院后,常规呼吸机辅助呼吸,补液纠正低血容 量,必要时应用血管活性药物维持血压,恢复肝肾脏 器灌注$控制尿崩症,纠正电解质紊乱尤其是高钠血 ",
2523.txt,脑死亡合并感染供体的脏器维护处理,2019,供肺切取:供体气管插管,气管插管时间长者注意肺,0.498719588172397,"代 头孢联合酶抑制剂抗感染治疗#"", 
""1ZV !感染供体病原学资料收集方法"", ""入院后完善全身检查,仔细体检,筛查全身可能 的感染灶,气管插管时间长者注意肺部感染,颅脑外 伤患者注意皮肤软组织感染及腹腔感染情况,入院 后常规留取病原学标本,包括血%尿%肺泡灌洗液%伤 口分泌物",
2527.txt,体外膜肺氧合在肺移植围术期的应用进展,2016,供体手术气管插管,插管技术、体外管,0.3,了较好的临床效果，其生存率为80%以上，ECMO对新生儿的疗效优于成人，对呼吸功能衰竭的疗效优于心脏功能衰竭［8］。ECMO技术要求高，包括插管技术、体外管径的选择、机械通气向ECMO的过渡、最小的肝素化、最理想的氧供、血液超滤技术的应用、维持体液平衡及营养供给等，同时在治疗中患者,
2527.txt,体外膜肺氧合在肺移植围术期的应用进展,2016,供体手术气管插管通气,包括插管技术、体外管,0.459938275132678,获得了较好的临床效果，其生存率为80%以上，ECMO对新生儿的疗效优于成人，对呼吸功能衰竭的疗效优于心脏功能衰竭［8］。ECMO技术要求高，包括插管技术、体外管径的选择、机械通气向ECMO的过渡、最小的肝素化、最理想的氧供、血液超滤技术的应用、维持体液平衡及营养供给等，同时在治疗中,
2527.txt,体外膜肺氧合在肺移植围术期的应用进展,2016,供体心肺的切取气管插管,括插管技术、体外管径的,0.461538461538461,得了较好的临床效果，其生存率为80%以上，ECMO对新生儿的疗效优于成人，对呼吸功能衰竭的疗效优于心脏功能衰竭［8］。ECMO技术要求高，包括插管技术、体外管径的选择、机械通气向ECMO的过渡、最小的肝素化、最理想的氧供、血液超滤技术的应用、维持体液平衡及营养供给等，同时在治疗中患,
2541.txt,中国肺移植面临的困难及对策,2016,供者气管插管,长期气管插管,0.25,地利用供体。2．制定供肺标准、维护标准及转运流程：国外器官捐献一般均在48h内完成，而我国一般均在1周左右完成捐献，许多情况下获取的肺源都是长期气管插管、呼吸机应用、合并肺部感染，我们常需要利用这类感染的肺源去拯救濒危的患者，术后围术期管理难度可想而知，这是对开展肺移植手术的巨大挑,
2541.txt,中国肺移植面临的困难及对策,2016,气管切开气管插管,支气管镜检查气管,0.278312163512968,artialpressureofoxygen，ＰaＯ2）＞300mmＨg（1mmＨg＝0．133kＰa）；（5）胸片显示肺野相对清晰；（6）支气管镜检查气管内相对干净。此外，在国家层面，器官转运绿色通道的相关文件早日出台，规范转运流程，让移植手术环环相扣，可进一步扩大供体的利用率。,
2541.txt,中国肺移植面临的困难及对策,2016,供者行气管插管,是长期气管插管,0.333333333333333,效地利用供体。2．制定供肺标准、维护标准及转运流程：国外器官捐献一般均在48h内完成，而我国一般均在1周左右完成捐献，许多情况下获取的肺源都是长期气管插管、呼吸机应用、合并肺部感染，我们常需要利用这类感染的肺源去拯救濒危的患者，术后围术期管理难度可想而知，这是对开展肺移植手术的巨大,
2541.txt,中国肺移植面临的困难及对策,2016,供体心肺的切取气管插管,的肺源都是长期气管插管,0.384615384615385,才能更有效地利用供体。2．制定供肺标准、维护标准及转运流程：国外器官捐献一般均在48h内完成，而我国一般均在1周左右完成捐献，许多情况下获取的肺源都是长期气管插管、呼吸机应用、合并肺部感染，我们常需要利用这类感染的肺源去拯救濒危的患者，术后围术期管理难度可想而知，这是对开展肺移植手,
2541.txt,中国肺移植面临的困难及对策,2016,供体手术气管插管,都是长期气管插管,0.4,有效地利用供体。2．制定供肺标准、维护标准及转运流程：国外器官捐献一般均在48h内完成，而我国一般均在1周左右完成捐献，许多情况下获取的肺源都是长期气管插管、呼吸机应用、合并肺部感染，我们常需要利用这类感染的肺源去拯救濒危的患者，术后围术期管理难度可想而知，这是对开展肺移植手术的巨,
2541.txt,中国肺移植面临的困难及对策,2016,供体手术气管插管通气,气管的长度与支气管吻,0.428571428571429,例均于术后短时间内死于支气管吻合口漏、排斥、感染、肺水肿等并发症。Ｖeith等［3］认识到支气管吻合口并发症是肺移植后死亡的主要原因，供肺支气管的长度与支气管吻合口并发症有直接关系，缩短供肺支气管长度可以减少并发症的发生。进而又证实套入式支气管吻合可以减少缺血性支气管并发症。同期斯,
2541.txt,中国肺移植面临的困难及对策,2016,经气管切开气管插管建立人工呼吸,取的肺源都是长期气管插管、呼吸,0.443706088833409,，才能更有效地利用供体。2．制定供肺标准、维护标准及转运流程：国外器官捐献一般均在48h内完成，而我国一般均在1周左右完成捐献，许多情况下获取的肺源都是长期气管插管、呼吸机应用、合并肺部感染，我们常需要利用这类感染的肺源去拯救濒危的患者，术后围术期管理难度可想而知，这是对开展肺移植,
2541.txt,中国肺移植面临的困难及对策,2016,"脑死亡后,气管插管",源都是长期气管插管,0.454545454545455,更有效地利用供体。2．制定供肺标准、维护标准及转运流程：国外器官捐献一般均在48h内完成，而我国一般均在1周左右完成捐献，许多情况下获取的肺源都是长期气管插管、呼吸机应用、合并肺部感染，我们常需要利用这类感染的肺源去拯救濒危的患者，术后围术期管理难度可想而知，这是对开展肺移植手术的,
2541.txt,中国肺移植面临的困难及对策,2016,供心的切取供体气管插管后,取的肺源都是长期气管插管,0.465477516175151,，才能更有效地利用供体。2．制定供肺标准、维护标准及转运流程：国外器官捐献一般均在48h内完成，而我国一般均在1周左右完成捐献，许多情况下获取的肺源都是长期气管插管、呼吸机应用、合并肺部感染，我们常需要利用这类感染的肺源去拯救濒危的患者，术后围术期管理难度可想而知，这是对开展肺移植,
2541.txt,中国肺移植面临的困难及对策,2016,供肺切取:供体气管插管,的肺源都是长期气管插管,0.498719588172397,才能更有效地利用供体。2．制定供肺标准、维护标准及转运流程：国外器官捐献一般均在48h内完成，而我国一般均在1周左右完成捐献，许多情况下获取的肺源都是长期气管插管、呼吸机应用、合并肺部感染，我们常需要利用这类感染的肺源去拯救濒危的患者，术后围术期管理难度可想而知，这是对开展肺移植手,
2569.txt,脑死亡器官捐献心脏移植供体保护性治疗与功能评价,2016,供心的切取供体气管插管后,供体管理会议出台的供体管,0.351818783912331,ber2016，Vol.4，No.5的方法之一，但是还会带来其他的问题如抗凝和血栓的风险、感染和肺动脉并发症等风险。2001年全美国器官移植供体管理会议出台的供体管理指南中明确提出，小体重供体会增加术后的风险，但正常体重（＞70kg）成年男性供体对多数病例都适合，考虑匹配时身高或体,
2569.txt,脑死亡器官捐献心脏移植供体保护性治疗与功能评价,2016,供体心肺的切取气管插管,体管理会议出台的供体管,0.427108100768454,er2016，Vol.4，No.5的方法之一，但是还会带来其他的问题如抗凝和血栓的风险、感染和肺动脉并发症等风险。2001年全美国器官移植供体管理会议出台的供体管理指南中明确提出，小体重供体会增加术后的风险，但正常体重（＞70kg）成年男性供体对多数病例都适合，考虑匹配时身高或体重,
2569.txt,脑死亡器官捐献心脏移植供体保护性治疗与功能评价,2016,供肺切取:供体气管插管,供体选择管理及边缘供体,0.466666666666667,了的供体心脏选择和管理标准。其中对边缘性供心的使用也进行了一些研究，本中心在2004年开始与陈忠华教授合作尝试进行脑死亡捐献心脏移植，此后在供体选择管理及边缘供体的使用方面陆续积累了一些经验［3］。特别是在年龄偏大、缺血时间偏长等所谓边缘性供体的使用中，结合供体心脏功能的判断和体外,
2635.txt,原位心脏移植14例,2017,供心切取配合..气管插管,的供心获取.中国胸心血管,0.465477516175151,"分析—2013年中国心脏移植年度报告.中华器官移植杂志,2014,35(6):324-328.2陈良万,陈道中,杨国锋,等.61例心脏移植术的供心获取.中国胸心血管外科临床杂志,2009,16(4):296-299.3StehlikJ,EdwardsLB,KucheryavayaA",
2635.txt,原位心脏移植14例,2017,供心的切取供体气管插管后,1供心的摘取正中开胸供体,0.465477516175151,（panelreactiveantibodies，PRA）检测均阴性，13例体质量差<20%，1例体质量差约为25%。1.2手术方法1.2.1供心的摘取正中开胸供体全身肝素化后，阻断上下腔静脉，阻断升主动脉远端，心肌灌注液为30~50ml/kg组氨酸-色氨酸-酮戊二酸（HTK）液。,has all the hallmarks except no reference to intubation
2635.txt,原位心脏移植14例,2017,"供体心脏的提取供心者取仰卧位,垫高胸腔,气管插管","心脏移植术的供心获取.中国胸心血管外科临床杂志,",0.467709352577623,"脏移植现状分析—2013年中国心脏移植年度报告.中华器官移植杂志,2014,35(6):324-328.2陈良万,陈道中,杨国锋,等.61例心脏移植术的供心获取.中国胸心血管外科临床杂志,2009,16(4):296-299.3StehlikJ,EdwardsLB,Kucherya",
2635.txt,原位心脏移植14例,2017,供体全身肝素化后，仰卧位，经口气管内插管,中开胸供体全身肝素化后，阻断上下腔静脉，,0.477767032132906,eactiveantibodies，PRA）检测均阴性，13例体质量差<20%，1例体质量差约为25%。1.2手术方法1.2.1供心的摘取正中开胸供体全身肝素化后，阻断上下腔静脉，阻断升主动脉远端，心肌灌注液为30~50ml/kg组氨酸-色氨酸-酮戊二酸（HTK）液。先用4℃100,
2675.txt,原位心脏移植手术的围手术期护理配合方案研究,2017,快速胸部正中切口进胸,以内。于胸骨正中切口,0.452277442494834,Hg=0.133kPa），平均（38.5±11.1）mmHg。1.2方法1.2.1手术方法供体与受体的血型一致，供体与受体体质量相差在20%以内。于胸骨正中切口，将心脏取出后，放入冰水中并重新检查，确定供体心脏无心血管疾病后，在全麻低温体外循环下进行心脏移植手术，所有患者均采用双腔,
2675.txt,原位心脏移植手术的围手术期护理配合方案研究,2017,供心的切取供体气管插管后,定供体心脏无心血管疾病后,0.465477516175151,。1.2方法1.2.1手术方法供体与受体的血型一致，供体与受体体质量相差在20%以内。于胸骨正中切口，将心脏取出后，放入冰水中并重新检查，确定供体心脏无心血管疾病后，在全麻低温体外循环下进行心脏移植手术，所有患者均采用双腔静脉原位心脏移植方法。将病心原位心脏移植手术的围手术期护理配,
2747.txt,肺移植受者30例术后早期感染诊疗分析,2020,"脑死亡后,4例气管插管,3例面罩吸氧","U= 3例,支气管扩张症2例及&-,",0.477767032132906,"间均> 48 h,平均年龄 （47 ±16）岁（25〜67岁），其中男性28例，女性 2例&原发病:尘肺14例,肺间质纤维化1\""例, &>U= 3例,支气管扩张症2例及&-,19-）3,综合征 1例& 24例为择期手术,6例为急诊手术&供肺来 自于27例供者,平均年龄（ 26 ±",
2847.txt,1例艾森曼格综合征介入封堵同期体外膜肺下双肺移植的护理,2016,面罩吸氧,面罩吸氧,0,2．2术中配合2．2．1房间隔缺损封堵术的配合巡回护士配合：病人入一站式杂交手术室后卧于造影手术床上，身体两侧加挡板，开放外周静脉。协助麻醉面罩吸氧，监测血压、心电图、血氧饱和度，局部麻醉下行桡动脉穿刺置·5962·全科护理2016年9月第14卷第25期_x000C_管。得到确认供肺质量情况良,
2847.txt,1例艾森曼格综合征介入封堵同期体外膜肺下双肺移植的护理,2016,供体手术气管插管,剪供肺、受体气管,0.440983005625053,察血压、心率变化，递血管闭合器切断肺动脉、上下肺静脉，递气管闭合器切断主支气管，全肺切除后，保留标本送检。将修剪好的供肺取至手术台上，再次修剪供肺、受体气管残端，递4－0ＰＤＳ线连续缝合气管。修剪动脉残端，递5－0Ｐro－lene线连续缝合肺动脉。选择合适大小的心耳钳夹住左房袖，观,
2847.txt,1例艾森曼格综合征介入封堵同期体外膜肺下双肺移植的护理,2016,经气管切开气管插管建立人工呼吸,气管闭合器切断主支气管，全肺切,0.453981093768052,切断下肺韧带，游离上下肺静脉达心包起始部，游离肺动脉总干根部，递肺动脉阻断钳试夹，观察血压、心率变化，递血管闭合器切断肺动脉、上下肺静脉，递气管闭合器切断主支气管，全肺切除后，保留标本送检。将修剪好的供肺取至手术台上，再次修剪供肺、受体气管残端，递4－0ＰＤＳ线连续缝合气管。修剪动,
2847.txt,1例艾森曼格综合征介入封堵同期体外膜肺下双肺移植的护理,2016,供肺切取:供体气管插管,再次修剪供肺、受体气管,0.455050739086934,夹，观察血压、心率变化，递血管闭合器切断肺动脉、上下肺静脉，递气管闭合器切断主支气管，全肺切除后，保留标本送检。将修剪好的供肺取至手术台上，再次修剪供肺、受体气管残端，递4－0ＰＤＳ线连续缝合气管。修剪动脉残端，递5－0Ｐro－lene线连续缝合肺动脉。选择合适大小的心耳钳夹住左房,
3097.txt,努力打造与国际接轨的肺移植团队,2017,供者气管插管,长期气管插管,0.25,地利用供体。2.2制定供肺标准、维护标准及流程：国外器官捐献一般均在48小时内完成，而我国一般均在1周左右完成捐献，许多情况下获取的肺源都是长期气管插管、呼吸机应用、合并肺部感染，我们常需要利用这类感染的肺源去拯救濒危的患者，术后围术期管理难度可想而知，这是对我们开展肺移植手术的巨,
3097.txt,努力打造与国际接轨的肺移植团队,2017,气管切开气管插管,都是长期气管插管,0.288487526462115,有效地利用供体。2.2制定供肺标准、维护标准及流程：国外器官捐献一般均在48小时内完成，而我国一般均在1周左右完成捐献，许多情况下获取的肺源都是长期气管插管、呼吸机应用、合并肺部感染，我们常需要利用这类感染的肺源去拯救濒危的患者，术后围术期管理难度可想而知，这是对我们开展肺移植手术,
3097.txt,努力打造与国际接轨的肺移植团队,2017,供者行气管插管,是长期气管插管,0.333333333333333,效地利用供体。2.2制定供肺标准、维护标准及流程：国外器官捐献一般均在48小时内完成，而我国一般均在1周左右完成捐献，许多情况下获取的肺源都是长期气管插管、呼吸机应用、合并肺部感染，我们常需要利用这类感染的肺源去拯救濒危的患者，术后围术期管理难度可想而知，这是对我们开展肺移植手术的,
3097.txt,努力打造与国际接轨的肺移植团队,2017,供体心肺的切取气管插管,的肺源都是长期气管插管,0.384615384615385,才能更有效地利用供体。2.2制定供肺标准、维护标准及流程：国外器官捐献一般均在48小时内完成，而我国一般均在1周左右完成捐献，许多情况下获取的肺源都是长期气管插管、呼吸机应用、合并肺部感染，我们常需要利用这类感染的肺源去拯救濒危的患者，术后围术期管理难度可想而知，这是对我们开展肺移,
3097.txt,努力打造与国际接轨的肺移植团队,2017,供体手术气管插管,都是长期气管插管,0.4,有效地利用供体。2.2制定供肺标准、维护标准及流程：国外器官捐献一般均在48小时内完成，而我国一般均在1周左右完成捐献，许多情况下获取的肺源都是长期气管插管、呼吸机应用、合并肺部感染，我们常需要利用这类感染的肺源去拯救濒危的患者，术后围术期管理难度可想而知，这是对我们开展肺移植手术,
3097.txt,努力打造与国际接轨的肺移植团队,2017,经气管切开气管插管建立人工呼吸,取的肺源都是长期气管插管、呼吸,0.443706088833409,，才能更有效地利用供体。2.2制定供肺标准、维护标准及流程：国外器官捐献一般均在48小时内完成，而我国一般均在1周左右完成捐献，许多情况下获取的肺源都是长期气管插管、呼吸机应用、合并肺部感染，我们常需要利用这类感染的肺源去拯救濒危的患者，术后围术期管理难度可想而知，这是对我们开展肺,
3097.txt,努力打造与国际接轨的肺移植团队,2017,"脑死亡后,气管插管",源都是长期气管插管,0.454545454545455,更有效地利用供体。2.2制定供肺标准、维护标准及流程：国外器官捐献一般均在48小时内完成，而我国一般均在1周左右完成捐献，许多情况下获取的肺源都是长期气管插管、呼吸机应用、合并肺部感染，我们常需要利用这类感染的肺源去拯救濒危的患者，术后围术期管理难度可想而知，这是对我们开展肺移植手,
3097.txt,努力打造与国际接轨的肺移植团队,2017,供体手术气管插管通气,肺源都是长期气管插管,0.459938275132678,能更有效地利用供体。2.2制定供肺标准、维护标准及流程：国外器官捐献一般均在48小时内完成，而我国一般均在1周左右完成捐献，许多情况下获取的肺源都是长期气管插管、呼吸机应用、合并肺部感染，我们常需要利用这类感染的肺源去拯救濒危的患者，术后围术期管理难度可想而知，这是对我们开展肺移植,
3097.txt,努力打造与国际接轨的肺移植团队,2017,供心的切取供体气管插管后,取的肺源都是长期气管插管,0.465477516175151,，才能更有效地利用供体。2.2制定供肺标准、维护标准及流程：国外器官捐献一般均在48小时内完成，而我国一般均在1周左右完成捐献，许多情况下获取的肺源都是长期气管插管、呼吸机应用、合并肺部感染，我们常需要利用这类感染的肺源去拯救濒危的患者，术后围术期管理难度可想而知，这是对我们开展肺,
3097.txt,努力打造与国际接轨的肺移植团队,2017,供肺切取:供体气管插管,的肺源都是长期气管插管,0.498719588172397,才能更有效地利用供体。2.2制定供肺标准、维护标准及流程：国外器官捐献一般均在48小时内完成，而我国一般均在1周左右完成捐献，许多情况下获取的肺源都是长期气管插管、呼吸机应用、合并肺部感染，我们常需要利用这类感染的肺源去拯救濒危的患者，术后围术期管理难度可想而知，这是对我们开展肺移,
3125.txt,供心机械灌注与保存研究进展,2017,供者气管插管,插管安放导管,0.375,证据（动静脉血乳酸差值）提示心脏保存良好［39，43］。该系统还可以监测主动脉压力及冠脉血流。TransmedicsOCS系统还允许从主动脉插管安放导管，进行冠脉造影［44］。4.2NMP在标准DBD供体中的应用：ProceedⅡ研究是目前关于NMP的最大规模的临床试验（NCT00,
3125.txt,供心机械灌注与保存研究进展,2017,供者行气管插管,脉插管安放导管,0.444444444444444,的证据（动静脉血乳酸差值）提示心脏保存良好［39，43］。该系统还可以监测主动脉压力及冠脉血流。TransmedicsOCS系统还允许从主动脉插管安放导管，进行冠脉造影［44］。4.2NMP在标准DBD供体中的应用：ProceedⅡ研究是目前关于NMP的最大规模的临床试验（NCT0,
3125.txt,供心机械灌注与保存研究进展,2017,气管切开气管插管,动脉插管安放导管,0.446601409470534,取的证据（动静脉血乳酸差值）提示心脏保存良好［39，43］。该系统还可以监测主动脉压力及冠脉血流。TransmedicsOCS系统还允许从主动脉插管安放导管，进行冠脉造影［44］。4.2NMP在标准DBD供体中的应用：ProceedⅡ研究是目前关于NMP的最大规模的临床试验（NCT,
3201.txt,广东梅州客家地区脑死亡器官捐献43例分析,2019,气管切开气管插管,置气管插管!胃管,0.198216274262727,原因，供者在脑死亡后使用呼吸机，缺乏咳嗽反 射!自主排痰功能，呼吸机相关性肺炎的发生率高， 免疫力低下，应用皮质激素，接受各种侵袭性操作留 置气管插管!胃管!尿管!静脉导管!各种引流管，往 往发生多部位定植菌的感染，导致这类患者易患各 种感染)需要医务工作者关注肺部等重点脏器体 征,
3201.txt,广东梅州客家地区脑死亡器官捐献43例分析,2019,供者气管插管, 置气管插管,0.25,其原因，供者在脑死亡后使用呼吸机，缺乏咳嗽反 射!自主排痰功能，呼吸机相关性肺炎的发生率高， 免疫力低下，应用皮质激素，接受各种侵袭性操作留 置气管插管!胃管!尿管!静脉导管!各种引流管，往 往发生多部位定植菌的感染，导致这类患者易患各 种感染)需要医务工作者关注肺部等重点脏器体 ,
3201.txt,广东梅州客家地区脑死亡器官捐献43例分析,2019,供者行气管插管,气管插管!胃管,0.260399738366361,因，供者在脑死亡后使用呼吸机，缺乏咳嗽反 射!自主排痰功能，呼吸机相关性肺炎的发生率高， 免疫力低下，应用皮质激素，接受各种侵袭性操作留 置气管插管!胃管!尿管!静脉导管!各种引流管，往 往发生多部位定植菌的感染，导致这类患者易患各 种感染)需要医务工作者关注肺部等重点脏器体 征!,
3201.txt,广东梅州客家地区脑死亡器官捐献43例分析,2019,脑死亡后，用麻醉机维持呼吸,，供者在脑死亡后使用呼吸机,0.307692307692308,"生率,提示感染发生率高，其中 下呼吸道是主要的感染灶来源，革兰阴性杆菌是主 要的病原菌)这与国内多个研究[/3 8/+]结果一致) 究其原因，供者在脑死亡后使用呼吸机，缺乏咳嗽反 射!自主排痰功能，呼吸机相关性肺炎的发生率高， 免疫力低下，应用皮质激素，接受各种侵袭性操作留 置气管",
3201.txt,广东梅州客家地区脑死亡器官捐献43例分析,2019,供体手术气管插管,置气管插管!胃管,0.323876596217187,原因，供者在脑死亡后使用呼吸机，缺乏咳嗽反 射!自主排痰功能，呼吸机相关性肺炎的发生率高， 免疫力低下，应用皮质激素，接受各种侵袭性操作留 置气管插管!胃管!尿管!静脉导管!各种引流管，往 往发生多部位定植菌的感染，导致这类患者易患各 种感染)需要医务工作者关注肺部等重点脏器体 征,
3201.txt,广东梅州客家地区脑死亡器官捐献43例分析,2019,脑死亡后用麻醉机维持呼吸,供者在脑死亡后使用呼吸机,0.333333333333333,"率,提示感染发生率高，其中 下呼吸道是主要的感染灶来源，革兰阴性杆菌是主 要的病原菌)这与国内多个研究[/3 8/+]结果一致) 究其原因，供者在脑死亡后使用呼吸机，缺乏咳嗽反 射!自主排痰功能，呼吸机相关性肺炎的发生率高， 免疫力低下，应用皮质激素，接受各种侵袭性操作留 置气管插",
3201.txt,广东梅州客家地区脑死亡器官捐献43例分析,2019,"脑死亡后,气管插管","脑死亡 后,脑死亡",0.377200844670782,"医学科日1 p-3 d,平均(5.5 ±+.8)N) 1S- 器官捐献工作流程 无器官捐献禁忌证的潜 在供体由主管医生及脑死亡判定专家判定为脑死亡 后,脑死亡判定依据*脑死亡判定标准与技术规范"", 
""(成人质控版) %[-]$’脑死亡判定标准与技术规范 (儿童质控版) %[3]及",
3201.txt,广东梅州客家地区脑死亡器官捐献43例分析,2019,供体手术气管插管通气,留 置气管插管!胃管,0.398662205697045,究其原因，供者在脑死亡后使用呼吸机，缺乏咳嗽反 射!自主排痰功能，呼吸机相关性肺炎的发生率高， 免疫力低下，应用皮质激素，接受各种侵袭性操作留 置气管插管!胃管!尿管!静脉导管!各种引流管，往 往发生多部位定植菌的感染，导致这类患者易患各 种感染)需要医务工作者关注肺部等重点脏器体,
3201.txt,广东梅州客家地区脑死亡器官捐献43例分析,2019,脑死亡后迅速气管插管,气管插管!胃管!尿管,0.41074434901121,因，供者在脑死亡后使用呼吸机，缺乏咳嗽反 射!自主排痰功能，呼吸机相关性肺炎的发生率高， 免疫力低下，应用皮质激素，接受各种侵袭性操作留 置气管插管!胃管!尿管!静脉导管!各种引流管，往 往发生多部位定植菌的感染，导致这类患者易患各 种感染)需要医务工作者关注肺部等重点脏器体 征!,
3201.txt,广东梅州客家地区脑死亡器官捐献43例分析,2019,脑死亡后插入气管导管,气管插管!胃管!尿管,0.41074434901121,因，供者在脑死亡后使用呼吸机，缺乏咳嗽反 射!自主排痰功能，呼吸机相关性肺炎的发生率高， 免疫力低下，应用皮质激素，接受各种侵袭性操作留 置气管插管!胃管!尿管!静脉导管!各种引流管，往 往发生多部位定植菌的感染，导致这类患者易患各 种感染)需要医务工作者关注肺部等重点脏器体 征!,
3201.txt,广东梅州客家地区脑死亡器官捐献43例分析,2019,"供者平卧位,气管插管",气管插管!胃管!尿管,0.41074434901121,因，供者在脑死亡后使用呼吸机，缺乏咳嗽反 射!自主排痰功能，呼吸机相关性肺炎的发生率高， 免疫力低下，应用皮质激素，接受各种侵袭性操作留 置气管插管!胃管!尿管!静脉导管!各种引流管，往 往发生多部位定植菌的感染，导致这类患者易患各 种感染)需要医务工作者关注肺部等重点脏器体 征!,
3201.txt,广东梅州客家地区脑死亡器官捐献43例分析,2019,供体平卧位，气管插管,气管插管!胃管!尿管,0.41074434901121,因，供者在脑死亡后使用呼吸机，缺乏咳嗽反 射!自主排痰功能，呼吸机相关性肺炎的发生率高， 免疫力低下，应用皮质激素，接受各种侵袭性操作留 置气管插管!胃管!尿管!静脉导管!各种引流管，往 往发生多部位定植菌的感染，导致这类患者易患各 种感染)需要医务工作者关注肺部等重点脏器体 征!,
3201.txt,广东梅州客家地区脑死亡器官捐献43例分析,2019,经气管切开气管插管建立人工呼吸,气管插管!胃管!尿管!静脉导管,0.413839351876747,因，供者在脑死亡后使用呼吸机，缺乏咳嗽反 射!自主排痰功能，呼吸机相关性肺炎的发生率高， 免疫力低下，应用皮质激素，接受各种侵袭性操作留 置气管插管!胃管!尿管!静脉导管!各种引流管，往 往发生多部位定植菌的感染，导致这类患者易患各 种感染)需要医务工作者关注肺部等重点脏器体 征!,
3201.txt,广东梅州客家地区脑死亡器官捐献43例分析,2019,供者脑死亡后迅速建立人工呼吸,原因，供者在脑死亡后使用呼吸,0.428571428571429,"染发生率,提示感染发生率高，其中 下呼吸道是主要的感染灶来源，革兰阴性杆菌是主 要的病原菌)这与国内多个研究[/3 8/+]结果一致) 究其原因，供者在脑死亡后使用呼吸机，缺乏咳嗽反 射!自主排痰功能，呼吸机相关性肺炎的发生率高， 免疫力低下，应用皮质激素，接受各种侵袭性操作留 置",
3201.txt,广东梅州客家地区脑死亡器官捐献43例分析,2019,供心保护脑死亡后用麻醉机维持呼吸,其原因，供者在脑死亡后使用呼吸机,0.4375,"感染发生率,提示感染发生率高，其中 下呼吸道是主要的感染灶来源，革兰阴性杆菌是主 要的病原菌)这与国内多个研究[/3 8/+]结果一致) 究其原因，供者在脑死亡后使用呼吸机，缺乏咳嗽反 射!自主排痰功能，呼吸机相关性肺炎的发生率高， 免疫力低下，应用皮质激素，接受各种侵袭性操作留 ",
3201.txt,广东梅州客家地区脑死亡器官捐献43例分析,2019,"脑死亡后,紧急气管插管",置气管插管!胃管!尿管,0.445299803774771,原因，供者在脑死亡后使用呼吸机，缺乏咳嗽反 射!自主排痰功能，呼吸机相关性肺炎的发生率高， 免疫力低下，应用皮质激素，接受各种侵袭性操作留 置气管插管!胃管!尿管!静脉导管!各种引流管，往 往发生多部位定植菌的感染，导致这类患者易患各 种感染)需要医务工作者关注肺部等重点脏器体 征,
3201.txt,广东梅州客家地区脑死亡器官捐献43例分析,2019,供体心肺的切取气管插管,置气管插管!胃管!尿管,0.445299803774771,原因，供者在脑死亡后使用呼吸机，缺乏咳嗽反 射!自主排痰功能，呼吸机相关性肺炎的发生率高， 免疫力低下，应用皮质激素，接受各种侵袭性操作留 置气管插管!胃管!尿管!静脉导管!各种引流管，往 往发生多部位定植菌的感染，导致这类患者易患各 种感染)需要医务工作者关注肺部等重点脏器体 征,
3201.txt,广东梅州客家地区脑死亡器官捐献43例分析,2019,供肺切取:供体气管插管,置气管插管!胃管!尿管,0.483602220505678,原因，供者在脑死亡后使用呼吸机，缺乏咳嗽反 射!自主排痰功能，呼吸机相关性肺炎的发生率高， 免疫力低下，应用皮质激素，接受各种侵袭性操作留 置气管插管!胃管!尿管!静脉导管!各种引流管，往 往发生多部位定植菌的感染，导致这类患者易患各 种感染)需要医务工作者关注肺部等重点脏器体 征,
3244.txt,合并肺段挫伤供肺肺移植的临床疗效分析,2018,供者气管插管,供体气管插管,0.125,要为严重颅脑外伤、脑卒中等[12]。从发病至抢救无效达到脑死亡捐献状态，许多供体家属仍无法接受既定事实，仍需要大量时间与之沟通捐献事宜。因此供体气管插管机械辅助通气时间很难控制在48h以内。气管插管机械辅助通气时间超过3d，供肺大多会合并呼吸机相关性肺炎，而且易合并耐药菌感染，因此,
3244.txt,合并肺段挫伤供肺肺移植的临床疗效分析,2018,供体手术气管插管,因此供体气管插管,0.2,病主要为严重颅脑外伤、脑卒中等[12]。从发病至抢救无效达到脑死亡捐献状态，许多供体家属仍无法接受既定事实，仍需要大量时间与之沟通捐献事宜。因此供体气管插管机械辅助通气时间很难控制在48h以内。气管插管机械辅助通气时间超过3d，供肺大多会合并呼吸机相关性肺炎，而且易合并耐药菌感染，,
3244.txt,合并肺段挫伤供肺肺移植的临床疗效分析,2018,供者行气管插管,此供体气管插管,0.222222222222222,主要为严重颅脑外伤、脑卒中等[12]。从发病至抢救无效达到脑死亡捐献状态，许多供体家属仍无法接受既定事实，仍需要大量时间与之沟通捐献事宜。因此供体气管插管机械辅助通气时间很难控制在48h以内。气管插管机械辅助通气时间超过3d，供肺大多会合并呼吸机相关性肺炎，而且易合并耐药菌感染，因,
3244.txt,合并肺段挫伤供肺肺移植的临床疗效分析,2018,供体手术气管插管通气,气管插管机械辅助通气,0.285714285714286,严重颅脑外伤、脑卒中等[12]。从发病至抢救无效达到脑死亡捐献状态，许多供体家属仍无法接受既定事实，仍需要大量时间与之沟通捐献事宜。因此供体气管插管机械辅助通气时间很难控制在48h以内。气管插管机械辅助通气时间超过3d，供肺大多会合并呼吸机相关性肺炎，而且易合并耐药菌感染，因此首先,
3244.txt,合并肺段挫伤供肺肺移植的临床疗效分析,2018,气管切开气管插管,因此供体气管插管,0.288487526462115,病主要为严重颅脑外伤、脑卒中等[12]。从发病至抢救无效达到脑死亡捐献状态，许多供体家属仍无法接受既定事实，仍需要大量时间与之沟通捐献事宜。因此供体气管插管机械辅助通气时间很难控制在48h以内。气管插管机械辅助通气时间超过3d，供肺大多会合并呼吸机相关性肺炎，而且易合并耐药菌感染，,
3244.txt,合并肺段挫伤供肺肺移植的临床疗效分析,2018,脑死亡后，用麻醉机维持呼吸,死亡后，恢复呼吸机支持；脑,0.307692307692308,态，符合获取标准。心脏死亡器官捐献（DCD）供肺捐献流程：停止呼吸机机械通气后，待心脏停搏5min，氧饱和度为0，由红十字会指定专家确定心脏死亡后，恢复呼吸机支持；脑死亡器官捐献（DBD）或脑-心双死亡器官捐献（DBCD）供肺捐献流程：持续呼吸机机械通气支持。呼吸机给氧浓度维持在5,
3244.txt,合并肺段挫伤供肺肺移植的临床疗效分析,2018,供体平卧位，气管插管,宜。因此供体气管插管,0.333333333333333,原发病主要为严重颅脑外伤、脑卒中等[12]。从发病至抢救无效达到脑死亡捐献状态，许多供体家属仍无法接受既定事实，仍需要大量时间与之沟通捐献事宜。因此供体气管插管机械辅助通气时间很难控制在48h以内。气管插管机械辅助通气时间超过3d，供肺大多会合并呼吸机相关性肺炎，而且易合并耐药菌感,
3244.txt,合并肺段挫伤供肺肺移植的临床疗效分析,2018,供肺切取:供体气管插管,事宜。因此供体气管插管,0.35549661336451,民原发病主要为严重颅脑外伤、脑卒中等[12]。从发病至抢救无效达到脑死亡捐献状态，许多供体家属仍无法接受既定事实，仍需要大量时间与之沟通捐献事宜。因此供体气管插管机械辅助通气时间很难控制在48h以内。气管插管机械辅助通气时间超过3d，供肺大多会合并呼吸机相关性肺炎，而且易合并耐药菌,
3244.txt,合并肺段挫伤供肺肺移植的临床疗效分析,2018,供心的切取供体气管插管后,供体气管插管机械辅助通气,0.375,要为严重颅脑外伤、脑卒中等[12]。从发病至抢救无效达到脑死亡捐献状态，许多供体家属仍无法接受既定事实，仍需要大量时间与之沟通捐献事宜。因此供体气管插管机械辅助通气时间很难控制在48h以内。气管插管机械辅助通气时间超过3d，供肺大多会合并呼吸机相关性肺炎，而且易合并耐药菌感染，因此,
3244.txt,合并肺段挫伤供肺肺移植的临床疗效分析,2018,供体心肺的切取气管插管,事宜。因此供体气管插管,0.384615384615385,民原发病主要为严重颅脑外伤、脑卒中等[12]。从发病至抢救无效达到脑死亡捐献状态，许多供体家属仍无法接受既定事实，仍需要大量时间与之沟通捐献事宜。因此供体气管插管机械辅助通气时间很难控制在48h以内。气管插管机械辅助通气时间超过3d，供肺大多会合并呼吸机相关性肺炎，而且易合并耐药菌,
3244.txt,合并肺段挫伤供肺肺移植的临床疗效分析,2018,脑死亡后迅速气管插管进行机械通气,宜。因此供体气管插管机械辅助通气,0.4,原发病主要为严重颅脑外伤、脑卒中等[12]。从发病至抢救无效达到脑死亡捐献状态，许多供体家属仍无法接受既定事实，仍需要大量时间与之沟通捐献事宜。因此供体气管插管机械辅助通气时间很难控制在48h以内。气管插管机械辅助通气时间超过3d，供肺大多会合并呼吸机相关性肺炎，而且易合并耐药菌感,
3244.txt,合并肺段挫伤供肺肺移植的临床疗效分析,2018,供心保护脑死亡后用麻醉机维持呼吸,心脏死亡后，恢复呼吸机支持；脑死,0.41074434901121,肺状态，符合获取标准。心脏死亡器官捐献（DCD）供肺捐献流程：停止呼吸机机械通气后，待心脏停搏5min，氧饱和度为0，由红十字会指定专家确定心脏死亡后，恢复呼吸机支持；脑死亡器官捐献（DBD）或脑-心双死亡器官捐献（DBCD）供肺捐献流程：持续呼吸机机械通气支持。呼吸机给氧浓度维持,
3244.txt,合并肺段挫伤供肺肺移植的临床疗效分析,2018,脑死亡后用麻醉机维持呼吸,脏死亡后，恢复呼吸机支持,0.416666666666667,状态，符合获取标准。心脏死亡器官捐献（DCD）供肺捐献流程：停止呼吸机机械通气后，待心脏停搏5min，氧饱和度为0，由红十字会指定专家确定心脏死亡后，恢复呼吸机支持；脑死亡器官捐献（DBD）或脑-心双死亡器官捐献（DBCD）供肺捐献流程：持续呼吸机机械通气支持。呼吸机给氧浓度维持在,
3244.txt,合并肺段挫伤供肺肺移植的临床疗效分析,2018,"供者平卧位,气管插管",宜。因此供体气管插管,0.416666666666667,原发病主要为严重颅脑外伤、脑卒中等[12]。从发病至抢救无效达到脑死亡捐献状态，许多供体家属仍无法接受既定事实，仍需要大量时间与之沟通捐献事宜。因此供体气管插管机械辅助通气时间很难控制在48h以内。气管插管机械辅助通气时间超过3d，供肺大多会合并呼吸机相关性肺炎，而且易合并耐药菌感,
3244.txt,合并肺段挫伤供肺肺移植的临床疗效分析,2018,"脑死亡后,气管插管",。因此供体气管插管,0.454545454545455,发病主要为严重颅脑外伤、脑卒中等[12]。从发病至抢救无效达到脑死亡捐献状态，许多供体家属仍无法接受既定事实，仍需要大量时间与之沟通捐献事宜。因此供体气管插管机械辅助通气时间很难控制在48h以内。气管插管机械辅助通气时间超过3d，供肺大多会合并呼吸机相关性肺炎，而且易合并耐药菌感染,
3244.txt,合并肺段挫伤供肺肺移植的临床疗效分析,2018,脑死亡后迅速气管插管,气管插管机械辅助通气,0.459938275132678,严重颅脑外伤、脑卒中等[12]。从发病至抢救无效达到脑死亡捐献状态，许多供体家属仍无法接受既定事实，仍需要大量时间与之沟通捐献事宜。因此供体气管插管机械辅助通气时间很难控制在48h以内。气管插管机械辅助通气时间超过3d，供肺大多会合并呼吸机相关性肺炎，而且易合并耐药菌感染，因此首先,
3244.txt,合并肺段挫伤供肺肺移植的临床疗效分析,2018,脑死亡后插入气管导管,气管插管机械辅助通气,0.459938275132678,严重颅脑外伤、脑卒中等[12]。从发病至抢救无效达到脑死亡捐献状态，许多供体家属仍无法接受既定事实，仍需要大量时间与之沟通捐献事宜。因此供体气管插管机械辅助通气时间很难控制在48h以内。气管插管机械辅助通气时间超过3d，供肺大多会合并呼吸机相关性肺炎，而且易合并耐药菌感染，因此首先,
3244.txt,合并肺段挫伤供肺肺移植的临床疗效分析,2018,供体死亡后行人工呼吸、循环支持,死亡后，恢复呼吸机支持；脑死亡,0.466886010016817,态，符合获取标准。心脏死亡器官捐献（DCD）供肺捐献流程：停止呼吸机机械通气后，待心脏停搏5min，氧饱和度为0，由红十字会指定专家确定心脏死亡后，恢复呼吸机支持；脑死亡器官捐献（DBD）或脑-心双死亡器官捐献（DBCD）供肺捐献流程：持续呼吸机机械通气支持。呼吸机给氧浓度维持在5,
3244.txt,合并肺段挫伤供肺肺移植的临床疗效分析,2018,"脑死亡后气管紧急插管,纯氧通气",。因此供体气管插管机械辅助通气,0.473684210526316,发病主要为严重颅脑外伤、脑卒中等[12]。从发病至抢救无效达到脑死亡捐献状态，许多供体家属仍无法接受既定事实，仍需要大量时间与之沟通捐献事宜。因此供体气管插管机械辅助通气时间很难控制在48h以内。气管插管机械辅助通气时间超过3d，供肺大多会合并呼吸机相关性肺炎，而且易合并耐药菌感染,
3244.txt,合并肺段挫伤供肺肺移植的临床疗效分析,2018,经气管切开气管插管建立人工呼吸,。因此供体气管插管机械辅助通气,0.473798639441566,发病主要为严重颅脑外伤、脑卒中等[12]。从发病至抢救无效达到脑死亡捐献状态，许多供体家属仍无法接受既定事实，仍需要大量时间与之沟通捐献事宜。因此供体气管插管机械辅助通气时间很难控制在48h以内。气管插管机械辅助通气时间超过3d，供肺大多会合并呼吸机相关性肺炎，而且易合并耐药菌感染,
3244.txt,合并肺段挫伤供肺肺移植的临床疗效分析,2018,"脑死亡后,紧急气管插管",体气管插管机械辅助通气,0.498719588172397,为严重颅脑外伤、脑卒中等[12]。从发病至抢救无效达到脑死亡捐献状态，许多供体家属仍无法接受既定事实，仍需要大量时间与之沟通捐献事宜。因此供体气管插管机械辅助通气时间很难控制在48h以内。气管插管机械辅助通气时间超过3d，供肺大多会合并呼吸机相关性肺炎，而且易合并耐药菌感染，因此首,
3244.txt,合并肺段挫伤供肺肺移植的临床疗效分析,2018,脑死亡后立即气管内插管给氧,以内。气管插管机械辅助通气,0.49902056713188,抢救无效达到脑死亡捐献状态，许多供体家属仍无法接受既定事实，仍需要大量时间与之沟通捐献事宜。因此供体气管插管机械辅助通气时间很难控制在48h以内。气管插管机械辅助通气时间超过3d，供肺大多会合并呼吸机相关性肺炎，而且易合并耐药菌感染，因此首先需要行影像学检查了解有否感染、挫伤、实变,
3244.txt,合并肺段挫伤供肺肺移植的临床疗效分析,2018,供体心肺的获取和保护..行气管插管通气,捐献事宜。因此供体气管插管机械辅助通气,0.499565406263021,献公民原发病主要为严重颅脑外伤、脑卒中等[12]。从发病至抢救无效达到脑死亡捐献状态，许多供体家属仍无法接受既定事实，仍需要大量时间与之沟通捐献事宜。因此供体气管插管机械辅助通气时间很难控制在48h以内。气管插管机械辅助通气时间超过3d，供肺大多会合并呼吸机相关性肺炎，而且易合并耐,
3435.txt,第39届国际心肺移植协会年会热点速递,2019,供者气管插管,受者气管插管,0.125,"较低，中位随 访时间162 d,均存活。该研究考虑到HCV在体外 供肺与在正常体内不同，抗病毒药物需要在体内代 谢才能发挥作用,而肺移植术后受者气管插管导致 口服药物不便，因此采取了照射的方式作用于病毒 核酸。但该研究病例较少，观察时间有限，其对术后 并发症、移植物排斥反应和长期存",
3435.txt,第39届国际心肺移植协会年会热点速递,2019,供者行气管插管,后受者气管插管,0.222222222222222,"数较低，中位随 访时间162 d,均存活。该研究考虑到HCV在体外 供肺与在正常体内不同，抗病毒药物需要在体内代 谢才能发挥作用,而肺移植术后受者气管插管导致 口服药物不便，因此采取了照射的方式作用于病毒 核酸。但该研究病例较少，观察时间有限，其对术后 并发症、移植物排斥反应和长期",
3435.txt,第39届国际心肺移植协会年会热点速递,2019,气管切开气管插管,术后受者气管插管,0.288487526462115,"贝数较低，中位随 访时间162 d,均存活。该研究考虑到HCV在体外 供肺与在正常体内不同，抗病毒药物需要在体内代 谢才能发挥作用,而肺移植术后受者气管插管导致 口服药物不便，因此采取了照射的方式作用于病毒 核酸。但该研究病例较少，观察时间有限，其对术后 并发症、移植物排斥反应和长",
3435.txt,第39届国际心肺移植协会年会热点速递,2019,供体手术气管插管,术后受者气管插管,0.3,"贝数较低，中位随 访时间162 d,均存活。该研究考虑到HCV在体外 供肺与在正常体内不同，抗病毒药物需要在体内代 谢才能发挥作用,而肺移植术后受者气管插管导致 口服药物不便，因此采取了照射的方式作用于病毒 核酸。但该研究病例较少，观察时间有限，其对术后 并发症、移植物排斥反应和长",
3435.txt,第39届国际心肺移植协会年会热点速递,2019,脑死亡后插入气管导管,植术后受者气管插管导,0.333333333333333,"拷贝数较低，中位随 访时间162 d,均存活。该研究考虑到HCV在体外 供肺与在正常体内不同，抗病毒药物需要在体内代 谢才能发挥作用,而肺移植术后受者气管插管导致 口服药物不便，因此采取了照射的方式作用于病毒 核酸。但该研究病例较少，观察时间有限，其对术后 并发症、移植物排斥反应和",
3435.txt,第39届国际心肺移植协会年会热点速递,2019,"脑死亡后,气管插管",植术后受者气管插管,0.363636363636364,"拷贝数较低，中位随 访时间162 d,均存活。该研究考虑到HCV在体外 供肺与在正常体内不同，抗病毒药物需要在体内代 谢才能发挥作用,而肺移植术后受者气管插管导致 口服药物不便，因此采取了照射的方式作用于病毒 核酸。但该研究病例较少，观察时间有限，其对术后 并发症、移植物排斥反应和",
3435.txt,第39届国际心肺移植协会年会热点速递,2019,供体手术气管插管通气,移植术后受者气管插管,0.382786600151632,"A拷贝数较低，中位随 访时间162 d,均存活。该研究考虑到HCV在体外 供肺与在正常体内不同，抗病毒药物需要在体内代 谢才能发挥作用,而肺移植术后受者气管插管导致 口服药物不便，因此采取了照射的方式作用于病毒 核酸。但该研究病例较少，观察时间有限，其对术后 并发症、移植物排斥反应",
3435.txt,第39届国际心肺移植协会年会热点速递,2019,脑死亡后迅速气管插管,移植术后受者气管插管,0.416666666666667,"A拷贝数较低，中位随 访时间162 d,均存活。该研究考虑到HCV在体外 供肺与在正常体内不同，抗病毒药物需要在体内代 谢才能发挥作用,而肺移植术后受者气管插管导致 口服药物不便，因此采取了照射的方式作用于病毒 核酸。但该研究病例较少，观察时间有限，其对术后 并发症、移植物排斥反应",
3435.txt,第39届国际心肺移植协会年会热点速递,2019,"供者平卧位,气管插管",移植术后受者气管插管,0.416666666666667,"A拷贝数较低，中位随 访时间162 d,均存活。该研究考虑到HCV在体外 供肺与在正常体内不同，抗病毒药物需要在体内代 谢才能发挥作用,而肺移植术后受者气管插管导致 口服药物不便，因此采取了照射的方式作用于病毒 核酸。但该研究病例较少，观察时间有限，其对术后 并发症、移植物排斥反应",
3435.txt,第39届国际心肺移植协会年会热点速递,2019,"脑死亡后,紧急气管插管",肺移植术后受者气管插管,0.461538461538461,"NA拷贝数较低，中位随 访时间162 d,均存活。该研究考虑到HCV在体外 供肺与在正常体内不同，抗病毒药物需要在体内代 谢才能发挥作用,而肺移植术后受者气管插管导致 口服药物不便，因此采取了照射的方式作用于病毒 核酸。但该研究病例较少，观察时间有限，其对术后 并发症、移植物排斥反",
3435.txt,第39届国际心肺移植协会年会热点速递,2019,供体心肺的切取气管插管,肺移植术后受者气管插管,0.461538461538461,"NA拷贝数较低，中位随 访时间162 d,均存活。该研究考虑到HCV在体外 供肺与在正常体内不同，抗病毒药物需要在体内代 谢才能发挥作用,而肺移植术后受者气管插管导致 口服药物不便，因此采取了照射的方式作用于病毒 核酸。但该研究病例较少，观察时间有限，其对术后 并发症、移植物排斥反",
3435.txt,第39届国际心肺移植协会年会热点速递,2019,供肺切取:供体气管插管,肺移植术后受者气管插管,0.498719588172397,"NA拷贝数较低，中位随 访时间162 d,均存活。该研究考虑到HCV在体外 供肺与在正常体内不同，抗病毒药物需要在体内代 谢才能发挥作用,而肺移植术后受者气管插管导致 口服药物不便，因此采取了照射的方式作用于病毒 核酸。但该研究病例较少，观察时间有限，其对术后 并发症、移植物排斥反",
3435.txt,第39届国际心肺移植协会年会热点速递,2019,"脑死亡后气管紧急插管,纯氧通气","作用,而肺移植术后受者气管插管",0.499226604332809,"CV-RNA拷贝数较低，中位随 访时间162 d,均存活。该研究考虑到HCV在体外 供肺与在正常体内不同，抗病毒药物需要在体内代 谢才能发挥作用,而肺移植术后受者气管插管导致 口服药物不便，因此采取了照射的方式作用于病毒 核酸。但该研究病例较少，观察时间有限，其对术后 并发症、移植",
3450.txt,脑死亡患者无偿器官捐献中供体器官维护的护理,2016,经气管切开气管插管建立人工呼吸,人工气道管理核查指引单，从气管,0.425962152118072,有效供氧脑死亡供者随着时间的延续，发生坠积性肺炎、呼吸机相关性肺炎的可能性增加［2］。本科29例供体全部进行机械通气治疗。从患者入院时就建立人工气道管理核查指引单，从气管导管固定是否妥善；床头抬高30°~40°，每4小时检查胃储留量；是否正确评估患者的湿化效果，有创通气患者有湿化设,
3501.txt,肺移植供体肺的维护及获取,2016,气管切开气管插管,支气管镜检查气管,0.278312163512968,2没有胸部外伤。2．3持续机械通气＜1周。2．4ＦiＯ2＝1．0，ＰＥＥＰ＝5，ＰaＯ2＞300mmＨg。2．5胸片显示肺野相对清晰。2．6支气管镜检查气管内相对干净。2．7痰培养无特别致病菌。3氧合指数小于300供体处理原则3．1严重肺部感染或者肺实质性病变短时间内不能好转，则放,
3501.txt,肺移植供体肺的维护及获取,2016,供体平卧位，气管插管,病史，气管插管时间，,0.382786600151632,介绍。图1无锡市人民医院肺供体获取流程示意图1肺移植团队抵达供体捐献医院后即再次评估供体1．1血型、年龄、性别、身高、体重、胸围。1．2了解病史，气管插管时间，有无误吸，痰培养结果，血气分析，胸片或胸部ＣＴ有无浸润阴影。1．3行床旁纤支镜检查、吸痰，了解支气管黏膜有无充血水肿，痰液,
3501.txt,肺移植供体肺的维护及获取,2016,供体手术气管插管通气,．6支气管镜检查气管,0.428571428571429,2．2没有胸部外伤。2．3持续机械通气＜1周。2．4ＦiＯ2＝1．0，ＰＥＥＰ＝5，ＰaＯ2＞300mmＨg。2．5胸片显示肺野相对清晰。2．6支气管镜检查气管内相对干净。2．7痰培养无特别致病菌。3氧合指数小于300供体处理原则3．1严重肺部感染或者肺实质性病变短时间内不能好转，,
3541.txt,中国心脏死亡捐献供肾器官的维护,2016,供者气管插管,需要气管插管,0.25,题。潜在供者在ＩＣＵ治疗期间，因为病情严重往往需要留置胃管、尿管、伤口引流管、静脉营养管、中心静脉导管等各种管道，几乎所有患者都需要气管插管呼吸机辅助呼吸；有时候长期卧床还可导致压疮、坠积性肺炎等，开放性损伤则造成软组织_x000C_？746？临床外科杂志2016,
3541.txt,中国心脏死亡捐献供肾器官的维护,2016,气管切开气管插管,都需要气管插管,0.288487526462115,的难题。潜在供者在ＩＣＵ治疗期间，因为病情严重往往需要留置胃管、尿管、伤口引流管、静脉营养管、中心静脉导管等各种管道，几乎所有患者都需要气管插管呼吸机辅助呼吸；有时候长期卧床还可导致压疮、坠积性肺炎等，开放性损伤则造成软组织_x000C_？746？临床外科杂志20,
3541.txt,中国心脏死亡捐献供肾器官的维护,2016,供者行气管插管,都需要气管插管,0.333333333333333,难题。潜在供者在ＩＣＵ治疗期间，因为病情严重往往需要留置胃管、尿管、伤口引流管、静脉营养管、中心静脉导管等各种管道，几乎所有患者都需要气管插管呼吸机辅助呼吸；有时候长期卧床还可导致压疮、坠积性肺炎等，开放性损伤则造成软组织_x000C_？746？临床外科杂志201,
3541.txt,中国心脏死亡捐献供肾器官的维护,2016,供体手术气管插管,都需要气管插管,0.4,的难题。潜在供者在ＩＣＵ治疗期间，因为病情严重往往需要留置胃管、尿管、伤口引流管、静脉营养管、中心静脉导管等各种管道，几乎所有患者都需要气管插管呼吸机辅助呼吸；有时候长期卧床还可导致压疮、坠积性肺炎等，开放性损伤则造成软组织_x000C_？746？临床外科杂志20,
3541.txt,中国心脏死亡捐献供肾器官的维护,2016,经气管切开气管插管建立人工呼吸,都需要气管插管呼吸机辅助呼吸,0.408479518248723,的难题。潜在供者在ＩＣＵ治疗期间，因为病情严重往往需要留置胃管、尿管、伤口引流管、静脉营养管、中心静脉导管等各种管道，几乎所有患者都需要气管插管呼吸机辅助呼吸；有时候长期卧床还可导致压疮、坠积性肺炎等，开放性损伤则造成软组织_x000C_？746？临床外科杂志20,
3541.txt,中国心脏死亡捐献供肾器官的维护,2016,"供者平卧位,气管插管",者都需要气管插管,0.416666666666667,医生的难题。潜在供者在ＩＣＵ治疗期间，因为病情严重往往需要留置胃管、尿管、伤口引流管、静脉营养管、中心静脉导管等各种管道，几乎所有患者都需要气管插管呼吸机辅助呼吸；有时候长期卧床还可导致压疮、坠积性肺炎等，开放性损伤则造成软组织_x000C_？746？临床外科杂志,
3541.txt,中国心脏死亡捐献供肾器官的维护,2016,"脑死亡后,气管插管",都需要气管插管,0.454545454545455,生的难题。潜在供者在ＩＣＵ治疗期间，因为病情严重往往需要留置胃管、尿管、伤口引流管、静脉营养管、中心静脉导管等各种管道，几乎所有患者都需要气管插管呼吸机辅助呼吸；有时候长期卧床还可导致压疮、坠积性肺炎等，开放性损伤则造成软组织_x000C_？746？临床外科杂志2,
3541.txt,中国心脏死亡捐献供肾器官的维护,2016,供体手术气管插管通气,者都需要气管插管,0.459938275132678,医生的难题。潜在供者在ＩＣＵ治疗期间，因为病情严重往往需要留置胃管、尿管、伤口引流管、静脉营养管、中心静脉导管等各种管道，几乎所有患者都需要气管插管呼吸机辅助呼吸；有时候长期卧床还可导致压疮、坠积性肺炎等，开放性损伤则造成软组织_x000C_？746？临床外科杂志,
3541.txt,中国心脏死亡捐献供肾器官的维护,2016,"供心切取配合,护士协助医生气管插管辅助呼吸",乎所有患者都需要气管插管呼吸机辅助呼吸,0.499629766702324,困扰移植医生的难题。潜在供者在ＩＣＵ治疗期间，因为病情严重往往需要留置胃管、尿管、伤口引流管、静脉营养管、中心静脉导管等各种管道，几乎所有患者都需要气管插管呼吸机辅助呼吸；有时候长期卧床还可导致压疮、坠积性肺炎等，开放性损伤则造成软组织_x000C_？746？临床外,
3554.txt,复杂先天性心脏病心脏移植杂交术围术期管理要点,2018,供心的切取供体气管插管后,.LN供心的获取 供心的,0.469669914110089,"阻断 2# mn,患者术后5 C转出<CU,20 C后出院，目前 仍在随访中）&*&"", 
""2 +,Bm"", ""2- N术前准备"", ""2.LN供心的获取 供心的质量对于术后患者心"", ""jv}!e-.HMBaDFGDF|*HyKNK(Fw$_"", ""_Z!FNP[TPA!NM!",
3603.txt,心脏死亡器官捐献专科护士岗位的设立及实践,2016,供心切取配合..气管插管,.2.4器官切取配合手术,0.465477516175151,者宣布死亡通知即打开无菌包、准备一次性物品，铺好无菌操作台。接供者入手术间，与人体器官获取组织、器官捐献协调员见证并留存默哀仪式影像资料。2.2.4器官切取配合手术医生进行器官切取，观察术中器官保存液灌注、引流情况，保持灌注、引流通畅。器官获取成功后，备好无菌肝袋、肾袋，留取器官，,
3651.txt,同种异体原位心脏移植18例临床分析,2018,供体全身肝素化后，仰卧位，经口气管内插管,中开胸，全身肝素化，缝制升主动脉灌注管，,0.479583500133467,例供、受者体质量比为0．77。供心的术前检查均未发现明显结构异常。1．3手术方法1．3．1供心获取及保存方法19例供心均在心脏搏动下获取。正中开胸，全身肝素化，缝制升主动脉灌注管，分别阻断上下腔静脉及灌注管头远端的升主动脉，先用4℃1000mＬ组氨酸－色氨酸－酮戊二酸液（ＨＴＫ液）,
3651.txt,同种异体原位心脏移植18例临床分析,2018,"供体心脏的提取供心者取仰卧位,垫高胸腔,气管插管",取的供心。3．2供者心脏的保护最大限度地降低供心,0.499226604332809,2－13］。术前准备过程中，通过综合手段尽量降低患者肺动脉压力，尽量选择体质量大的供体，尽量选择在脑死亡后有稳定的血流动力学和不缺氧条件下获取的供心。3．2供者心脏的保护最大限度地降低供心的心肌损伤也是心脏移植成功的重要因素［14］。我院全部选用脑死亡患者，选择使用ＨＴＫ液作为供体,
3654.txt,复杂先天性心脏病心脏移植杂交手术1例,2017,脑死亡后插入气管导管,引导导管进入侧支血管,0.459938275132678,心脏移植时供体心脏的时间窗很短，大约为4h，因此，需要快速完成介入封堵，这就需要准确的判断和丰富的经验。本例患者在介入封堵侧支血管时导丝很难引导导管进入侧支血管，甚至导丝亦难以进入，与侧支血管开口的角度及扭曲有关，尝试多种导管均失败，最后更换YASHIＲOTYPE导管在无导丝指引时,
3689.txt,心血管外科ICU 66例心脏移植患者医院感染发病率,2016,供体手术气管插管,术中使用气管插管,0.3,的原因有：心脏移植患者常有心肌病、冠脉粥样硬化性心脏病、心脏瓣膜病等基础疾病，心脏移植以急诊手术居多，移植术前供体感染状况未能有效监测，移植术中使用气管插管、中心静脉置管、导尿管等侵入性操作，且留置时间较长，移植术后均使用抗菌药物和免疫抑制剂。心脏移植术后发生ＩＣＵ医院感染的主要部,
3689.txt,心血管外科ICU 66例心脏移植患者医院感染发病率,2016,供体手术气管插管通气,移植术中使用气管插管,0.382786600151632,可能的原因有：心脏移植患者常有心肌病、冠脉粥样硬化性心脏病、心脏瓣膜病等基础疾病，心脏移植以急诊手术居多，移植术前供体感染状况未能有效监测，移植术中使用气管插管、中心静脉置管、导尿管等侵入性操作，且留置时间较长，移植术后均使用抗菌药物和免疫抑制剂。心脏移植术后发生ＩＣＵ医院感染的主,
3689.txt,心血管外科ICU 66例心脏移植患者医院感染发病率,2016,供体心肺的切取气管插管,气管插管、中心静脉置管,0.394594485403319,：心脏移植患者常有心肌病、冠脉粥样硬化性心脏病、心脏瓣膜病等基础疾病，心脏移植以急诊手术居多，移植术前供体感染状况未能有效监测，移植术中使用气管插管、中心静脉置管、导尿管等侵入性操作，且留置时间较长，移植术后均使用抗菌药物和免疫抑制剂。心脏移植术后发生ＩＣＵ医院感染的主要部位为下呼,
3689.txt,心血管外科ICU 66例心脏移植患者医院感染发病率,2016,供心切取配合..气管插管,用气管插管、中心静脉置管,0.469669914110089,有：心脏移植患者常有心肌病、冠脉粥样硬化性心脏病、心脏瓣膜病等基础疾病，心脏移植以急诊手术居多，移植术前供体感染状况未能有效监测，移植术中使用气管插管、中心静脉置管、导尿管等侵入性操作，且留置时间较长，移植术后均使用抗菌药物和免疫抑制剂。心脏移植术后发生ＩＣＵ医院感染的主要部位为下,
3689.txt,心血管外科ICU 66例心脏移植患者医院感染发病率,2016,供心的切取供体气管插管后,用气管插管、中心静脉置管,0.469669914110089,有：心脏移植患者常有心肌病、冠脉粥样硬化性心脏病、心脏瓣膜病等基础疾病，心脏移植以急诊手术居多，移植术前供体感染状况未能有效监测，移植术中使用气管插管、中心静脉置管、导尿管等侵入性操作，且留置时间较长，移植术后均使用抗菌药物和免疫抑制剂。心脏移植术后发生ＩＣＵ医院感染的主要部位为下,
3704.txt,肺移植术后感染的评估与救治,2018,气管切开气管插管,气管插管、鼻胃管,0.198216274262727,和病毒［9-11］。术后患者肺部感染的高危因素主要有：移植的肺脏与外界相通，持续受到上呼吸道定植微生物的影响及暴露在外部的病原体环境中；术后气管插管、鼻胃管、支气管镜等技术的运用；供体肺携带的病原体；术后支气管循环中断引起的上皮细胞完整性被破坏、纤毛功能受损导致术后早期易并发感染；,
3704.txt,肺移植术后感染的评估与救治,2018,"脑死亡后,气管插管",后气管插管、鼻胃管,0.299350950254629,菌和病毒［9-11］。术后患者肺部感染的高危因素主要有：移植的肺脏与外界相通，持续受到上呼吸道定植微生物的影响及暴露在外部的病原体环境中；术后气管插管、鼻胃管、支气管镜等技术的运用；供体肺携带的病原体；术后支气管循环中断引起的上皮细胞完整性被破坏、纤毛功能受损导致术后早期易并发感染,
3704.txt,肺移植术后感染的评估与救治,2018,供体手术气管插管,中；术后气管插管,0.3,次为真菌和病毒［9-11］。术后患者肺部感染的高危因素主要有：移植的肺脏与外界相通，持续受到上呼吸道定植微生物的影响及暴露在外部的病原体环境中；术后气管插管、鼻胃管、支气管镜等技术的运用；供体肺携带的病原体；术后支气管循环中断引起的上皮细胞完整性被破坏、纤毛功能受损导致术后早期易并,
3704.txt,肺移植术后感染的评估与救治,2018,脑死亡后迅速气管插管,术后气管插管、鼻胃管,0.350480947161671,真菌和病毒［9-11］。术后患者肺部感染的高危因素主要有：移植的肺脏与外界相通，持续受到上呼吸道定植微生物的影响及暴露在外部的病原体环境中；术后气管插管、鼻胃管、支气管镜等技术的运用；供体肺携带的病原体；术后支气管循环中断引起的上皮细胞完整性被破坏、纤毛功能受损导致术后早期易并发感,
3704.txt,肺移植术后感染的评估与救治,2018,脑死亡后插入气管导管,术后气管插管、鼻胃管,0.350480947161671,真菌和病毒［9-11］。术后患者肺部感染的高危因素主要有：移植的肺脏与外界相通，持续受到上呼吸道定植微生物的影响及暴露在外部的病原体环境中；术后气管插管、鼻胃管、支气管镜等技术的运用；供体肺携带的病原体；术后支气管循环中断引起的上皮细胞完整性被破坏、纤毛功能受损导致术后早期易并发感,
3704.txt,肺移植术后感染的评估与救治,2018,"脑死亡后,紧急气管插管",；术后气管插管、鼻胃管,0.394594485403319,为真菌和病毒［9-11］。术后患者肺部感染的高危因素主要有：移植的肺脏与外界相通，持续受到上呼吸道定植微生物的影响及暴露在外部的病原体环境中；术后气管插管、鼻胃管、支气管镜等技术的运用；供体肺携带的病原体；术后支气管循环中断引起的上皮细胞完整性被破坏、纤毛功能受损导致术后早期易并发,
3704.txt,肺移植术后感染的评估与救治,2018,脑死亡后迅速气管插管进行机械通气,估流程时，均接受气管插管机械通气,0.4,成熟的欧美国家，供肺利用率也仅20%~40%［6］。我国捐献供肺的主要来源是脑死亡及脑死亡撤除生命支持装置后心脏死亡的供肺。这些供肺在进入评估流程时，均接受气管插管机械通气，发生肺炎的风险明显增加。如果患者此前如有外伤史，存在创伤性湿肺，发生肺部感染并形成脓性分泌物的风险更大。本中,
3704.txt,肺移植术后感染的评估与救治,2018,"进行供心、肺切取,吸净气管分泌物,气管插管给氧",气管插管、鼻胃管、支气管镜等技术的运用；供体肺,0.414630592995036,和病毒［9-11］。术后患者肺部感染的高危因素主要有：移植的肺脏与外界相通，持续受到上呼吸道定植微生物的影响及暴露在外部的病原体环境中；术后气管插管、鼻胃管、支气管镜等技术的运用；供体肺携带的病原体；术后支气管循环中断引起的上皮细胞完整性被破坏、纤毛功能受损导致术后早期易并发感染；,
3704.txt,肺移植术后感染的评估与救治,2018,"供者平卧位,气管插管",术后气管插管、鼻胃管,0.422649730810374,真菌和病毒［9-11］。术后患者肺部感染的高危因素主要有：移植的肺脏与外界相通，持续受到上呼吸道定植微生物的影响及暴露在外部的病原体环境中；术后气管插管、鼻胃管、支气管镜等技术的运用；供体肺携带的病原体；术后支气管循环中断引起的上皮细胞完整性被破坏、纤毛功能受损导致术后早期易并发感,
3704.txt,肺移植术后感染的评估与救治,2018,脑死亡后立即气管内插管给氧,后气管插管、鼻胃管、支气管,0.424644038217539,菌和病毒［9-11］。术后患者肺部感染的高危因素主要有：移植的肺脏与外界相通，持续受到上呼吸道定植微生物的影响及暴露在外部的病原体环境中；术后气管插管、鼻胃管、支气管镜等技术的运用；供体肺携带的病原体；术后支气管循环中断引起的上皮细胞完整性被破坏、纤毛功能受损导致术后早期易并发感染,
3704.txt,肺移植术后感染的评估与救治,2018,供体心肺的切取气管插管,管插管、鼻胃管、支气管,0.445299803774771,病毒［9-11］。术后患者肺部感染的高危因素主要有：移植的肺脏与外界相通，持续受到上呼吸道定植微生物的影响及暴露在外部的病原体环境中；术后气管插管、鼻胃管、支气管镜等技术的运用；供体肺携带的病原体；术后支气管循环中断引起的上皮细胞完整性被破坏、纤毛功能受损导致术后早期易并发感染；术,
3704.txt,肺移植术后感染的评估与救治,2018,供心的切取供体气管插管后,原体环境中；术后气管插管,0.465477516175151,多见，其次为真菌和病毒［9-11］。术后患者肺部感染的高危因素主要有：移植的肺脏与外界相通，持续受到上呼吸道定植微生物的影响及暴露在外部的病原体环境中；术后气管插管、鼻胃管、支气管镜等技术的运用；供体肺携带的病原体；术后支气管循环中断引起的上皮细胞完整性被破坏、纤毛功能受损导致术后,
3704.txt,肺移植术后感染的评估与救治,2018,供心切取配合..气管插管,气管插管、鼻胃管、支气管,0.480298849612313,和病毒［9-11］。术后患者肺部感染的高危因素主要有：移植的肺脏与外界相通，持续受到上呼吸道定植微生物的影响及暴露在外部的病原体环境中；术后气管插管、鼻胃管、支气管镜等技术的运用；供体肺携带的病原体；术后支气管循环中断引起的上皮细胞完整性被破坏、纤毛功能受损导致术后早期易并发感染；,
3704.txt,肺移植术后感染的评估与救治,2018,供肺切取:供体气管插管,管插管、鼻胃管、支气管,0.483602220505678,病毒［9-11］。术后患者肺部感染的高危因素主要有：移植的肺脏与外界相通，持续受到上呼吸道定植微生物的影响及暴露在外部的病原体环境中；术后气管插管、鼻胃管、支气管镜等技术的运用；供体肺携带的病原体；术后支气管循环中断引起的上皮细胞完整性被破坏、纤毛功能受损导致术后早期易并发感染；术,
3704.txt,肺移植术后感染的评估与救治,2018,供体心肺的获取和保护..行气管插管通气,均接受气管插管机械通气，发生肺炎的风险,0.499565406263021,国家，供肺利用率也仅20%~40%［6］。我国捐献供肺的主要来源是脑死亡及脑死亡撤除生命支持装置后心脏死亡的供肺。这些供肺在进入评估流程时，均接受气管插管机械通气，发生肺炎的风险明显增加。如果患者此前如有外伤史，存在创伤性湿肺，发生肺部感染并形成脓性分泌物的风险更大。本中心的肺供体,
3729.txt,心脏死亡器官捐献供肺获取的手术配合,2016,快速胸部正中切口进胸,刀胸部正中切口，递胸,0.25,逐层套好，在第3个袋中放入敲好的无菌冰屑，从里到外第1个袋中放入Perfadex肺灌注液2000ml。供体消毒后迅速铺盖剖腹单，递22#切皮刀胸部正中切口，递胸骨锯正中切开胸骨，递组织剪纵行切开胸膜，开胸器牵开胸骨；递组织剪垂直向下剪开心包至膈肌，暴露升主动脉和肺动脉干；递3－0薇,
3729.txt,心脏死亡器官捐献供肺获取的手术配合,2016,脑死亡后，用麻醉机维持呼吸,脑死亡后，停用维持生命支持,0.35549661336451,洪波：男，本科，护师物1例。氧合指数（PaO2/FiO2）192~490mmHg。DCD患者依据“中国心脏死亡器官捐献分类标准”［6］判定为脑死亡后，停用维持生命支持措施，呼吸、心跳停止后发生心脏死亡。5例捐献患者家属同意捐献器官并签署了相关文件。5例供肺获取中，1例因感染、局部浸,
3729.txt,心脏死亡器官捐献供肺获取的手术配合,2016,脑死亡后用麻醉机维持呼吸,判定为脑死亡后，停用维持,0.416666666666667,术部邱洪波：男，本科，护师物1例。氧合指数（PaO2/FiO2）192~490mmHg。DCD患者依据“中国心脏死亡器官捐献分类标准”［6］判定为脑死亡后，停用维持生命支持措施，呼吸、心跳停止后发生心脏死亡。5例捐献患者家属同意捐献器官并签署了相关文件。5例供肺获取中，1例因感染、,
3809.txt,心肺联合移植11例单中心经验,2019,供者气管插管,腔气管内插管,0.25,"择标准,心脏功能优 先考虑$所有手术均经广州医科大学附属第一医院 伦理委员会审核通过$"", ""1.2 手术方法"", ""所有受者均全身麻醉,单腔气管内插管;常规留 置经食管超声心动图及桡动脉和股动脉测压管$"", ""(3)供者心肺准备"", ""仔细检查供者心肺,评估获取时可能造成的 损伤",
3809.txt,心肺联合移植11例单中心经验,2019,气管切开气管插管,"暴露气管,在气管",0.278312163512968,"右支气管,切除右肺$左肺切除 步骤同右肺$注意保护膈神经%喉返神经及迷走 神经$"", 
""完成肺切除后,切开主动脉和上腔静脉之间的 后心包,暴露气管,在气管隆突周围的软组织上做横 切口,位置应尽可能低,以保证远段气管的血供$钝 性分离隆突和支气管残端,注意避免损伤迷走神经$ 纵隔游",
3809.txt,心肺联合移植11例单中心经验,2019,供者行气管插管,单腔气管内插管,0.333333333333333,"选择标准,心脏功能优 先考虑$所有手术均经广州医科大学附属第一医院 伦理委员会审核通过$"", ""1.2 手术方法"", ""所有受者均全身麻醉,单腔气管内插管;常规留 置经食管超声心动图及桡动脉和股动脉测压管$"", ""(3)供者心肺准备"", ""仔细检查供者心肺,评估获取时可能造成的 损",
3809.txt,心肺联合移植11例单中心经验,2019,"脑死亡后,气管插管","醉,单腔气管内插管",0.363636363636364,"供者选择标准,心脏功能优 先考虑$所有手术均经广州医科大学附属第一医院 伦理委员会审核通过$"", ""1.2 手术方法"", ""所有受者均全身麻醉,单腔气管内插管;常规留 置经食管超声心动图及桡动脉和股动脉测压管$"", ""(3)供者心肺准备"", ""仔细检查供者心肺,评估获取时可能造成的",
3809.txt,心肺联合移植11例单中心经验,2019,供体手术气管插管,",单腔气管内插管",0.4,"者选择标准,心脏功能优 先考虑$所有手术均经广州医科大学附属第一医院 伦理委员会审核通过$"", ""1.2 手术方法"", ""所有受者均全身麻醉,单腔气管内插管;常规留 置经食管超声心动图及桡动脉和股动脉测压管$"", ""(3)供者心肺准备"", ""仔细检查供者心肺,评估获取时可能造成的 ",
3809.txt,心肺联合移植11例单中心经验,2019,经气管切开气管插管建立人工呼吸,腔气管内插管;常规留 置经食管,0.408479518248723,"择标准,心脏功能优 先考虑$所有手术均经广州医科大学附属第一医院 伦理委员会审核通过$"", ""1.2 手术方法"", ""所有受者均全身麻醉,单腔气管内插管;常规留 置经食管超声心动图及桡动脉和股动脉测压管$"", ""(3)供者心肺准备"", ""仔细检查供者心肺,评估获取时可能造成的 损伤",
3809.txt,心肺联合移植11例单中心经验,2019,"供者平卧位,气管插管","麻醉,单腔气管内插管",0.416666666666667,"的供者选择标准,心脏功能优 先考虑$所有手术均经广州医科大学附属第一医院 伦理委员会审核通过$"", ""1.2 手术方法"", ""所有受者均全身麻醉,单腔气管内插管;常规留 置经食管超声心动图及桡动脉和股动脉测压管$"", ""(3)供者心肺准备"", ""仔细检查供者心肺,评估获取时可能造成",
3809.txt,心肺联合移植11例单中心经验,2019,供体手术气管插管通气,"暴露气管,在气管隆突",0.428571428571429,"右支气管,切除右肺$左肺切除 步骤同右肺$注意保护膈神经%喉返神经及迷走 神经$"", 
""完成肺切除后,切开主动脉和上腔静脉之间的 后心包,暴露气管,在气管隆突周围的软组织上做横 切口,位置应尽可能低,以保证远段气管的血供$钝 性分离隆突和支气管残端,注意避免损伤迷走神经$ 纵隔游",
3809.txt,心肺联合移植11例单中心经验,2019,"脑死亡后气管紧急插管,纯氧通气","间的 后心包,暴露气管,在气管",0.449311208246065,"做一切口,切断右支气管,切除右肺$左肺切除 步骤同右肺$注意保护膈神经%喉返神经及迷走 神经$"", 
""完成肺切除后,切开主动脉和上腔静脉之间的 后心包,暴露气管,在气管隆突周围的软组织上做横 切口,位置应尽可能低,以保证远段气管的血供$钝 性分离隆突和支气管残端,注意避免损伤迷走",
3809.txt,心肺联合移植11例单中心经验,2019,"进行供心、肺切取,吸净气管分泌物,气管插管给氧","m处横断气管，吸除气道内分泌物"", 
""⑴插管",0.450468043740049,"保留肺动脉和左房,无需修 整;完整保留上%下腔静脉$注意探查供心是否存在 卵圆孔未闭，如有则用4-0聚丙烯缝线缝闭。在供 者气管隆突上2 cm处横断气管，吸除气道内分泌物"", 
""⑴插管建立体外循环，\t，\t并用等渗Na(l溶液冲洗,修剪气管保留1~2个气"", ""肝素化(300 ",
3809.txt,心肺联合移植11例单中心经验,2019,快速胸部正中切口进胸,者均采用胸骨正中切口,0.452277442494834,合 并肺血管病变%肺动脉栓塞%双肺移植术后心肺功能衰竭及扩张型心肌病合并慢性阻塞性肺疾病 各1例$供者选择参照肺移植及心脏移植标准$11例受者均采用胸骨正中切口，经主动脉和 上%下腔静脉远端插管建立体外循环，切除受者心肺后，植入供肺和供心，依次吻合气管%主动脉% 上腔静脉及下腔静脉,
3809.txt,心肺联合移植11例单中心经验,2019,"脑死亡后,紧急气管插管","身麻醉,单腔气管内插管",0.461538461538461,"植的供者选择标准,心脏功能优 先考虑$所有手术均经广州医科大学附属第一医院 伦理委员会审核通过$"", ""1.2 手术方法"", ""所有受者均全身麻醉,单腔气管内插管;常规留 置经食管超声心动图及桡动脉和股动脉测压管$"", ""(3)供者心肺准备"", ""仔细检查供者心肺,评估获取时可能造",
3809.txt,心肺联合移植11例单中心经验,2019,供心的切取供体气管插管后,供肺和供心，依次吻合气管,0.465477516175151, 各1例$供者选择参照肺移植及心脏移植标准$11例受者均采用胸骨正中切口，经主动脉和 上%下腔静脉远端插管建立体外循环，切除受者心肺后，植入供肺和供心，依次吻合气管%主动脉% 上腔静脉及下腔静脉$结果 11例受者中，4例术后30 8内死亡，其中2例死于胸腔及纵隔出 血，2例死于脑血,
3809.txt,心肺联合移植11例单中心经验,2019,"供体心脏的提取供心者取仰卧位,垫高胸腔,气管插管","）,选 用体质量略轻的供者供心,供心功能优先于供",0.484790162680692,"者心 脏严重扩大,可选择体积较大的供肺$由于供者无 慢性肺血管疾病,因此紧急情况下可适当放宽心脏 移植供%受者匹配原则（标准体质量差<20%）,选 用体质量略轻的供者供心,供心功能优先于供肺 功能$"", 
""谨慎操作及彻底止血是心肺联合移植手术成功 的关键也。本研究11例受者中,2",
3809.txt,心肺联合移植11例单中心经验,2019,供体心肺的切取气管插管,肺和供心，依次吻合气管,0.498254793995745,各1例$供者选择参照肺移植及心脏移植标准$11例受者均采用胸骨正中切口，经主动脉和 上%下腔静脉远端插管建立体外循环，切除受者心肺后，植入供肺和供心，依次吻合气管%主动脉% 上腔静脉及下腔静脉$结果 11例受者中，4例术后30 8内死亡，其中2例死于胸腔及纵隔出 血，2例死于脑血管,
4001.txt,自体心脏移植切除心脏肿瘤应用现状及技术要点,2020,供者气管插管,插管。从插管,0.329179606750063,名静脉 交汇处，保证置管后近端至少留有1 cm长度上腔静脉组织以 便分离和再吻合。下腔静脉必须从膈肌附着部游离以便能从 低位下腔静脉的前侧壁插管。从插管处至右房至少应保留约 1 cm长度下腔静脉组织以供分离和再植。②切除心脏，主动 脉、上下腔静脉分别在上述位置横断，注意避免损伤窦房,
4001.txt,自体心脏移植切除心脏肿瘤应用现状及技术要点,2020,供者行气管插管,壁插管。从插管,0.396977310844473,无名静脉 交汇处，保证置管后近端至少留有1 cm长度上腔静脉组织以 便分离和再吻合。下腔静脉必须从膈肌附着部游离以便能从 低位下腔静脉的前侧壁插管。从插管处至右房至少应保留约 1 cm长度下腔静脉组织以供分离和再植。②切除心脏，主动 脉、上下腔静脉分别在上述位置横断，注意避免损伤窦,
4001.txt,自体心脏移植切除心脏肿瘤应用现状及技术要点,2020,气管切开气管插管,侧壁插管。从插管,0.422649730810374,与无名静脉 交汇处，保证置管后近端至少留有1 cm长度上腔静脉组织以 便分离和再吻合。下腔静脉必须从膈肌附着部游离以便能从 低位下腔静脉的前侧壁插管。从插管处至右房至少应保留约 1 cm长度下腔静脉组织以供分离和再植。②切除心脏，主动 脉、上下腔静脉分别在上述位置横断，注意避免损伤,
4001.txt,自体心脏移植切除心脏肿瘤应用现状及技术要点,2020,供体手术气管插管,侧壁插管。从插管,0.452277442494834,与无名静脉 交汇处，保证置管后近端至少留有1 cm长度上腔静脉组织以 便分离和再吻合。下腔静脉必须从膈肌附着部游离以便能从 低位下腔静脉的前侧壁插管。从插管处至右房至少应保留约 1 cm长度下腔静脉组织以供分离和再植。②切除心脏，主动 脉、上下腔静脉分别在上述位置横断，注意避免损伤,
4001.txt,自体心脏移植切除心脏肿瘤应用现状及技术要点,2020,"脑死亡后,气管插管",前侧壁插管。从插管,0.498254793995745,脉与无名静脉 交汇处，保证置管后近端至少留有1 cm长度上腔静脉组织以 便分离和再吻合。下腔静脉必须从膈肌附着部游离以便能从 低位下腔静脉的前侧壁插管。从插管处至右房至少应保留约 1 cm长度下腔静脉组织以供分离和再植。②切除心脏，主动 脉、上下腔静脉分别在上述位置横断，注意避免损,
4001.txt,自体心脏移植切除心脏肿瘤应用现状及技术要点,2020,供体心肺的切取气管插管,环和自体心脏移植的插管,0.498254793995745,"中必须小心保存冠状窦等重要 结构。此外，再植线占用组织和收缩心脏。由于没有多余的 组织可供裁剪，心脏切除和重建变得更加复杂。"", 
""体外循环和自体心脏移植的插管与标准技术略有不同。 远端升主动脉可按常规方式插管进行动脉回流。然而，静脉 插管必须以允许双腔切除和再吻合的方式进行。因",
4052.txt,上海市胸科医院肺移植10年经验总结,2017,供者气管插管,腔管气管插管,0.183503419072274,物和病理检查。第一侧供肺（或单肺）的冷缺血时间为3．5~6h，平均4．5h；第二侧为5~8h，平均5．5h。2．受体手术：所有患者采用左侧双腔管气管插管。对于气道分泌物多或者感染性肺部疾病的患者先进行单腔管插管，吸净气道分泌物后，再进行双腔管插管。插管完成后用纤支镜确认气管插管位置,
4052.txt,上海市胸科医院肺移植10年经验总结,2017,气管切开气管插管,侧双腔管气管插管,0.198216274262727,微生物和病理检查。第一侧供肺（或单肺）的冷缺血时间为3．5~6h，平均4．5h；第二侧为5~8h，平均5．5h。2．受体手术：所有患者采用左侧双腔管气管插管。对于气道分泌物多或者感染性肺部疾病的患者先进行单腔管插管，吸净气道分泌物后，再进行双腔管插管。插管完成后用纤支镜确认气管插管,
4052.txt,上海市胸科医院肺移植10年经验总结,2017,供者行气管插管,双腔管气管插管,0.260399738366361,生物和病理检查。第一侧供肺（或单肺）的冷缺血时间为3．5~6h，平均4．5h；第二侧为5~8h，平均5．5h。2．受体手术：所有患者采用左侧双腔管气管插管。对于气道分泌物多或者感染性肺部疾病的患者先进行单腔管插管，吸净气道分泌物后，再进行双腔管插管。插管完成后用纤支镜确认气管插管位,
4052.txt,上海市胸科医院肺移植10年经验总结,2017,供体手术气管插管通气,腔管气管插管。对于气,0.307065132816417,物和病理检查。第一侧供肺（或单肺）的冷缺血时间为3．5~6h，平均4．5h；第二侧为5~8h，平均5．5h。2．受体手术：所有患者采用左侧双腔管气管插管。对于气道分泌物多或者感染性肺部疾病的患者先进行单腔管插管，吸净气道分泌物后，再进行双腔管插管。插管完成后用纤支镜确认气管插管位置,
4052.txt,上海市胸科医院肺移植10年经验总结,2017,供体手术气管插管,侧双腔管气管插管,0.323876596217187,微生物和病理检查。第一侧供肺（或单肺）的冷缺血时间为3．5~6h，平均4．5h；第二侧为5~8h，平均5．5h。2．受体手术：所有患者采用左侧双腔管气管插管。对于气道分泌物多或者感染性肺部疾病的患者先进行单腔管插管，吸净气道分泌物后，再进行双腔管插管。插管完成后用纤支镜确认气管插管,
4052.txt,上海市胸科医院肺移植10年经验总结,2017,"脑死亡后,气管插管",管气管插管。对于气,0.341854818285582,和病理检查。第一侧供肺（或单肺）的冷缺血时间为3．5~6h，平均4．5h；第二侧为5~8h，平均5．5h。2．受体手术：所有患者采用左侧双腔管气管插管。对于气道分泌物多或者感染性肺部疾病的患者先进行单腔管插管，吸净气道分泌物后，再进行双腔管插管。插管完成后用纤支镜确认气管插管位置。,
4052.txt,上海市胸科医院肺移植10年经验总结,2017,脑死亡后迅速气管插管,腔管气管插管。对于气,0.387627564304205,物和病理检查。第一侧供肺（或单肺）的冷缺血时间为3．5~6h，平均4．5h；第二侧为5~8h，平均5．5h。2．受体手术：所有患者采用左侧双腔管气管插管。对于气道分泌物多或者感染性肺部疾病的患者先进行单腔管插管，吸净气道分泌物后，再进行双腔管插管。插管完成后用纤支镜确认气管插管位置,
4052.txt,上海市胸科医院肺移植10年经验总结,2017,脑死亡后插入气管导管,腔管气管插管。对于气,0.387627564304205,物和病理检查。第一侧供肺（或单肺）的冷缺血时间为3．5~6h，平均4．5h；第二侧为5~8h，平均5．5h。2．受体手术：所有患者采用左侧双腔管气管插管。对于气道分泌物多或者感染性肺部疾病的患者先进行单腔管插管，吸净气道分泌物后，再进行双腔管插管。插管完成后用纤支镜确认气管插管位置,
4052.txt,上海市胸科医院肺移植10年经验总结,2017,"供者平卧位,气管插管",腔管气管插管。对于气,0.387627564304205,物和病理检查。第一侧供肺（或单肺）的冷缺血时间为3．5~6h，平均4．5h；第二侧为5~8h，平均5．5h。2．受体手术：所有患者采用左侧双腔管气管插管。对于气道分泌物多或者感染性肺部疾病的患者先进行单腔管插管，吸净气道分泌物后，再进行双腔管插管。插管完成后用纤支镜确认气管插管位置,
4052.txt,上海市胸科医院肺移植10年经验总结,2017,供体平卧位，气管插管,腔管气管插管。对于气,0.387627564304205,物和病理检查。第一侧供肺（或单肺）的冷缺血时间为3．5~6h，平均4．5h；第二侧为5~8h，平均5．5h。2．受体手术：所有患者采用左侧双腔管气管插管。对于气道分泌物多或者感染性肺部疾病的患者先进行单腔管插管，吸净气道分泌物后，再进行双腔管插管。插管完成后用纤支镜确认气管插管位置,
4052.txt,上海市胸科医院肺移植10年经验总结,2017,"脑死亡后,紧急气管插管",双腔管气管插管。对于气,0.4273437133218,生物和病理检查。第一侧供肺（或单肺）的冷缺血时间为3．5~6h，平均4．5h；第二侧为5~8h，平均5．5h。2．受体手术：所有患者采用左侧双腔管气管插管。对于气道分泌物多或者感染性肺部疾病的患者先进行单腔管插管，吸净气道分泌物后，再进行双腔管插管。插管完成后用纤支镜确认气管插管位,
4052.txt,上海市胸科医院肺移植10年经验总结,2017,供体心肺的切取气管插管,双腔管气管插管。对于气,0.4273437133218,生物和病理检查。第一侧供肺（或单肺）的冷缺血时间为3．5~6h，平均4．5h；第二侧为5~8h，平均5．5h。2．受体手术：所有患者采用左侧双腔管气管插管。对于气道分泌物多或者感染性肺部疾病的患者先进行单腔管插管，吸净气道分泌物后，再进行双腔管插管。插管完成后用纤支镜确认气管插管位,
4052.txt,上海市胸科医院肺移植10年经验总结,2017,供肺切取:供体气管插管,双腔管气管插管。对于气,0.466886010016817,生物和病理检查。第一侧供肺（或单肺）的冷缺血时间为3．5~6h，平均4．5h；第二侧为5~8h，平均5．5h。2．受体手术：所有患者采用左侧双腔管气管插管。对于气道分泌物多或者感染性肺部疾病的患者先进行单腔管插管，吸净气道分泌物后，再进行双腔管插管。插管完成后用纤支镜确认气管插管位,
4073.txt,矽肺患者33例肺移植术后护理,2016,脑死亡后，用麻醉机维持呼吸,后继续应用呼吸机通气支持，,0.461538461538461,、受者ABO血型均相符，供、受者胸腔大小匹配。供肺的获取、灌注、保存方法见参考文献［6-7］。1．2治疗方法矽肺患者肺移植术后进入ICU治疗后继续应用呼吸机通气支持，采用压力控制通气限制气道峰压和预防支气管吻合口的气压伤。根据生命体征及血气分析结果调整呼吸机模式及参数。受者术后应用,
4138.txt,双肺移植同期Nuss手术治疗造血干细胞移植术后闭塞性细支气管炎综合征合并胸廓畸形长期生存1例,2018,供者气管插管,腔管气管插管,0.183503419072274,旋糖酐液（raffinose-lowpotassiumdextransolution，RLPD液）灌注并保存转运供肺[1]。受体全身麻醉后双腔管气管插管，患者取仰卧位，体外膜肺氧合（ECMO）辅助采用右侧股静脉-动脉（venous-artery，V-A）插管模式，ECMO使用方案详,
4138.txt,双肺移植同期Nuss手术治疗造血干细胞移植术后闭塞性细支气管炎综合征合并胸廓畸形长期生存1例,2018,气管切开气管插管,后双腔管气管插管,0.198216274262727,钾右旋糖酐液（raffinose-lowpotassiumdextransolution，RLPD液）灌注并保存转运供肺[1]。受体全身麻醉后双腔管气管插管，患者取仰卧位，体外膜肺氧合（ECMO）辅助采用右侧股静脉-动脉（venous-artery，V-A）插管模式，ECMO使用方,
4138.txt,双肺移植同期Nuss手术治疗造血干细胞移植术后闭塞性细支气管炎综合征合并胸廓畸形长期生存1例,2018,供者行气管插管,气管插管，患者,0.222222222222222,酐液（raffinose-lowpotassiumdextransolution，RLPD液）灌注并保存转运供肺[1]。受体全身麻醉后双腔管气管插管，患者取仰卧位，体外膜肺氧合（ECMO）辅助采用右侧股静脉-动脉（venous-artery，V-A）插管模式，ECMO使用方案详见文,
4138.txt,双肺移植同期Nuss手术治疗造血干细胞移植术后闭塞性细支气管炎综合征合并胸廓畸形长期生存1例,2018,"脑死亡后,气管插管",醉后双腔管气管插管,0.299350950254629,低钾右旋糖酐液（raffinose-lowpotassiumdextransolution，RLPD液）灌注并保存转运供肺[1]。受体全身麻醉后双腔管气管插管，患者取仰卧位，体外膜肺氧合（ECMO）辅助采用右侧股静脉-动脉（venous-artery，V-A）插管模式，ECMO使用,
4138.txt,双肺移植同期Nuss手术治疗造血干细胞移植术后闭塞性细支气管炎综合征合并胸廓畸形长期生存1例,2018,供体全身肝素化后，仰卧位，经口气管内插管,全身麻醉后双腔管气管插管，患者取仰卧位，,0.305634925170586,棉子糖低钾右旋糖酐液（raffinose-lowpotassiumdextransolution，RLPD液）灌注并保存转运供肺[1]。受体全身麻醉后双腔管气管插管，患者取仰卧位，体外膜肺氧合（ECMO）辅助采用右侧股静脉-动脉（venous-artery，V-A）插管模式，ECM,
4138.txt,双肺移植同期Nuss手术治疗造血干细胞移植术后闭塞性细支气管炎综合征合并胸廓畸形长期生存1例,2018,"供者平卧位,气管插管",气管插管，患者取仰卧,0.333333333333333,酐液（raffinose-lowpotassiumdextransolution，RLPD液）灌注并保存转运供肺[1]。受体全身麻醉后双腔管气管插管，患者取仰卧位，体外膜肺氧合（ECMO）辅助采用右侧股静脉-动脉（venous-artery，V-A）插管模式，ECMO使用方案详见文,
4138.txt,双肺移植同期Nuss手术治疗造血干细胞移植术后闭塞性细支气管炎综合征合并胸廓畸形长期生存1例,2018,供体平卧位，气管插管,气管插管，患者取仰卧,0.333333333333333,酐液（raffinose-lowpotassiumdextransolution，RLPD液）灌注并保存转运供肺[1]。受体全身麻醉后双腔管气管插管，患者取仰卧位，体外膜肺氧合（ECMO）辅助采用右侧股静脉-动脉（venous-artery，V-A）插管模式，ECMO使用方案详见文,
4138.txt,双肺移植同期Nuss手术治疗造血干细胞移植术后闭塞性细支气管炎综合征合并胸廓畸形长期生存1例,2018,脑死亡后迅速气管插管,麻醉后双腔管气管插管,0.350480947161671,糖低钾右旋糖酐液（raffinose-lowpotassiumdextransolution，RLPD液）灌注并保存转运供肺[1]。受体全身麻醉后双腔管气管插管，患者取仰卧位，体外膜肺氧合（ECMO）辅助采用右侧股静脉-动脉（venous-artery，V-A）插管模式，ECMO使,
4138.txt,双肺移植同期Nuss手术治疗造血干细胞移植术后闭塞性细支气管炎综合征合并胸廓畸形长期生存1例,2018,脑死亡后插入气管导管,麻醉后双腔管气管插管,0.350480947161671,糖低钾右旋糖酐液（raffinose-lowpotassiumdextransolution，RLPD液）灌注并保存转运供肺[1]。受体全身麻醉后双腔管气管插管，患者取仰卧位，体外膜肺氧合（ECMO）辅助采用右侧股静脉-动脉（venous-artery，V-A）插管模式，ECMO使,
4138.txt,双肺移植同期Nuss手术治疗造血干细胞移植术后闭塞性细支气管炎综合征合并胸廓畸形长期生存1例,2018,"脑死亡后,紧急气管插管",身麻醉后双腔管气管插管,0.394594485403319,子糖低钾右旋糖酐液（raffinose-lowpotassiumdextransolution，RLPD液）灌注并保存转运供肺[1]。受体全身麻醉后双腔管气管插管，患者取仰卧位，体外膜肺氧合（ECMO）辅助采用右侧股静脉-动脉（venous-artery，V-A）插管模式，ECMO,
4138.txt,双肺移植同期Nuss手术治疗造血干细胞移植术后闭塞性细支气管炎综合征合并胸廓畸形长期生存1例,2018,供体心肺的切取气管插管,双腔管气管插管，患者取,0.394594485403319,右旋糖酐液（raffinose-lowpotassiumdextransolution，RLPD液）灌注并保存转运供肺[1]。受体全身麻醉后双腔管气管插管，患者取仰卧位，体外膜肺氧合（ECMO）辅助采用右侧股静脉-动脉（venous-artery，V-A）插管模式，ECMO使用方案,
4138.txt,双肺移植同期Nuss手术治疗造血干细胞移植术后闭塞性细支气管炎综合征合并胸廓畸形长期生存1例,2018,供心的切取供体气管插管后,后双腔管气管插管，患者取,0.41074434901121,钾右旋糖酐液（raffinose-lowpotassiumdextransolution，RLPD液）灌注并保存转运供肺[1]。受体全身麻醉后双腔管气管插管，患者取仰卧位，体外膜肺氧合（ECMO）辅助采用右侧股静脉-动脉（venous-artery，V-A）插管模式，ECMO使用方,
4138.txt,双肺移植同期Nuss手术治疗造血干细胞移植术后闭塞性细支气管炎综合征合并胸廓畸形长期生存1例,2018,"脑死亡后,将供体取仰卧位,争取做气管插管",体全身麻醉后双腔管气管插管，患者取仰卧位,0.423076923076923,用棉子糖低钾右旋糖酐液（raffinose-lowpotassiumdextransolution，RLPD液）灌注并保存转运供肺[1]。受体全身麻醉后双腔管气管插管，患者取仰卧位，体外膜肺氧合（ECMO）辅助采用右侧股静脉-动脉（venous-artery，V-A）插管模式，EC,
4138.txt,双肺移植同期Nuss手术治疗造血干细胞移植术后闭塞性细支气管炎综合征合并胸廓畸形长期生存1例,2018,供肺切取:供体气管插管,双腔管气管插管，患者取,0.436398138023365,右旋糖酐液（raffinose-lowpotassiumdextransolution，RLPD液）灌注并保存转运供肺[1]。受体全身麻醉后双腔管气管插管，患者取仰卧位，体外膜肺氧合（ECMO）辅助采用右侧股静脉-动脉（venous-artery，V-A）插管模式，ECMO使用方案,
4138.txt,双肺移植同期Nuss手术治疗造血干细胞移植术后闭塞性细支气管炎综合征合并胸廓畸形长期生存1例,2018,经气管切开气管插管建立人工呼吸,。受体全身麻醉后双腔管气管插管,0.453981093768052,，采用棉子糖低钾右旋糖酐液（raffinose-lowpotassiumdextransolution，RLPD液）灌注并保存转运供肺[1]。受体全身麻醉后双腔管气管插管，患者取仰卧位，体外膜肺氧合（ECMO）辅助采用右侧股静脉-动脉（venous-artery，V-A）插管模式，,
4138.txt,双肺移植同期Nuss手术治疗造血干细胞移植术后闭塞性细支气管炎综合征合并胸廓畸形长期生存1例,2018,脑死亡后立即气管内插管给氧,体全身麻醉后双腔管气管插管,0.466886010016817,用棉子糖低钾右旋糖酐液（raffinose-lowpotassiumdextransolution，RLPD液）灌注并保存转运供肺[1]。受体全身麻醉后双腔管气管插管，患者取仰卧位，体外膜肺氧合（ECMO）辅助采用右侧股静脉-动脉（venous-artery，V-A）插管模式，EC,
4138.txt,双肺移植同期Nuss手术治疗造血干细胞移植术后闭塞性细支气管炎综合征合并胸廓畸形长期生存1例,2018,供心切取配合..气管插管,后双腔管气管插管，患者取,0.469669914110089,钾右旋糖酐液（raffinose-lowpotassiumdextransolution，RLPD液）灌注并保存转运供肺[1]。受体全身麻醉后双腔管气管插管，患者取仰卧位，体外膜肺氧合（ECMO）辅助采用右侧股静脉-动脉（venous-artery，V-A）插管模式，ECMO使用方,
4138.txt,双肺移植同期Nuss手术治疗造血干细胞移植术后闭塞性细支气管炎综合征合并胸廓畸形长期生存1例,2018,"供体心脏的提取供心者取仰卧位,垫高胸腔,气管插管",1]。受体全身麻醉后双腔管气管插管，患者取仰卧位,0.49902056713188,供肺，采用棉子糖低钾右旋糖酐液（raffinose-lowpotassiumdextransolution，RLPD液）灌注并保存转运供肺[1]。受体全身麻醉后双腔管气管插管，患者取仰卧位，体外膜肺氧合（ECMO）辅助采用右侧股静脉-动脉（venous-artery，V-A）插管模,
4138.txt,双肺移植同期Nuss手术治疗造血干细胞移植术后闭塞性细支气管炎综合征合并胸廓畸形长期生存1例,2018,"脑死亡后气管紧急插管,纯氧通气",。受体全身麻醉后双腔管气管插管,0.499373825678241,，采用棉子糖低钾右旋糖酐液（raffinose-lowpotassiumdextransolution，RLPD液）灌注并保存转运供肺[1]。受体全身麻醉后双腔管气管插管，患者取仰卧位，体外膜肺氧合（ECMO）辅助采用右侧股静脉-动脉（venous-artery，V-A）插管模式，,
