pmcid,pmid,doi,title,journal,publication_year,publication_date,author_string,is_retracted,is_open_access,full_text_recovered,iorg_occurrences,uses_as_approval_or_protocol,contains_transplant_terms_nearby,contains_date_nearby,contexts
PMC12930891,41535803,10.1186/s12884-025-08302-8,Successful preterm cesarean delivery in a woman with right atrial isomerism: a case report.,,2026,2026-01-15,"He Y, Wu Q, Zhu Y, Xia G.",False,True,True,1,True,False,False,"ipt. All authors have read and approved the manuscript. Funding No external funding sources were used for this study. Data availability Not applicable. Declarations Ethics approval and consent to participate The project was approved by the Committees of Union Hospital, Tongji Medical College Huazhong University of Science and Technology. (IORG No. IORG0003571) Consent for publication Written informed consent was obtained from the patient for publication of this case report and accompanying images. Competing interests The authors declare no competing interests. Footnotes Publisher’s Note Springer Nature remains neutral with regard to jurisdictional claims in published maps and institutional affiliations"
PMC12433043,40949917,10.21037/tp-2025-365,Lateral external fixation plus K-wire for pediatric supracondylar humeral fracture with medial comminution: a retrospective study of 53 cases in a tertiary medical center.,,2025,2025-08-15,"He X, Zou K, Wang S, Li J, Hong P.",False,True,True,2,True,False,False,"tabolic disorders; (IV) patients with polytrauma; and (V) earlier injury or earlier instrumentation in the same limb. The study was conducted in accordance with the Declaration of Helsinki and its subsequent amendments. The study was approved by the Ethics Committee of Tongji Medical College, Huazhong University of Science and Technology (IORG No. IORG0003571) and all guardians of patients signed written informed consent for participate. Surgical technique Supine position was adopted, and all surgeries were performed under general anesthesia without the application of a tourniquet. Schanz Screws (generally 3 or 4 mm in diameter) and KW with diameter 1.5 or 2.0 mm were employed in this study. Usually, o || t questions related to the accuracy or integrity of any part of the work are appropriately investigated and resolved. The study was conducted in accordance with the Declaration of Helsinki and its subsequent amendments. The study was approved by the Ethics Committee of Tongji Medical College, Huazhong University of Science and Technology (IORG No. IORG0003571) and all guardians of patients signed written informed consent for participate. Footnotes Reporting Checklist: The authors have completed the STROBE reporting checklist. Available at https://tp.amegroups.com/article/view/10.21037/tp-2025-365/rc Funding: None. Conflicts of Interest: All authors have completed the ICMJE uniform disclosure form (avai"
PMC12512693,41068637,10.1186/s12876-025-04307-x,The role of peripheral blood cell analysis-derived inflammatory parameters in predicting malignant duodenal stenosis.,,2025,2025-10-09,"Pata'er P, Liu S, Chen J, He Q, Shang G, Jin Y, Liu J, Han C, Liu S.",False,True,True,2,True,False,False,"me patients’ admission records, retrospective data revealed these records were incomplete and non-standardized. Consequently, this study excluded them from the primary analysis. Fig. 1 Flow diagram demonstrating study design The study was approved by the Ethics Committee of Tongji Medical College, Huazhong University of Science and Technology (No: IORG0003571). All patients signed informed consent for the endoscopy, and the data had been anonymized and de-identified. Statistical analysis SPSS 27.0 was utilized for statistical analysis. Measurement data following a normal distribution were presented as mean ± standard deviation (𝑥̅ ± 𝑠), and independent-sample T test was used for intergroup comparisons. || nformation such as indirect identifiers that may compromise the privacy of research participants, but are available from the corresponding author on reasonable request. Declarations Ethics approval and consent to participate The study was approved by the Ethics Committee of Tongji Medical College, Huazhong University of Science and Technology (No: IORG0003571). We certify that the study was performed in accordance with the ethical standards as laid down in the 1964 Declaration of Helsinki and its later amendments. All patients signed informed consent for the endoscopy, and the data had been anonymized and de-identified. Consent for publication Not applicable. Competing interests The authors declare no"
PMC12937755,41751324,10.3390/biomedicines14020425,Integrated Weighted Gene Co-Expression Network and Single-Cell RNA Sequencing Analyses Reveal the Prognostic Significance of Hypoxia in Gastric Cancer.,,2026,2026-02-13,"Jiang C, Li X, Liu Y, Cai S, Yao H, Shi H, Wang K, Yao Y, Lin R.",False,True,True,2,True,False,False,"al Time-PCR (qRT-PCR) GC tissues and paired para-carcinoma tissues were obtained from five patients at the Endoscopy Center of Wuhan Union Hospital with written informed consent from all participants. The study protocol was approved by the Institutional Review Board of Tongji Medical College, Huazhong University of Science and Technology (IORG No. IORG0003571). Total RNA was extracted using TRIzol (Vazyme, Nanjing, China), and RNA integrity was assessed by spectrophotometry, with samples showing A260/A280 values between 1.8 and 2.0 selected for downstream analyses. For reverse transcription, 1 μg of total RNA was reverse-transcribed into cDNA using a commercial reverse transcription kit (Vazyme, China) || the manuscript. Institutional Review Board Statement All procedures complied with institutional and national ethical regulations and conformed to the Declaration of Helsinki and its later revisions. This study protocol was approved by the Institutional Review Board of Tongji Medical College, Huazhong University of Science and Technology (IORG No. IORG0003571). Informed Consent Statement Informed consent was obtained from all subjects involved in the study. Data Availability Statement The data used and/or analyzed in this study were obtained from the TCGA database and GEO database, which are available upon request and are publicly available databases. Conflicts of Interest The authors declare no confli"
PMC11317266,39136003,10.3389/fonc.2024.1424785,Case report: Suspicious laryngeal mass: a case of laryngeal lymphoma misdiagnosed as chronic inflammation.,,2024,2024-07-29,"Hu J, Han B, Ding R, Qiu Y, Sun H, Zhu Y.",False,True,True,2,True,False,False,"idering laryngeal lymphoma in the differential diagnosis of laryngeal tumors, we report a rare case of primary laryngeal lymphoma and discuss its characteristics and difficulty of diagnosis. Case presentation Clinical history The Ethics Committee of Tongji Medical College, Huazhong University of Science and Technology approved this study (IORG No. IORG0003571). This case report was prepared in accordance with the CARE (Case Reports) guidelines, as available on the EQUATOR Network ( https://www.equator-network.org/ ). A 63-year-old male patient presented to the Ear, Nose, and Throat (ENT)Department with complaints of a foreign body sensation in the throat and dysphagia. The symptoms emerged 2 months aft || ient outcomes. Data availability statement The original contributions presented in the study are included in the article/supplementary material. Further inquiries can be directed to the corresponding authors. Ethics statement The Ethics Committee of Tongji Medical College, Huazhong University of Science and Technology approved this study (IORG No: IORG0003571). The studies were conducted in accordance with the local legislation and institutional requirements. Written informed consent for participation in this study was provided by the participants’ legal guardians/next of kin. Written informed consent was obtained from the individual(s) for the publication of any potentially identifiable images or data"
PMC12228213,40618085,10.1186/s12891-025-08913-4,Internal fixation of comminuted patellar fractures with only non-absorbable suture via nice knot: a retrospective study.,,2025,2025-07-05,"Zeng L, Xia T, Yang X, Xu Q, Sun Y, Li C, Lu H, Sun W, Xue P, Zhang P, Wang J, Qu Y.",False,True,True,1,True,False,False,"he findings of this study are available from the corresponding author upon formal request. Declarations Ethics approval and consent to participate This study was conducted in accordance with the Declaration of Helsinki and received approval from the Ethics Committee of Tongji Medical College, Huazhong University of Science and Technology (IORG No. IORG0003571). All participants provided written informed consent prior to enrollment, and all data were collected anonymously and processed centrally. Consent for publication Not applicable. Competing interests The authors declare no competing interests. Footnotes Publisher’s Note Springer Nature remains neutral with regard to jurisdictional claims in publish"
PMC11641272,39685099,10.3390/healthcare12232477,Passive Smoking Is Associated with the Risk of Functional Bowel Disorders Among College Freshmen.,,2024,2024-12-07,"Guo J, Du F, Duan C, Chen C, Yang J, Yang X, Liu S, Bai T, Hou X.",False,True,True,2,True,False,True,"ied from 13.2% to 18.3% in relatively young adults [ 2 , 16 ], according to the established formula, the sample size of 3074 included in the study is sufficient to achieve a precision of ±2.5% with a 95% confidence interval. The study was approved by the Ethics Committee of Tongji Medical College, Huazhong University of Science and Technology (No: IORG0003571) and was in accordance with the Declaration of Helsinki. 2.2. Questionnaires Four parts focused on demographic information, general health status, digestive symptoms, and student-life stress inventory (SLSI) were included. Demographic information included sex, age, height, and weight. General health status contained medical history (previous disea || nd X.H.; Project Administration, T.B. All authors have read and agreed to the published version of the manuscript. Institutional Review Board Statement The study was conducted according to the guidelines of the Declaration of Helsinki and approved by the Ethics Committee of Tongji Medical College, Huazhong University of Science and Technology (No: IORG0003571 on 10 May 2018). Informed Consent Statement Informed consent was obtained from all subjects involved in the study. Data Availability Statement The raw data supporting the conclusions of this article will be made available by the authors upon request. Conflicts of Interest The authors declare no conflicts of interest. References 1. Ma C. Congly S.E"
PMC12302799,40722024,10.1186/s12963-025-00406-9,The effect of follow-up on the blood pressure control: a longitudinal study in rural areas of China.,,2025,2025-07-28,"Chen F, Yang E, Qing H, Wei Y, Tang S.",False,True,True,1,True,False,False,"Social Science project (grant No. 20YJC630134) and National Natural Science Foundation of China General Program (grant No. 72374079). Data availability No datasets were generated or analysed during the current study. Declarations Ethics approval The Ethics Committee of Tongji Medical College, Huazhong University of Science and Technology (IORG No: IORG0003571) gave a final approval on this study. Consent for publication This study used anonymized population data for which informed consent could not be obtained. Competing interests The authors declare no competing interests. Footnotes Publisher’s note Springer Nature remains neutral with regard to jurisdictional claims in published maps and institutiona"
PMC12574422,41181058,10.1002/hcs2.70027,"Awareness, Knowledge, and Acceptance of Living Wills Among Chinese Cancer Patients: A Cross-Sectional Study.",,2025,2025-09-02,"Hu L, Wang J, Hu D, Liu Y, Han Y, Liu W, Teng F, Ding X, Dai Y, Bao L, Zhang H, Cheng Q, Yang Y, Jiao T, Luo F, Yang Y, Wang Z, Yang X, Yang S.",False,True,True,1,True,False,False,"ingting Jiao: investigation (equal). Fei Luo: investigation (equal). Yali Yang: investigation (equal). Zixi Wang: investigation (equal). Xiaoping Yang: investigation (equal). Shengli Yang: resources (equal). Ethics Statement The study was approved by the Ethics Committee of Tongji Medical College, Huazhong University of Science and Technology (NO.:IORG0003571) and informed consent was taken from all individual participants. Consent Informed consent was obtained from all subjects or their families. Conflicts of Interest The authors declare no conflicts of interest. Supporting information Supporting Information: Questionnaire on Cognition, Attitude and Wish of Living Will in Patients with Malignant Tumor"
PMC11351237,39200309,10.3390/biomedicines12081845,Clinical Outcomes and Risk Factors of Heart Transplantation Patients Experiencing Gastrointestinal Bleeding.,,2024,2024-08-14,"Li W, Zhang C, Zhou X, Xu Q, Wang K, Lin R, Shi J, Dong N.",False,True,True,2,True,True,True,"of GIB after HT and to analyze their association with clinical outcomes, providing new evidence for risk stratification and clinical practice in these patients. 2. Materials and Methods 2.1. Patients and Study Design This is a retrospective study approved by the Ethics Committee of Tongji College, Huazhong University of Science and Technology (No: IORG0003571). From January 2015 to December 2021, adult patients aged 18 years or older who were admitted to Union Hospital for HT were recruited. Patients were excluded if they met any of the following criteria: (1) experienced GIB within 30 days prior to HT; (2) underwent multi-organ transplantation; (3) died during the procedure; (4) had insufficient clini || .; project administration, N.D. and J.S. All authors have read and agreed to the published version of the manuscript. Institutional Review Board Statement This study was conducted in accordance with the Declaration of Helsinki and was approved by the Ethics Committee of Tongji College, Huazhong University of Science and Technology (protocol number IORG0003571, dated 10 December 2014). The need for written informed consent was waived given the retrospective nature of this study. Informed Consent Statement Informed consent was obtained from all the subjects involved in this study. Data Availability Statement The original data are available from the corresponding author upon request. The data are not publ"
PMC13017915,41908773,10.3389/fpubh.2026.1773183,Development and validation of the quiet quitting behavior scale: a mixed-methods study with primary healthcare workers in China.,,2026,2026-03-12,"Li QL, Sun T, Zhang X.",False,True,True,1,True,False,False,"l contributions presented in the study are included in the article/ Supplementary material , further inquiries can be directed to the corresponding author. Ethics statement The studies involving human participants were reviewed and approved by the Ethics Committee of Tongji Medical College of Huazhong University of Science and Technology (IORG no. IORG0003571) and adheres to the principles outlined in the Declaration of Helsinki. All procedures complied with applicable local regulations and institutional guidelines. Written informed consent was obtained from all participants prior to the investigation. The survey was administered anonymously, and participants were informed of their right to withdraw fr"
PMC10834184,38111013,10.1111/os.13958,A Rare Combined Injury in Children during Side Impact: The Possible Mechanism and Treatment Results.,,2024,2023-12-18,"Liu S, OuYang L, He X, Liu J, Peng L, Rai S, Lin W, Tang X.",False,True,True,2,True,False,True,"nd (iii) have been followed‐up for at least 24 months. Exclusion criteria were: (i) patients with congenital clavicular or humeral abnormalities; (ii) pathological fractures; and (iii) open fracture involves injury to ligaments, blood vessels or nerves needing emergency surgery. The ethical review committee of the corresponding author's institute (IORG0003571) approves this retrospective study. All methods were performed in accordance with the relevant guidelines and regulations. All the guardians of the patients signed written informed consent forms after understanding the potential complications and the pros and cons of each method. The medical history was collected before surgery. Surgical Technique || inalized the manuscript. Conflict of Interest Statement The authors declare that the research was conducted in the absence of any commercial or financial relationships that could be construed as a potential conflict of interest. Ethics Statement The Ethics Committee of Tongji Medical College, Huazhong University of Science and Technology (IORG No: IORG0003571) gave a final APPROVAL on 20/11/2019 for the study Retrospective Re‐search of Surgical Methods in the Treatment of Fractures and malformation in Children which is conducted by Xin Tang at Department of Orthopedic Surgery, Union Hospital of Tongji Medical College, Huazhong University of Science and Technology. Data Availability Statement The origin"
PMC11545802,39516739,10.1186/s12889-024-20575-w,The impact of internet medical service on rural gender inequality in health opportunity: a cross-sectional study.,,2024,2024-11-08,"Jia J, Jia C, Zhang X, Ren P, Chen M, Xu J.",False,True,True,2,True,False,False,"characteristics of the participants. The internal consistency of the questionnaire scales was confirmed with Cronbach’s α coefficients ranging from 0.758 to 0.921, indicating high reliability and measurement validity. This study was approved by the ethics committee of Tongji Medical College, Huazhong University of Science and Technology (IORG No: IORG0003571). Variables Internet medical service The fundamental goal of Internet medical service is to enhance the accessibility of quality medical resources. Its most common application involves users accessing health information online [ 22 ]; thus, the frequency of Internet medical service information retrieval was used to measure Internet medical service || tudy, and so are not publicly available. Data are however available from corresponding author on reasonable request and with permission of the project principal. Declarations Ethics approval and consent to participate The study was approved by the Ethics Committee of Tongji Medical College of Huazhong University of Science and Technology (IORG No. IORG0003571). Informed consent was obtained from all subjects prior to the investigation and there were no human subjects in the study. All methods were performed in accordance with relevant guidelines and regulations. Consent for publication Not applicable. Competing interests The authors declare no competing interests. References 1. National Bureau Of Stati"
PMC12230576,40625833,10.3389/fcimb.2025.1521641,The impact of bronchoalveolar lavage fluid metagenomics next-generation sequencing on the diagnosis and management of patients with suspected pulmonary infection.,,2025,2025-06-23,"Zhou M, Sun S, Chen L, Xu H, Liu L, Lv J, Zhang J, Xiong X.",False,True,True,2,True,False,False,"rospective study recruited 317 patients from the Department of Respiratory and Critical Care Medicine, between May 2020 and August 2021. This study was conducted in accordance with the principles of the Declaration of Helsinki and approved by the Ethics Committee of Tongji Medical College of Huazhong University of Science and Technology (Grant No. IORG0003571). Given the retrospective nature of the study and the use of anonymized data, the need for written informed consent was waived by the Ethics Committee. All patient information was de-identified prior to analysis to protect patient confidentiality. The inclusion criteria were (1) age≥14 years, (2) suspected pneumonia, and (3) mNGS results. The excl || , China National Center for Bioinformation / Beijing Institute of Genomics, Chinese Academy of Sciences (GSA: CRA026168) that are publicly accessible at https://ngdc.cncb.ac.cn/gsa . Ethics statement The studies involving humans were approved by The Ethics Committee of Tongji Medical College, Huazhong University of Science and Technology (IORG No: IORG0003571). The studies were conducted in accordance with the local legislation and institutional requirements. The human samples used in this study were acquired from Test results in normal clinical diagnosis and treatment. Written informed consent for participation was not required from the participants or the participants’ legal guardians/next of kin in"
PMC12016213,40269677,10.1186/s12871-025-03075-1,Analysis of factors associated with polyuria in spinal surgery: a retrospective study.,,2025,2025-04-23,"Zhou S, Tian Z, Chu T, Yu S, Xin Y, Xu A.",False,True,True,1,True,False,True,"at ajxu@tjh.tjmu.edu.cn. Declarations Ethics approval and consent to participate Ethics approval and Consent to Participate were performed in accordance with the relevant guidelines and regulations by the Declaration of Helsinki. Ethics approval The Ethics Committee of Tongji Medical College, Huazhong University of Science and Technology (IORG No: IORG0003571) gave a final APPROVAL on 03/09/2022 for the study Analysis of factors associated with polyuria in spinal surgery: a retrospective study which is conducted by Xu Aijun at Department of Anesthesiology, Tongji Hospital of Tongji Medical College, Huazhong University of Science and Technology. Consent for publication Not applicable. Consent to partici"
PMC12879408,41634792,10.1186/s12951-025-04004-7,Biomimetic scaffolds with synergistic BMSC targeting and ROS scavenging for mitochondrial protection and effective bone-defect repair.,,2026,2026-02-03,"Yao S, Zeng L, Wang H, Liu J, Cao X, Xu Z, Zhang Y, He S, Ye B, Sun T, Guo X.",False,True,True,1,True,False,False,"ted during this study are available from the corresponding author upon reasonable request. Declarations Ethics approval and consent to participate All animal experiments were approved and performed according to the regulations and guidelines of the Ethics Committee of Tongji Medical College, Huazhong University of Science and Technology (IORG No.: IORG0003571) and conducted according to the Animal Research: Reporting of In Vivo Experiments (ARRIVE) and Institutional Animal Care and Use Committee (IACUC) guidelines. Consent for publication All authors have consented to the publication of this article. Competing interests The authors declare no competing interests. Footnotes Publisher’s note Springer Nat"
PMC10782239,38018315,10.1111/os.13945,Possible Mechanism and Treatment Results of Combined Pediatric Fractures of the Humeral Lateral Condyle and Ipsilateral Ulnar Olecranon.,,2024,2023-11-29,"Liu S, Peng L, Liu J, OuYang L, Wang Z, Rai S, Lin W, Tang X.",False,True,True,2,True,False,True,"ayo type I fractures, 17 while TBW or a locking plate were used for Mayo type II fractures. All treatment methods were carried out in accordance with the relevant guidelines and regulations. Written informed consent was obtained from the legal guardians of all patients, and the study was approved by the institutional review board of our institute (IORG0003571). Surgical Technique All surgeries were carried out with the patient under general anesthesia in the supine position. A pneumatic tourniquet was applied with the arm in forward flexion at 90° and placed on a board. An incision of approximately 3–4 cm was made over the lateral condyle of the humerus to expose the fracture ends. After fracture expos || arch committee and with the 1964 Helsinki declaration and its later amendments or comparable ethical standards. Although the data were collected anonymized and centrally, all guardians of patients signed written informed consent for participate. The Ethics Committee of Tongji Medical College, Huazhong University of Science and Technology (IORG No: IORG0003571) gave final APPROVAL on 20 November 2019 for the study Retrospective Re‐search of Surgical Methods in the Treatment of Fractures and malformation in Children conducted by Xin Tang at the Department of Orthopedic Surgery, Union Hospital of Tongji Medical College, Huazhong University of Science and Technology. Author Contributions Z.Z.W., L.Z.O.Y.,"
PMC11879816,40046877,10.3389/fendo.2025.1451722,Understanding the link between ALDH2 genotypes and diabetes.,,2025,2025-02-19,"Peng M, Liu R, Zhang J, Kong W, Zheng J, Hu X, Wan L, Hu S, Tian S, Wang Y, Liu G, Qiu K, Zeng T, Chen L.",False,True,True,2,True,False,False,"Test (OGTT), 4,535 were included in the final analysis after excluding those with missing gender or age information, those taking anti-diabetes medications, and those with failed genotyping tests. The study protocol was approved by the Institutional Review Committee of Tongji Medical College, Huazhong University of Science and Technology (IORG No. IORG0003571) and conducted in accordance with the Declaration of Helsinki and Good Clinical Practice guidelines. All participants provided written informed consent. Questionnaire and physical examination Experienced investigators conducted questionnaires (including age, gender, drinking habits, smoking habits, family history of diabetes, exercise, education, || ts presented in this study can be found in online repositories. The names of the repository/repositories and accession number(s) can be found in the article/ Supplementary Material . Ethics statement The studies involving humans were approved by The Ethics Committee of Tongji Medical College, Huazhong University of Science and Technology (IORG No: IORG0003571). The studies were conducted in accordance with the local legislation and institutional requirements. The participants provided their written informed consent to participate in this study. Author contributions MP: Funding acquisition, Methodology, Writing – review & editing, Writing – original draft. RL: Methodology, Writing – original draft, Writ"
PMC12720664,41438568,10.1080/20002297.2025.2591626,"Oral &lt;i&gt;Prevotella&lt;/i&gt; induces fat taste impairment, visceral lipid accumulation and insulin resistance by downregulating Hedgehog signaling in taste buds.",,2025,2025-12-19,"Liu X, Zhang J, He Y, Zhang Q, Du S, Zeng T, Zhang J, Zhang H, Luo H, Li H, Wang Y, Peng M, Zhang N, Chen Q, Huang H, Wang P, Chen L, Hu X.",False,True,True,1,True,False,False,"chive (SRA) database under project number PRJNA1165860 and PRJNA1165898. Any additional information required to reanalyze the data reported in this paper is available from the lead contact upon request. Ethical approval The study was approved by the ethics committee of Tongji Medical College, Huazhong University of Science and Technology (IORG NO: IORG0003571; IACUC NO: 4049), China and all participants provided written informed consent. References [1] Powell-Wiley TM, Poirier P, Burke LE, et al. Obesity and cardiovascular disease: a scientific statement from the American heart association. Circulation. 2021;143:e984–e1010. doi: 10.1161/CIR.0000000000000973 [2] Wang L, Gao P, Zhang M, et al. Prevalence"
PMC10902111,38425650,10.3389/fphar.2024.1370708,Identification of claudin-2 as a promising biomarker for early diagnosis of pre-diabetes.,,2024,2024-02-15,"Songtao Y, Fangyu L, Jie C, Li Y.",False,True,True,2,True,False,False,"als and methods 2.1 Study population The clinical samples involved in the experiment were all from our previous studies ( Yang et al., 2023 ) and the study was conducted according to the guidelines of the Declaration of Helsinki, and approved by The Ethics Committee of Tongji Medical College, Huazhong University of Science and Technology (IORG No: IORG0003571). 2.2 Data collection The expression profiling of GSE164416 , which is based on the GPL16791 platform [Illumina HiSeq 2,500 ( Homo sapiens ), United States], was downloaded from the GEO database. The dataset contains pancreatic tissue samples from 15 non-diabetic (ND) patients, 13 patients with T2DM, and 18 patients with impaired glucose tolerance || ant number 82170812 and 81974104. Data availability statement The raw data supporting the conclusion of this article will be made available by the authors, without undue reservation. Ethics statement The studies involving humans were approved by the Ethics Committee of Tongji Medical College, Huazhong University of Science and Technology (IORG No: IORG0003571). The studies were conducted in accordance with the local legislation and institutional requirements. The participants provided their written informed consent to participate in this study. The animal study was approved by Animal Research Committee of Tongji Medical College, Huazhong University of Science and Technology, Hubei Province, China. (IAC"
PMC12507866,41079590,10.3389/fcvm.2025.1573589,Impact of recipient body mass index on heart transplantation outcomes.,,2025,2025-09-25,"Masroor M, Jiang C, Xiong T, Wang Y, Dong N.",False,True,True,1,True,False,False,"lability statement The original contributions presented in the study are included in the article/ Supplementary Material , further inquiries can be directed to the corresponding authors. Ethics statement The studies involving humans were approved by Ethics committee of Tongji Medical College, Huazhong University of Science and Technology (IORG No: IORG0003571). The studies were conducted in accordance with the local legislation and institutional requirements. The participants provided their written informed consent to participate in this study. Author contributions MM: Formal analysis, Software, Writing – original draft, Writing – review & editing. CJ: Formal analysis, Software, Writing – original draf"
PMC10782237,37853920,10.1111/os.13926,Minimally Invasive Percutaneous Leverage Reduction in the Treatment of Pediatric Salter-Harris IV and V Distal Femoral Physeal Fractures.,,2024,2023-10-19,"Shu W, Ou Z, Feng Q, Zhong H, Tang X.",False,True,True,2,True,False,True,"es of the femur or previous fractures of the femur; and (iii) incomplete medical records were excluded. All the patients were divided into two groups according to the treatment they received: the minimally invasive technique group or the conventional ORIF group. The ethical review board of the corresponding author's institution approved the study (IORG0003571). All legal guardians of the patients gave informed consent to participate in this study and chose one surgical approach after explaining the pros and cons and potential complications of the two methods. All patients’ operations were performed by the same surgical team. Surgical Techniques All surgeries were performed under general anesthesia with || arch committee and with the 1964 Helsinki declaration and its later amendments or comparable ethical standards. Although the data were collected anonymized and centrally, all guardians of patients signed written informed consent for participate. The Ethics Committee of Tongji Medical College, Huazhong University of Science and Technology (IORG No: IORG0003571) gave a final APPROVAL on 20/11/2019 for the study Retrospective Research of Surgical Methods in the Treatment of Fractures and malformation in Children in Children which is conducted by Xin Tang at Department of Orthopedic Surgery, Union Hospital of Tongji Medical College, Huazhong University of Science and Technology. Author Contributions Wen Sh"
PMC11286606,39087034,10.1007/s43465-024-01210-7,Four-Year Treatment Effect of Custom-Made Foot Orthosis on Pediatric Symptomatic Accessory Navicular Bone Combined with Flexible Flatfoot.,,2024,2024-07-05,"Shu W, Jiang G, Yang Z, Rong Z, Li X, Yu B, Tang X.",False,True,False,0,False,False,False,
PMC11389693,39263554,10.2147/rmhp.s474933,Impact of Family Doctor Contract Services on Preventable Hospitalizations Amongst Patients with Hypertension in Rural China: Mediating Role of Primary Healthcare Quality.,,2024,2024-09-07,"Li W, Hou Y, An J, Chen L, Lu S.",False,True,True,1,True,False,False,"al Research Funds for the Central Universities (HUST: 2021WKYXQN023). Data Sharing Statement This study’s dataset is available from the corresponding author on a reasonable request. Ethics Approval The study was approved by the Ethics Committee of Tongji Medical College, Huazhong University of Science and Technology, with ethics approval number of IORG0003571. All methods were performed in accordance with the relevant guidelines and regulations. Informed consent was obtained from all participants. This study complies with the Declaration of Helsinki. Disclosure The authors declare they have no competing interests. References 1. Xue L, Cai M, Liu Q, Ying X, Wu S. Trends and regional variations in chroni"
PMC11835617,39793896,10.1016/j.jbc.2025.108170,CBX2 promotes cervical cancer cell proliferation and resistance to DNA-damaging treatment via maintaining cancer stemness.,,2025,2025-01-08,"Li W, Shi R, Gao Y, Wang X, Shen T, Liu X, Wu Q, Xu X, Wang Z, Du S, Sun S, Yang L, Cai J, Liu L.",False,True,True,2,True,False,False,"pku.cn/ ). The mRNAsi, a stemness index based on mRNA expression, in TCGA-CESC was obtained at https://bioinformaticsfmrp.github.io/PanCanStem_Web/ . Patients and specimens This study complied with the Declaration of Helsinki and was approved by the Ethics Committee of Tongji Medical College, Huazhong University of Science and Technology (IORG No: IORG0003571). A total of 99 cervical cancer samples and 15 normal cervix samples from our paraffin block archives were used for CBX2 IHC staining. All the specimens were taken from patients who received surgery between January 1, 2013 and January 1, 2017 at Wuhan Union Hospital. The normal tissues were obtained from patients undergoing hysterectomy because of || is paper is available from corresponding author upon request. Supporting information This article contains supporting information Ethics approval and consent to participate This study complied with the Declaration of Helsinki and was approved by the Ethics Committee of Tongji Medical College, Huazhong University of Science and Technology (IORG No: IORG0003571). All study participants provided written informed consent to participate. Patient consent for publication Written informed consent for publication of clinical details was obtained from all patients. Conflict of interest The authors declare that they have no conflicts of interest with the contents of this article. Acknowledgments Author contributi"
PMC11626686,39651656,10.7189/jogh.14.04220,Eliciting parents' decision-making to antibiotic use for upper respiratory tract infections: A discrete choice experiment.,,2024,2024-12-09,"Duan L, Lin R, Wang D, Wang X, Zhang X, Ding L, Liu C.",False,True,True,2,True,False,False,"of different demographic traits on each latent class. Data analysis was conducted using ‘mixlogit’ and ‘lclogit2’ commands in Stata, version 14.0 (StataCorp LLC, College Station, Texas, USA). Ethical approval The Research Ethics Committee of Tongji Medical College, Huazhong University of Science and Technology, approved this study (approval number IORG0003571). RESULTS Characteristics of the respondents A total of 400 parents participated in this study. The average age of parents was 35.63 years, with a predominance of female participants. A significant majority (82.00%) boasted a high school education or higher, reflecting a well-educated sample group ( Table 3 ). Occupational diversity was evident, y || URTIs. Differentiated interventions considering demographic variations will further support effective antibiotic stewardship. Additional material Online Supplementary Document Acknowledgments Ethics statement: The Research Ethics Committee of Tongji Medical College, Huazhong University of Science and Technology approved this study (approval number IORG0003571). Data availability: The datasets used and analysed during the current study are available from the corresponding author upon reasonable request. Footnotes Funding: This work was supported by the National Natural Science Foundation of China (grants 72004066 and 71904053). The funding bodies were not involved in the design of the study, data collec"
PMC11877873,40033267,10.1186/s12889-025-21912-3,Barriers and facilitators to seeking psychological support among healthcare professionals: a qualitative study using the Theoretical Domains Framework.,,2025,2025-03-03,"Liu S, Hu Y, Pfaff H, Lei X, Qi Z, Feng X.",False,True,True,1,True,False,False,"a are not publicly available due to privacy or ethical restrictions. Declarations Ethics approval and consent to participate This study was conducted in accordance with the principles outlined in the Declaration of Helsinki. The study was approved by the Ethics Committee of Tongji Medical College of Huazhong University of Science & Technology (No. IORG0003571). Informed consent was obtained from all participants. Consent for publication not applicable. Competing interests The authors declare no competing interests. Clinical trial number not applicable. References 1. World failing in. Our duty of care’ to protect mental health and well-being of health and care workers, finds report on impact of COVID-19"
PMC10759228,38170143,10.3389/fpubh.2023.1305620,Turnover intention of nurses in public hospitals and its association with quality of working life: a cross-sectional survey in six provinces in China.,,2023,2023-12-18,"Tang C, Zhou S, Liu C, Min R, Cai R, Lin T.",False,True,True,2,True,False,False,"in hospital nurses in China after adjustment for variations in other determinants.” Methods Study design A cross-sectional questionnaire survey of clinical nurses was conducted in 48 public hospitals in mainland China. Ethics approval was granted by the Ethics Committee of Tongji Medical College, Huazhong University of Science and Technology (No: IORG0003571). Completion of the survey was voluntary and anonymous with implied informed consent. Theoretical hypothesis Many theories have been used in developing employee retention strategies. These include human needs and motivations, behavioral theories, and social exchange and leadership theories. The theory of rational behavior suggests that individual || sional contributions of nursing services. Data availability statement The raw data supporting the conclusions of this article will be made available by the authors, without undue reservation. Ethics statement The studies involving humans were approved by Ethics Committee of Tongji Medical College, Huazhong University of Science and Technology (No: IORG0003571). The studies were conducted in accordance with the local legislation and institutional requirements. Written informed consent for participation in this study was provided by the participants’ legal guardians/next of kin. Author contributions CT: Conceptualization, Data curation, Formal analysis, Funding acquisition, Investigation, Methodology, Wr"
PMC11732337,39816043,10.21037/jgo-24-527,Age and clinical spectrum of COVID-19 are associated with safety of transarterial chemoembolization in hepatocellular carcinoma: a retrospective cohort study.,,2024,2024-12-28,"Wang Z, Yang T, Zhang L, Makamure J, Hong W, Liang B.",False,True,True,2,True,False,False,"ng checklist (available at https://jgo.amegroups.com/article/view/10.21037/jgo-24-527/rc ). Methods Patients This study was conducted in accordance with the Declaration of Helsinki (as revised in 2013). This study was approved by the Ethics Committee of Union Hospital, Tongji Medical College, Huazhong University of Science and Technology (IORG No. IORG0003571). Each participant provided their consent to participate. The medical records of HCC patients treated with TACE who were never infected with COVID-19 or infected with COVID-19 within 2 weeks before and after operation were reviewed in our institution between November 2022 and February 2023. Patients were grouped according to whether they were infe || ted to the accuracy or integrity of any part of the work are appropriately investigated and resolved. This study was conducted in accordance with the Declaration of Helsinki (as revised in 2013). The Ethics Committee of Union Hospital, Tongji Medical College, Huazhong University of Science and Technology approved this retrospective study (IORG No. IORG0003571). Each participant provided their consent to participate. References 1 Chung MK Zidar DA Bristow MR COVID-19 and Cardiovascular Disease: From Bench to Bedside. Circ Res 2021 ; 128 : 1214 - 36 . 10.1161/CIRCRESAHA.121.317997 33856918 PMC8048382 2 Wang Y Liu S Liu H SARS-CoV-2 infection of the liver directly contributes to hepatic impairment in pati"
PMC13235974,42241710,10.2196/91115,Associations and Pathways Between Online Health Information-Seeking Behavior and Patient Adherence: Cross-Sectional Study.,,2026,2026-06-04,"Xu Z, Jia J, Wu C.",False,True,True,1,True,False,False,direct effect (product of the coefficient for OHISB to efficacy and efficacy to adherence) and its 95% CI were calculated. Mediation was considered statistically significant if the CI did not include 0. Ethical Considerations This study was approved by the ethics committee of Tongji Medical College of Huazhong University of Science and Technology (IORG0003571). All procedures performed were in accordance with the ethical standards of the institutional research committee and with the 1964 Declaration of Helsinki and its later amendments. Participation was entirely voluntary and anonymous; no personally identifiable information was collected. All data were kept strictly confidential and used solely for r
PMC11403802,39285333,10.1186/s12887-024-05063-9,Ulnar lengthening for children with forearm deformity from hereditary multiple exostoses: a retrospective study from a tertiary medical center.,,2024,2024-09-16,"Wang S, Herman B, Wu Y, Lei M, Mutasa B, Hong P, Li J.",False,True,True,1,True,False,False,"e datasets used and/or analyzed during the current study available from the corresponding author on reasonable request. Declarations Ethics approval and consent to participate The studies involving human participants were reviewed and approved by the Ethics Committee of Tongji Medical College, Huazhong University of Science and Technology (ORG No: IORG0003571). Written informed consent was obtained from individual or guardian participants. Consent for publication Not applicable. Competing interests The authors declare no competing interests. References 1. Schmale GA Conrad EU 3rd Raskind WH The natural history of hereditary multiple exostoses J Bone Joint Surg Am 1994 76 7 986 992 10.2106/00004623-1994"
PMC8908588,35264113,10.1186/s12872-022-02538-4,Predictors and outcomes of postoperative tracheostomy in patients undergoing acute type A aortic dissection surgery.,,2022,2022-03-09,"Wang D, Wang S, Song Y, Wang H, Zhang A, Wu L, Huang X, Ye P, Du X.",False,True,True,4,True,False,False,"stitution between January 2016 and December 2019 were studied. Patients who died during the surgery were excluded from this study. This study was conducted in accordance with ethical statement of the Declaration of Helsinki and was approved by The Ethics Committee of Tongji Medical College of Huazhong University of Science and Technology (IORG No. IORG0003571). The requirement of written informed consent was waived by The Ethics Committee of Tongji Medical College of Huazhong University of Science and Technology (IORG No. IORG0003571) due to its observational, retrospective nature. Baseline data Baseline data including demographics, comorbidities, preoperative laboratory values and surgical procedure w || ical statement of the Declaration of Helsinki and was approved by The Ethics Committee of Tongji Medical College of Huazhong University of Science and Technology (IORG No. IORG0003571). The requirement of written informed consent was waived by The Ethics Committee of Tongji Medical College of Huazhong University of Science and Technology (IORG No. IORG0003571) due to its observational, retrospective nature. Baseline data Baseline data including demographics, comorbidities, preoperative laboratory values and surgical procedure were documented. Specifically, the demographics contained age, sex, body mass index, history of smoking and drinking; comorbidities included diabetes mellitus, hypertension, cardi || udy but are available from the corresponding author on reasonable request. Declarations Ethics approval and consent to participate This study was conducted in accordance with ethical statement of the Declaration of Helsinki and was approved by The Ethics Committee of Tongji Medical College of Huazhong University of Science and Technology (IORG No. IORG0003571). The requirement of written informed consent was waived by The Ethics Committee of Tongji Medical College of Huazhong University of Science and Technology (IORG No. IORG0003571) due to its observational, retrospective nature. Consent for publication Not applicable. Competing interests The authors declare that they have no competing interests. Ref || ical statement of the Declaration of Helsinki and was approved by The Ethics Committee of Tongji Medical College of Huazhong University of Science and Technology (IORG No. IORG0003571). The requirement of written informed consent was waived by The Ethics Committee of Tongji Medical College of Huazhong University of Science and Technology (IORG No. IORG0003571) due to its observational, retrospective nature. Consent for publication Not applicable. Competing interests The authors declare that they have no competing interests. References 1. De Santo LS Romano G Amarelli C Onorati F Torella M Renzulli A Surgical repair of acute type A aortic dissection: continuous pulmonary perfusion during retrograde cere"
PMC11611870,39628797,10.3389/fpubh.2024.1480894,Study on the co-occurrence of multiple health service needs throughout the lifecourse of rural residents in China based on association rules.,,2024,2024-11-19,"Jia J, Liu X, Ren P, Chen M, Xu J, Zhang X.",False,True,True,1,True,False,False,"medicine; MHC, Mental health care; HC, Home care. Data availability statement The raw data supporting the conclusions of this article will be made available by the authors, without undue reservation. Ethics statement The study was approved by the Ethics Committee of Tongji Medical College of Huazhong University of Science and Technology (IORG No. IORG0003571). Informed consent was obtained from all subjects prior to the investigation and there were no human subjects in the study. All methods were performed in accordance with relevant guidelines and regulations. Author contributions JJ: Writing – original draft, Writing – review & editing. XL: Writing – original draft. PR: Writing – review & editing. M"
PMC11954891,40157927,10.1038/s41598-025-85909-z,Establishment and characterization of a novel immortalized human aortic valve interstitial cell line.,,2025,2025-03-29,"Wang Z, Rao Z, Wang Y, Dong N.",False,True,True,1,True,False,False,"enerated during the current study are available in the Genome Sequence Archive repository (HRA007843). Declarations Ethical approval All experiments involving humans were conducted in accordance with the Declaration of Helsinki. The Review Board of Tongji Medical College, Huazhong University of Science and Technology, approved the research plan. (#IORG0003571). Consent for publication All co-authors have read the manuscript and given their approval for its final submission. Competing interests The authors declare no competing interests. References 1. Yadgir S Global, regional, and national burden of calcific aortic valve and degenerative mitral valve diseases, 1990–2017 Circulation 2020 141 1670 1680 1"
PMC11316317,39127629,10.1186/s12875-024-02550-x,The effect of family physician team processes on chronic disease management performance from a structural network perspective.,,2024,2024-08-10,"Chen Y, Zhang Z, Yang E, Qing H, Wei Y, Tang S.",False,True,True,1,True,False,False,"Data availability The datasets used and/or analyzed during the current study are available from the corresponding author on reasonable request. Declarations Ethics approval and consent to participate The approval for this study was obtained from the Ethics Committee of Tongji Medical College, Huazhong University of Science and Technology (IORG No: IORG0003571). All participants read a statement that explained the purpose of the survey. Written informed consent was obtained from all participants in this study. All methods in this study were performed in accordance with the relevant guidelines and regulations. Consent for publication Not applicable. Competing interests The authors declare no competing in"
PMC10549693,37799320,10.1177/18632521231193713,A novel pre-bending tool for elastic stable intramedullary nailing: An efficient and accurate study.,,2023,2023-08-18,"Shu W, Yu L, Slongo T, Rai S, Zhong H, Tang X.",False,True,True,1,True,False,True,"formed in studies involving human participants were in accordance with the ethical standards of the institutional and/or national research committee and with the 1964 Helsinki Declaration and its later amendments or comparable ethical standards. The Ethics Committee of Tongji Medical College, Huazhong University of Science and Technology (IORG No: IORG0003571) gave a final APPROVAL on 20/11/2019 for the study. Although the data were collected anonymized and centrally, all guardians of patients signed written informed consent for participate. Funding: The author(s) received no financial support for the research, authorship, and/or publication of this article. References 1 Kaiser N Slongo T . Elastic, st"
PMC9372609,35967573,10.3389/fped.2022.952591,Case report: Single-session double-Ilizarov lengthening technique in the treatment of a child with congenital fibular deficiency.,,2022,2022-07-29,"Shu W, Yue C, Zhong H, Tang X.",False,True,True,1,True,False,False,"nal contributions presented in the study are included in the article/supplementary material, further inquiries can be directed to the corresponding author/s. Ethics Statement The studies involving human participants were reviewed and approved by the Ethics Committee of Tongji Medical College, Huazhong University of Science and Technology (IORG No: IORG0003571). Written informed consent to participate in this study was provided by the participants' legal guardian/next of kin. Written informed consent was obtained from the individual(s), and minor(s)' legal guardian/next of kin, for the publication of any potentially identifiable images or data included in this article. Author contributions CY was involv"
PMC10113079,37082661,10.21037/atm-22-2839,The inhibitory effect of isoliquiritigenin on human platelets <i>in vitro</i>.,,2023,2023-02-07,"Wu Y, Deng C, Wang Y, Ming Z, Mei H, Hu Y.",False,True,True,2,True,False,False,"weeks, they had not taken any antiplatelet drugs. The female participants were in a nonmenstrual period. Informed consent was obtained from all volunteers at the start of our study. In accordance with the Declaration of Helsinki (as revised in 2013), the study was approved by the review boards of Union Hospital and Tongji Medical College (IORG No. IORG0003571). A total of 30 mL of whole blood was obtained with a sodium citrate anticoagulant tube. The platelet-rich plasma (PRP), washed platelets, and platelet-poor plasma (PPP) were isolated from the whole blood. Preparation of PRP, PPP, and washed platelets Whole blood was centrifuged (160 ×g, 15 min) at room temperature. The supernatant (PRP) was caref || for all aspects of the work in ensuring that questions related to the accuracy or integrity of any part of the work are appropriately investigated and resolved. The study was conducted in accordance with the Declaration of Helsinki (as revised in 2013). The study was approved by review boards of Union Hospital and Tongji Medical College (IORG No. IORG0003571), and informed consent was obtained from all the volunteers. Reporting Checklist: The authors have completed the MDAR reporting checklist. Available at https://atm.amegroups.com/article/view/10.21037/atm-22-2839/rc Data Sharing Statement: Available at https://atm.amegroups.com/article/view/10.21037/atm-22-2839/dss Conflicts of Interest: All author"
PMC10929211,38468296,10.1186/s12936-024-04892-4,Factors affecting delays in seeking treatment among malaria patients during the pre-certification phase in China.,,2024,2024-03-11,"Jia L, Chen X, Feng Z, Tang S, Feng D.",False,True,True,2,True,False,False,"stically significant. The Sankey diagram was used to map the treatment-seeking pathways of malaria patients. This specific type of flow diagram uses varying path widths to represent quantities. Ethical approval and consent The study was approved by the Ethics Committee of the Tongji Medical College of Huazhong University of Science and Technology (IORG0003571). Written permission to access and analyse the research data was granted by the National Health Commission of the People’s Republic of China and the administrators of each hospital. Patient information was anonymized and de-identified. Results Sociodemographic characteristics A total of 494 participants were investigated (Table 1 ). The majority o || A1004). Availability of data and materials The dataset analyzed during the current study are available from the corresponding authors on reasonable request. Declarations Ethics approval and consent to participate Ethical approval was obtained from the Ethics Committee of Tongji Medical College, Huazhong University of Science & Technology (IORG No: IORG0003571). Permission to access and analyze the research data was taken from the National Health Commission of People’s Republic China and the administrators of each hospital. Consent for publication Not applicable. Competing interests The authors declare that they have no competing interests. Footnotes Publisher's Note Springer Nature remains neutral with"
PMC10777601,38200529,10.1186/s12912-024-01701-w,Nurses' preferences for interventions to improve infection prevention and control behaviors based on systems engineering initiative to patient safety model: a discrete choice experiment.,,2024,2024-01-10,"Zhou Q, Liu J, Zheng F, Wang Q, Zhang X, Li H, Tan L, Luo W.",False,True,True,1,True,False,False,"rent study, and so are not publicly available. Data are however available from the authors upon reasonable request and with permission of surveyed local institutions. Declarations Ethics approval and consent to participate The study was approved by the Ethics Committee of Tongji Medical College, Huazhong University of Science and Technology (IORG: IORG0003571). Written informed consent was obtained from the respondents, and any information that could identify participants was guaranteed confidentiality. All methods were carried out in accordance with relevant guidelines and regulations. Consent for publication Not applicable. Conflict of interest The authors declare that they have no known competing fi"
PMC9584647,36276061,10.3389/fonc.2022.991246,Infiltration of the spinal cord and peripheral nerves in multiple myeloma.,,2022,2022-10-06,"Su X, Kong X, Kong X, Lu Z, Zheng C.",False,True,True,1,True,False,False,"PNS often portends a poor prognosis. Data availability statement The raw data supporting the conclusions of this article will be made available by the authors, without undue reservation. Ethics statement The present prospective study was approved by the ethics committee of Tongji Medical College, Huazhong University of Science and Technology (No. IORG0003571). The patients/participants provided their written informed consent to participate in this study. Author contributions Conceived and designed: CZ, XS, and ZL. Analyzed the data: XS and XQK. Manuscript preparation: XS and CZ. Contributed reagents/materials: ZL and XCK. All authors contributed to the article and approved the submitted version. Fundi"
PMC9588377,36285283,10.1155/2022/6890790,Role of GLI1 in Hypoxia-Driven Endometrial Stromal Cell Migration and Invasion in Endometriosis.,,2022,2022-10-15,"Wang L, Liang J, Bi S, Li Y, Zhang W, Xiwen W, Liu Y, Liu H.",False,True,True,2,True,False,False,"lected during the proliferative phase of the normal menstrual cycle. The tissue samples were collected using the Nowak's curette just before the surgical procedure, and transported to the laboratory for research use. This study was approved by the Ethics Committee of Tongji Medical College of Huazhong University of Science and Technology (IORG No: IORG0003571), and all the above patients signed informed consent. All fresh specimens were frozen and stored in liquid nitrogen to further extract protein and RNA. The clinical data about the patients are reported in Supplemental Table 1 . 2.2. Human Primary Eutopic Endometrial Stromal Cells (ESCs) Isolation and Cell Culture Conditions Isolation of primary eu || and all colleagues who helped with this research. Data Availability The datasets generated during and/or analyzed during this study are available from the corresponding author on reasonable request. Ethical Approval This study was approved by the Ethics Committee of Tongji Medical College of Huazhong University of Science and Technology (IORG No: IORG0003571), and all the above patients signed informed consent. Conflicts of Interest The authors declare no competing interests. Authors' Contributions Lili Wang and Jiaxin Liang completed the experiments and data collection and were a major contributor in writing the manuscript. Yi Liu contributed to clinical sample collection. Hengwei Liu performed the i"
PMC9502700,36135443,10.3390/jcdd9090298,Early and Long-Term Outcomes after On-Pump and Off-Pump Coronary-Artery Bypass Grafting in Patients with Severe Left Ventricular Dysfunction and a Giant Left Ventricle.,,2022,2022-09-06,"Wang C, Jiang Y, Wang Q, Tian R, Wang D, Jiang X, Dong N, Chen S, Chen X.",False,True,True,2,True,False,False,"n from off-pump to on-pump surgery were included into the OPCAB group. All surgeons in this study had extensive experience in both approaches over a 10- year period (more than 50 per year, respectively). The Medical Ethics Committee of Tongji Medical College, Huazhong University of Science and Technology approved the ethics of this study (IORG No. IORG0003571) and patient informed consent was waived. 2.2. Surgical Technique The standard median sternum incision was performed to expose the heart in both surgical approaches. For ONABG, the cardiopulmonary bypass technique established by aortic inflow cannulation and right atrium outflow cannulation, or superior and inferior vena cava outflow cannulation, || roject administration, S.C. and X.C. All authors have read and agreed to the published version of the manuscript. Institutional Review Board Statement The study was conducted in accordance with the Declaration of Helsinki and approved by The Medical Ethics Committee of Tongji Medical College, Huazhong University of Science and Technology (IORG No. IORG0003571; 22 February 2021). Informed Consent Statement Patient informed consent was waived because this study was a retrospective observational study. Data Availability Statement The raw data is available by contacting with the corresponding authors. Conflicts of Interest The authors declare no conflict of interest. Funding Statement This research was fun"
PMC10349751,36107245,10.1007/s00432-022-04350-1,Down-regulated lncRNA ROR in tumor-educated platelets as a liquid-biopsy biomarker for nasopharyngeal carcinoma.,,2023,2022-09-15,"Wei J, Meng X, Wei X, Zhu K, Du L, Wang H.",False,True,True,2,True,True,False,"ion and platelet isolation 50 NPC patients and 33 healthy donors were included in the study. All samples were collected at Cancer Center, Union Hospital, Tongji Medical College, Huazhong University of Science and Technology. The study was approved by the Ethics Committee of Tongji Medical College, Huazhong University of Science and Technology (No: IORG0003571). Informed consent was obtained from all individual participants included in the study. The inclusion criteria of NPC subjects were as follows: 18–85 years old, newly diagnosed with a NPC, no radiotherapy or chemotherapy being received, and no other primary tumors. 2 mL of whole blood samples were obtained from NPC patients and healthy donors, and || ed during the current study are available from the corresponding author on reasonable request. Declarations Conflict of interest The authors have no relevant financial or non-financial interests to disclose. Ethical approval The study was approved by the Ethics Committee of Tongji Medical College, Huazhong University of Science and Technology (No: IORG0003571). Consents to participate Informed consent was obtained from all individual participants included in the study. References Bardelli A Pantel K Liquid biopsies, what we do not know (yet) Cancer Cell 2017 31 2 172 179 10.1016/j.ccell.2017.01.002 28196593 Bardelli A, Pantel K (2017) Liquid biopsies, what we do not know (yet). Cancer Cell 31(2):172–17"
PMC12462849,35234125,10.5152/j.aott.2022.20379,External fixation in the treatment of displaced supracondylar femoral fracture in children: A retrospective case series.,,2022,2022-01-01,"Li J, Chen K, Ma J, Guo X, Yue C, Rai S, Tang X.",False,True,True,2,True,False,True,"mbolized by the disappearance of fracture line and bone callus formation. Limb length discrepancy and valgus deformity were measured on radiographic images. Knee Society Score (KSS) postoperative score and KSS functional score were evaluated at the last followup. 14 This retrospective research was approved by the author’s IRB institution (IORG No: IORG0003571). Each patient’s parents were informed about the treatment protocol and signed consents. Results Fourteen patients diagnosed with supracondylar femoral fractures and treated with external fixators, including 6 males and 8 females, were included in the study. Their general information is shown in Table 1 . The age of the patients ranged from 3.9 to || tcomes and may be an alternative for pediatric displaced supracondylar femoral fracture. Funding Statement This work was supported by the National Natural Science Foundation of China (grant number: 81470100). Footnotes Ethics Committee Approval: The Ethics Committee of Tongji Medical College, Huazhong University of Science and Technology (IORG No: IORG0003571) gave final approval on 20/11/2019 for the study Retrospective Research of Surgical Methods in the Treatment of Fractures and malformation in Children in Children, which Xin Tang conducts at the Department of Orthopaedic Surgery, Union Hospital of Tongji Medical College, Huazhong University of Science and Technology. Informed Consent: The patient’"
PMC10047496,36975434,10.3390/curroncol30030221,Nomograms for Predicting Survival Outcomes in Patients with Neuroendocrine Neoplasms of the Gallbladder Undergoing Primary Tumor Resection: A Population-Based Study.,,2023,2023-02-28,"Zhang YR, Hu GC, Fan MK, Yao HL, Jiang C, Shi HY, Lin R.",False,True,True,2,True,False,False,"ER database is publicly accessible and all patient-identifiable information is de-identified, institutional review board approval and informed consent were not necessary for its usage. This study was a retrospective study and was approved by the Ethics Committee of Tongji Medical College, Huazhong University of Science and Technology (IORG number: IORG0003571). This research was carried out in compliance with the Helsinki Declaration of 1964 and its subsequent modifications’ ethical standards. 2.2. Source Data and Screening Criteria The SEER database provides demographic and clinicopathological information on cancer cases for approximately 30.0% of the United States population [ 11 ]. We collected GB-N || ting—original draft: Y.-R.Z. and G.-C.H.; writing—review and editing: H.-Y.S. and R.L. All authors have read and agreed to the published version of the manuscript. Institutional Review Board Statement This retrospective study was approved by the Ethics Committee of Tongji Medical College, Huazhong University of Science and Technology (IORG number: IORG0003571), and the final approval date was 11 October 2020. Informed Consent Statement Informed consent was obtained from each patient, and the study conforms to the provisions of the Declaration of Helsinki. Data Availability Statement The authors declare that the research was conducted in the absence of any commercial or financial relationships that coul"
PMC10634287,37953761,10.3389/fcvm.2023.1277825,Donor/recipient ascending aortic diameter ratio as a novel potential metric for donor selection and improved clinical outcomes in heart transplantation: a propensity score-matched study.,,2023,2023-10-25,"Masroor M, Chen Y, Wang Y, Dong N.",False,True,True,2,True,True,False,"and improve clinical outcomes in HTx. Materials and methods Ethical statement All donor grafts were donated to the Red Cross Society of Hubei Province and were allocated by the China Organ Transplant Response System. The study was approved by the ethics committee of Tongji Medical College of Huazhong University of Science and Technology (IORG No.: IORG0003571) and was performed in accordance with the national program for deceased-donor organ donation in China ( 11 ) (national protocol for China category I) ( 12 ). Written informed consent was obtained from all patients or their guardians. The clinical and research activities are consistent with the principles of the Declaration of Istanbul and the Decl || undation of China (82001701). Data availability statement The raw data supporting the conclusions of this article will be made available by the authors, without undue reservation. Ethics statement The studies involving humans were approved by the Ethics Committee of Tongji Medical College of Huazhong University of Science and Technology (IORG No.: IORG0003571). The studies were conducted in accordance with the local legislation and institutional requirements. The participants provided their written informed consent to participate in this study. Author contributions MM: Conceptualization, Methodology, Formal analysis, Writing – original draft, Writing – review & editing. YC: Formal analysis, Writing – r"
PMC9411980,36034556,10.3389/fped.2022.950211,Case report: Reconstruction of distal medial tibial epiphysis using iliac crest apophyseal autograft.,,2022,2022-08-12,"Zhu C, Shi B, Rai S, Zhong H, Tang X.",False,True,True,1,True,False,False,"ginal contributions presented in the study are included in the article/supplementary material, further inquiries can be directed to the corresponding author. Ethics statement The studies involving human participants were reviewed and approved by the Ethics Committee of Tongji Medical College, Huazhong University of Science and Technology (IORG No: IORG0003571). Written informed consent to participate in this study was provided by the participants' legal guardian/next of kin. Written informed consent was obtained from the individual(s), and minor(s)' legal guardian/next of kin, for the publication of any potentially identifiable images or data included in this article. Author contributions BS were invol"
PMC9561439,36310549,10.1007/s43465-022-00698-1,Effect of Insoles Treatment on School-Age Children with Symptomatic Flexible Flatfoot: A 2-Year Follow-Up Study.,,2022,2022-08-11,"Li J, Yang Z, Rai S, Li X, Jiang G, Pan X, Tang X.",False,True,False,0,False,False,False,
PMC11765907,39863840,10.1186/s12889-025-21542-9,Enhancing healthcare utilization and reducing preventable hospitalizations: exploring the healthcare-seeking propensity of patients with non-communicable diseases in Rural China.,,2025,2025-01-25,"Hou Y, Li W, Li S, Chen L, An J, Lu S.",False,True,True,1,True,False,False,"availability The datasets used and/or analysed during the current study are available from the corresponding author on reasonable request. Declarations Ethical approval and consent to participate The study was approved by the Ethics Committee of Tongji Medical College, Huazhong University of Science and Technology, with the ethics approval number IORG0003571. All methods were performed in accordance with relevant guidelines and regulations. This study adhered to the principles of the Declaration of Helsinki. Informed consent was obtained from all participants prior to their inclusion in the study. Consent for publication Not applicable. Competing interests The authors declare no competing interests. F"
PMC9363743,35733388,10.1111/os.13376,Use of Ilizarov Device to Gain Early Range of Motion in the Treatment of Pediatric Talus Body Fractures: A Series of Four Cases and Literature Review.,,2022,2022-06-22,"Zhu W, Chu S, Li Q, Rai S, Liu W, Tang X.",False,True,True,2,True,False,True,"no pmc-prop-preprint no pmc-prop-in-epmc yes pmc-license-ref CC BY-NC-ND source-schema-version-number 2.0 cover-date August 2022 details-of-publishers-convertor Converter:WILEY_ML3GV2_TO_JATSPMC version:6.1.7 mode:remove_FC converted:10.08.2022 The Ethics Committee of Tongji Medical College, Huazhong University of Science and Technology (IORG No: IORG0003571) gave a final APPROVAL on 20/11/2019 for the study Retrospective Research of Surgical Methods in the Treatment of Fractures and Malformation in Children which was conducted by Xin Tang at Department of Orthopaedic Surgery, Union Hospital of Tongji Medical College, Huazhong University of Science and Technology. Introduction Talus is the second larg || ator for talus body fractures in children. Case presentation This was a single‐center case‐series with prospective data collection. Children with talus body fractures who were treated using the Ilizarov external fixator at the authors' institute between November 2015 and April 2016 were included. The study was approved by ethical review board (No: IORG0003571) at the author's institution. Written informed consent was obtained from the parents of all patients. Patients All four patients were boys (left side: one patient; right side: three patients) (Table 1 ). The age of the patients at the time of operation was 5, 9, 11, and 11 years, respectively. The average time from injury to surgery was 4.3 days ("
PMC9302481,35873478,10.3389/fgene.2022.873641,A Rare Phenotype of Uncommon Charcot-Marie-Tooth Genotypes Complicated With Inflammation Evaluated by Genetics and Magnetic Resonance Neurography.,,2022,2022-07-07,"Su X, Kong X, Lu Z, Wang L, Zheng C.",False,True,True,1,True,False,False,"e not publicly available due to concerns regarding participant/patient anonymity. Requests to access the datasets should be directed to the corresponding authors. Ethics Statement The studies involving human participants were reviewed and approved by the Ethics Committee of Tongji Medical College, Huazhong University of Science and Technology (No. IORG0003571). The patients/participants provided their written informed consent to participate in this study. Author Contributions Conceived and designed the study: CZ, XS, and ZL; Analyzed the data: ZL and LW; Manuscript preparation: XS, CZ, and LW. Conflict of Interest The authors declare that the research was conducted in the absence of any commercial or f"
PMC10835967,38302957,10.1186/s12913-024-10596-x,Optimizing the medical equipment investment in primary care centres in rural China: evidence from a panel threshold model.,,2024,2024-02-01,"Xu W, Pan Z, Zhang L, Lu S.",False,True,True,1,True,False,False,"due to the constraints on privacy and treatment imposed by the local regulatory authorities but are available from the corresponding author on reasonable request. Declarations Ethics approval and consent to participate The study was approved by the ethics committee of Tongji Medical College, Huazhong University of Science and Technology (IORG No: IORG0003571). All methods were performed in accordance with the relevant guidelines and regulations. Informed consent was obtained from all participants. Consent for publication Not applicable. Competing interests The authors declare no competing interests. Footnotes Publisher’s Note Springer Nature remains neutral with regard to jurisdictional claims in publ"
PMC9530273,36204343,10.3389/fsurg.2022.987627,Femoral head metastases from primary mucinous lung adenocarcinoma with left hip pain: A case report and literature review.,,2022,2022-09-20,"Xue H, Zhou W, Zhang Z, Panayi AC, Xiong Y, Yang S, Mi B, Liu G, Liu X.",False,True,True,1,True,False,False,"riginal contributions presented in the study are included in the article/Supplementary Material, further inquiries can be directed to the corresponding author/s. Ethics statement The studies involving human participants were reviewed and approved by Ethics Committee of Tongji Medical College, Huazhong University of Science and Technology (IORG No: IORG0003571). The patients/participants provided their written informed consent to participate in this study. Written informed consent was obtained from the individual for the publication of any potentially identifiable images or data included in this article. Author contributions HX, WZ, and ZZ wrote the initial draft of this manuscript and subsequent revisi"
PMC10942157,38079604,10.1097/js9.0000000000000995,Artificial intelligence-based diagnosis of standard endoscopic ultrasonography scanning sites in the biliopancreatic system: a multicenter retrospective study.,,2024,2024-03-01,"Tian S, Shi H, Chen W, Li S, Han C, Du F, Wang W, Wen H, Lei Y, Deng L, Tang J, Zhang J, Lin J, Shi L, Ning B, Zhao K, Miao J, Wang G, Hou H, Huang X, Kong W, Jin X, Ding Z, Lin R.",False,True,True,1,True,False,False,"with experts in recognizing standard EUS images. We believe that the CNN model proposed in our study may be an important BPS linear-array EUS reading model and may become an effective auxiliary system. Ethical approval The study was approved by the Ethics Committee of Tongji Medical College, Huazhong University of Science and Technology (IORG No. IORG0003571). Consent Written informed consent was obtained from all patients. Patient data were anonymized, and any personally identifying information was omitted. Sources of funding Supported by the National Natural Science Foundation of China (Nos. 81974068 and 82170571), the National key research and development program of China (No. 2017YFC0110003), the"
PMC10236707,37264357,10.1186/s12889-023-15970-8,"Current state, equality level and trends of self-rated health among old adults with intact physical condition.",,2023,2023-06-02,"Ren W, Tarimo CS, Liang Z.",False,True,True,2,True,False,False,"ey variables. The content and procedures of the study were approved by the Ethics Committee of Tongji Medical College, Huazhong University of Science and Technology to be in compliance with international and national ethical requirements for biomedical research, and was performed in accordance with relevant guidelines and regulations (IORG number: IORG0003571). This study employed a sample consisting of individuals aged 60 or above with IPC. Considering the absence of missing responses for key variables such as age and SH, a total of 1,153 older adults were finally included in the analysis. Definitions of dependent variables In this study, the SHOA who perceived themselves as having IPC were used as th || o participate The content and procedures of the study were approved by the Ethics Committee of Tongji Medical College, Huazhong University of Science and Technology to be in compliance with international and national ethical requirements for biomedical research, and was performed in accordance with relevant guidelines and regulations (IORG number: IORG0003571). All participants were informed of the details of the study before participating and the informed consent was obtained from all participants and their legal guardians. Consent for publication Not applicable. Competing interests The authors declare no competing interests. References 1. Bai ZL, Yang J, Wang ZJ, et al. Association between social cap"
PMC11969718,40186209,10.1186/s12951-025-03342-w,hnRNPA2B1 facilitates ovarian carcinoma metastasis by sorting cargoes into small extracellular vesicles driving myofibroblasts activation.,,2025,2025-04-04,"Wu Q, Liu P, Liu X, Li G, Huang L, Ying F, Gong L, Li W, Zhang J, Gao R, Yi X, Xu L, Yu L, Wang Z, Cai J.",False,True,True,1,True,False,False,"ns Ethics approval and consent to participate This study was performed in accordance with the Declaration of Helsinki. All clinical specimens and information involved in this study provided informed consent before collection and were approved by The Ethics Committee of Tongji Medical College, Huazhong University of Science and Technology (IORG No: IORG0003571). All animal study procedures were approved by the Institutional Animal Care and Use Committee of Wuhan Youdu Biological Technology (WHYDSW No.20221219). Consent for publication Not applicable. Competing interests The authors declare no competing interests. Abbreviations sEVs Small extracellular vesicles OvCa Ovarian carcinoma TME Tumor microenvir"
PMC9309387,35899128,10.3389/fped.2022.916604,Treatment of Pediatric Intercondylar Humerus Fracture With External Fixation and Percutaneous Pinning After Closed Reduction.,,2022,2022-07-11,"Shu W, Zhao R, Yang Z, Li X, Jiang G, Rai S, Zhong H, Tang X.",False,True,True,1,True,False,False,"1 type of fracture pattern. Data Availability Statement The raw data supporting the conclusions of this article will be made available by the authors, without undue reservation. Ethics Statement The studies involving human participants were reviewed and approved by the Tongji Medical College, Huazhong University of Science and Technology (IORG No: IORG0003571). Written informed consent was obtained from the individual(s), and minor(s)’ legal guardian/next of kin, for the publication of any potentially identifiable images or data included in this article. Author Contributions RZ, ZY, XL, and GJ involved in data collection and follow-up assessments. XT, SR, and HZ were responsible for the literature sear"
PMC10334836,37441596,10.7150/thno.85323,Platelet membrane-coated alterbrassicene A nanoparticle inhibits calcification of the aortic valve by suppressing phosphorylation P65 NF-κB.,,2023,2023-06-26,"Geng B, Chen X, Chi J, Li F, Yim WY, Wang K, Li C, Xie M, Zhu P, Fan Z, Shi J, Hu Z, Zhang Y, Dong N.",False,True,True,1,True,False,False,"ll authors have read and approved the final manuscript. Informed Consent All authors have given approval to the final version of the manuscript. Data Statement All experiments involving humans were carried out per the Declaration of Helsinki and approved by the Review Board of Tongji Medical College, Huazhong University of Science and Technology (#IORG0003571). Written informed consent was obtained from all the participants. All animal experiments were approved by the Animal Care and Use Committee of Tongji Medical College (IACUC#2843). Abbreviations ABA alterbrassicene A VIC valve interstitial cell CAVD calcific aortic valve disease p-hVICs primary human valve interstitial cells im-hVICs immortal huma"
PMC9582430,36276360,10.3389/fpubh.2022.1019092,Self-reported work-related accumulative fatigue of nurses: A cross-sectional study in public hospitals in China.,,2022,2022-10-06,"Tang C, Chen X, Gong G, Guan C, Liu C.",False,True,True,2,True,False,False,"d to determine the prevalence of work-related accumulative fatigue in nurses in China's public hospitals and its associated factors. Methods A cross-sectional survey of nurses in public hospitals was conducted. Ethics approval was granted by the Research Ethics Committee of Tongji Medical College, Huazhong University of Science and Technology (No: IORG0003571). Study setting The study was conducted in the public hospitals sampled from both urban and rural settings across eastern, central, and western regions of China. In China, public hospitals account for more than 73% of hospital beds whilst employing more than 79% of registered nurses in 2018 ( 22 ). Consumers enjoy freedom to choose among different || of patient care. Data availability statement The raw data supporting the conclusions of this article will be made available by the authors, without undue reservation. Ethics statement The studies involving human participants were reviewed and approved by Ethics Committee of Tongji Medical College, Huazhong University of Science and Technology (No: IORG0003571). Written informed consent for participation was not required for this study in accordance with the national legislation and the institutional requirements. Author contributions CT, CG, and CL designed the project. CT, XC, CG, and CL performed literature review and drafted the article. CT, XC, GG, and CG participated in data collection and data an"
PMC9668058,36405828,10.3389/fped.2022.1039704,Small incision reduction and external fixation for the treatment of delayed over fourteen days supracondylar humeral fractures in children.,,2022,2022-11-02,"Liu S, Peng Y, Liu J, Ou Z, Wang Z, Rai S, Lin W, Tang X.",False,True,True,1,True,False,False,"nal contributions presented in the study are included in the article/Supplementary Material, further inquiries can be directed to the corresponding author/s. Ethics statement The studies involving human participants were reviewed and approved by The Ethics Committee of Tongji Medical College, Huazhong University of Science and Technology (IORG No: IORG0003571). Written informed consent to participate in this study was provided by the participants' legal guardian/next of kin. Written informed consent was obtained from the individual(s), and minor(s)' legal guardian/next of kin, for the publication of any potentially identifiable images or data included in this article. Author contributions JTL, ZXO and"
PMC8422101,34532453,10.21037/atm-21-3376,Blood alkaline phosphatase predicts prognosis of patients with advanced HER2-negative gastric cancer receiving immunotherapy.,,2021,2021-08-01,"Hu J, Yang S, Wang J, Zhang Q, Zhao L, Zhang D, Yu D, Jin M, Ma H, Liu H, Xue J, Zhang T.",False,True,True,2,True,False,False,"weeks. The study was conducted in accordance with the Declaration of Helsinki (as revised in 2013). All patients or their legal representatives gave written informed consent for the treatment and inquiries related to this study, which was approved by the Ethics Committee of Tongji Medical College, Huazhong University of Science and Technology (No.:IORG0003571). The inclusion criteria were: (I) age more than 18 years; (II) pathologically confirmed gastric adenocarcinoma; (III) Eastern Cooperative Oncology Group (ECOG) performance status of 1 or less; (IV) measurable disease as defined by Response Evaluation Criteria in Solid Tumors 1.1 (RECIST 1.1); and (V) good hepatic and renal function with normal he || ensuring that questions related to the accuracy or integrity of any part of the work are appropriately investigated and resolved. The study was conducted in accordance with the Declaration of Helsinki (as revised in 2013). The study was approved by the Ethics Committee of Tongji Medical College, Huazhong University of Science and Technology (No.: IORG0003571). All patients or their legal representatives gave written informed consent for the treatment and inquiries related to this study. Reporting Checklist: The authors have completed the STROBE reporting checklist. Available at https://dx.doi.org/10.21037/atm-21-3376 Data Sharing Statement: Available at https://dx.doi.org/10.21037/atm-21-3376 Conflict"
PMC11097851,38749685,10.1136/bmjopen-2023-077618,Residents' willingness towards first-contact with primary health care under uncertainty in healthcare: a cross-sectional study in rural China.,,2024,2024-05-15,"Song F, Wei R, Wang C, Zhang Y.",False,True,True,1,True,False,False,"To obtain data, please email the corresponding author. Ethics statements Patient consent for publication Consent obtained directly from patient(s). Ethics approval This study involves human participants. The study was approved by the Ethics Committee of Tongji Medical College of Huazhong University of Science and Technology. The ethics number was IORG0003571. Participants gave informed consent to participate in the study before taking part. References 1 Arrow KJ . Uncertainty and the welfare economics of medical care . J Health Polit Policy Law 2001 ; 26 : 851 – 83 . 10.1215/03616878-26-5-851 11765268 2 Han PKJ , Klein WMP , Arora NK . Varieties of uncertainty in health care: a conceptual taxonomy . M"
PMC9304686,35873455,10.3389/fgene.2022.920950,Perthes Disease in a Child With Osteogenesis Imperfecta From a Rare Genetic Variant: A Case Report.,,2022,2022-07-08,"Hong P, Zhao X, Liu R, Rai S, Song Y, Xu R, Li J.",False,True,True,1,True,False,True,"not publicly available due to concerns regarding participant/patient anonymity. Requests to access the datasets should be directed to the corresponding authors. Ethics Statement The studies involving human participants were reviewed and approved by Ethics Committee of Tongji Medical College, Huazhong University of Science and Technology (IORG No: IORG0003571) gave a final approval on 20 November 2019. Written consents were obtained from the legal guardians of patient for publication of this paper. Written informed consent to participate in this study was provided by the participants’ legal guardian/next of kin. Written informed consent was obtained from the individual(s), and minor(s)' legal guardian/"
PMC11481773,39407105,10.1186/s12872-024-04231-0,Prognostic significance of preoperative nutritional status for heart transplantation patients.,,2024,2024-10-16,"Yao D, Qian S, Xu L, Fan L, Li F, Chen S, Shi J, Dong N.",False,True,True,1,True,False,False,ion of China (81974034). Data availability The datasets used and analysed during the current study available from the corresponding author on reasonable request. Declarations Ethics approval and consent to participate The study was approved by the Ethics Committee of Tongji Medical College of Huazhong University of Science and Technology (IORG No: IORG0003571). Informed consent was obtained from all patients and from legally authorized representatives/next of kin for dead patients. Consent for publication Not applicable. Competing interests The authors declare no competing interests. Footnotes Publisher’s note Springer Nature remains neutral with regard to jurisdictional claims in published maps and in
PMC9958936,36837464,10.3390/medicina59020262,"A Combination of Ilizarov Frame, Externalized Locking Plate and Tibia Bridging for an Adult with Large Tibial Defect and Severe Varus Deformity Due to Chronic Osteomyelitis in Childhood: A Case Report.",,2023,2023-01-29,"Hong P, Ding Y, Xu R, Rai S, Liu R, Li J.",False,True,True,1,True,False,True,"revious versions of the manuscript. All authors declare that the details of any images, videos, recordings, etc., can be published. All authors have read and agreed to the published version of the manuscript. Institutional Review Board Statement The Ethics Committee of Tongji Medical College, Huazhong University of Science and Technology (IORG No: IORG0003571) gave a final APPROVAL on 20/11/2019 for the study, which was conducted by Xin Tang at Department of Orthopaedic Surgery, Union Hospital of Tongji Medical College, Huazhong University of Science and Technology. Informed Consent Statement Written informed consent was obtained from the patient for publication of this paper. Data Availability Stateme"
PMC10721626,38097631,10.1038/s41598-023-48158-6,Minimally invasive technique combined with external fixator in the treatment of pediatric flexion-type humeral supracondylar fractures.,,2023,2023-12-14,"Zhu C, Feng Q, Ou Z, Zhong H, Tang X.",False,True,True,1,True,False,False,"the IBM SPSS statistics version 20 software (SPSS Inc., Chicago, Illinois). The Student t-test and Mann–Whitney U test were used for descriptive statistics and comparative analysis between two groups. Ethical approval and consent to participate The Ethics Committee of Tongji Medical College, Huazhong University of Science and Technology (IORG No: IORG0003571) gave a final APPROVAL for this study. Although the data were collected anonymized and centrally, all guardians of patients signed written informed consent for participate. Results This study included six girls and sixteen boys, with a mean age of nine years. Ten patients were in Group A (close reduction), and others were in Group B (minimally inv"
PMC11662613,39709496,10.1186/s12964-024-01987-y,Exosomal ANXA2 facilitates ovarian cancer peritoneal metastasis by activating peritoneal mesothelial cells through binding with TLR2.,,2024,2024-12-21,"Zhang J, Liu H, Wu Q, Liu T, Liu X, Cai J, Yi X, Wang Z, Gao L.",False,True,True,2,True,False,False,"(Supplementary Table 1) and xenografts derived from ES-2 cells. All human tumours were collected between October 2015 and July 2019 and pathologically diagnosed as primary OvCa, while those that received preoperative antitumour treatment were excluded. The use of the archival human samples was approved by the Institute Ethical Committee (IORG No: IORG0003571). The tumours isolated from the mice were formalin fixed and paraffin embedded immediately after removal. In addition to ANXA2, Ki-67, a marker of cell proliferation activity, was also detected by IHC in xenografts. For the IHC assays, the paraffin sections were deparaffinized and heated to expose the antigens using sodium citrate antigen repair s || Youdu Biotechnology Co., Ltd. Isolation and culture of primary HPMCs Eighteen omental surgery samples obtained from patients diagnosed with OvCa or borderline ovarian tumours (Supplementary Table 4) were used to isolate primary HPMCs. Informed consent was obtained from each patient, and the protocol was approved by the Ethical Committee (IORG No: IORG0003571). HPMCs were isolated following established protocols [ 24 ]. Briefly, omental tissues were washed with sterile PBS, cut into 0.5–1 cm² pieces, incubated with 0.25% trypsin (containing 0.02% EDTA) for 25 min at 37 °C, filtered through 100-mesh sieves, and centrifuged at 300 × g for 10 min. Finally, the cell sediment was suspended in DMEM/F12 mediu"
PMC9215343,35757627,10.3389/fpubh.2022.884764,An Observational Study of Physicians' Workflow Interruptions in Outpatient Departments in China.,,2022,2022-04-29,"Zhu X, Hu Y, Wang L, Li D, Wu X, Xia S, Cheng S.",False,True,True,2,True,False,False,"articipate. The observers obtained the permission and consent of observed doctors and patients to enter the consulting room for observation and did not collect any patient-related information. This research was conducted with the permission of the Ethics Committee of Tongji Medical College of Huazhong University of Science and Technology (IORG No. IORG0003571). Procedure We used the observation method, that is, to observe and record the work tasks and working hours of the observer for 1 day (about 6 h). Expert observation using standardized methods has been shown to be valid and reliable for healthcare services, with a specific application in the investigation of workflow interruption ( 8 ). Master stu || ents. Data Availability Statement The raw data supporting the conclusions of this article will be made available by the authors, without undue reservation. Ethics Statement The studies involving human participants were reviewed and approved by the Ethics Committee of Tongji Medical College of Huazhong University of Science and Technology (IORG No. IORG0003571). The patients/participants provided their written informed consent to participate in this study. Author Contributions XZ, YH, LW, and DL conceived and designed the study. XZ, DL, LW, SX, SC, and XW collected data. XZ analyzed data and drafted the manuscript. All authors provided constructive suggestions to improve the paper and approved the final"
PMC9360405,35958179,10.3389/fped.2022.894262,Operative choice for subtrochanteric femoral fracture in school-aged children: Triple elastic stable intramedullary nail versus locking plate.,,2022,2022-07-26,"Hong P, Zhao X, Ze R, Rai S, Liu R, Li J, Tang X.",False,True,True,1,True,False,False,"riginal contributions presented in the study are included in the article/supplementary material, further inquiries can be directed to the corresponding author/s. Ethics statement The studies involving human participants were reviewed and approved by Ethics Committee of Tongji Medical College, Huazhong University of Science and Technology (IORG No: IORG0003571). Written informed consent to participate in this study was provided by the participants’ legal guardian/next of kin. Written informed consent was obtained from the individual(s), and minor(s)’ legal guardian/next of kin, for the publication of any potentially identifiable images or data included in this article. Author contributions JL and XT wer"
PMC8996669,35410232,10.1186/s12891-022-05293-x,Operative treatment outcomes of anterior sternoclavicular joint dislocation using two experimental methods - an acromioclavicular joint hook plate versus a locking plate: a retrospective study.,,2022,2022-04-11,"Qu Y, Xie X, Zhou W, Xia T, Cao F, Mi B, Xiong Y, Ye Z, Liu G.",False,True,True,1,True,False,False,"during the current study are available from the corresponding author on reasonable request. Declarations Ethics approval and consent to participate The study has been performed in accordance with the Declaration of Helsinki and has been approved by Ethics Committee of Tongji Medical College, Huazhong University of Science and Technology (IORG No.: IORG0003571). Although the data were collected anonymized and centrally, all patients provided written informed consent for participate. Consent for publication Not applicable. Competing interests The authors declare that they have no competing interests. References 1. Spencer EE Kuhn JE Huston LJ Carpenter JE Hughes RE Ligamentous restraints to anterior and"
PMC9807867,36605239,10.3389/fpubh.2022.1008217,"Weighing patient attributes in antibiotic prescribing for upper respiratory tract infections: A discrete choice experiment on primary care physicians in Hubei Province, China.",,2022,2022-12-20,"Xue T, Liu C, Li Z, Liu J, Tang Y.",False,True,True,2,True,False,False,"centers, employing 8,376 and 28,370 registered (assistant) physicians, respectively. They received 70.32 million patient visits, contributing to 36.2% of all outpatient visits in Hubei ( 34 ). 2.2. Ethical approval This study was approved by the Research Ethics Committee of Tongji Medical College, Huazhong University of Science and Technology (No. IORG0003571). Oral informed consent was obtained from each participant prior to data collection. 2.3. Study design 2.3.1. Identification of tested attributes and levels We followed the requirements recommended by Coast et al. for attribute development ( 35 ). A literature review was first conducted and then an interview guide was developed. Semi-structured in || nal antibiotic prescribing decisions for URTIs. Data availability statement The raw data supporting the conclusions of this article will be made available by the authors, without undue reservation. Ethics statement This study was approved by the Research Ethics Committee of Tongji Medical College, Huazhong University of Science and Technology (No. IORG0003571). Oral informed consent was obtained from each participant prior to data collection. The patients/participants provided their written informed consent to participate in this study. Author contributions TX conducted the literature review, designed the analysis framework, contributed to the data cleaning, preformed formal analysis, and wrote the ori"
PMC9376244,35979017,10.3389/fcvm.2022.965648,Off-pump or on-pump coronary artery bypass at 30 days: A propensity matched analysis.,,2022,2022-08-01,"Wang C, Jiang Y, Song Y, Wang Q, Tian R, Wang D, Dong N, Jiang X, Chen S, Chen X.",False,True,True,2,True,False,False,"of the surgeon prior to surgery. Patients with conversion from off-pump to on-pump surgery were included into OPCAB group. All surgeons operating on patients had extensive experience in both procedures. The Medical Ethics Committee of Tongji Medical College, Huazhong University of Science and Technology approved the ethics of this study (IORG No. IORG0003571) and patient informed consent was waived. Surgical technique Both surgical approaches used a standard median sternum incision to expose heart. For the OPCAB procedure, several standard coronary artery stabilizers and cardiac positioning techniques were used. For the ONABG, standard cardiopulmonary bypass techniques were used and myocardial protect || w data supporting the conclusions of this article will be made available by the authors, without undue reservation. Ethics statement The studies involving human participants were reviewed and approved by the Medical Ethics Committee of Tongji Medical College, Huazhong University of Science and Technology approved the Ethics of this study (IORG No. IORG0003571). Written informed consent for participation was not required for this study in accordance with the national legislation and the institutional requirements. Author contributions CW, YJ, SC, and XC designed the research. CW, YJ, and YS conducted the research. RT and QW collected the data. CW and DW analyzed the data. CW and SC wrote the paper. XJ a"
PMC9145031,35621859,10.3390/jcdd9050148,Donor-Recipient Weight Match in Pediatric Heart Transplantation: Liberalizing Weight Matching with Caution.,,2022,2022-05-07,"Chen M, Xu L, Yu W, Qian X, Rao Z, Tu J, Dong N, Li F.",False,True,True,2,True,True,False,"death were donated to the Red Cross Society of Hubei Province since 1 January 2015, and were allocated by the China Organ Transplant Response System according to China’s relevant laws and regulations. The Ethics Committee approved the retrospective study protocol of Tongji Medical College of Huazhong University of Science and Technology (IORG No. IORG0003571), the national program for deceased organ donation in China (national protocol for China category I). The clinical and research activities complied with the principles of the Declaration of Istanbul and the Declaration of Helsinki. Mortality data were obtained from the China Heart Transplant Registration Network, where all deaths are registered, a || me the unique source of graft for heart transplantation in China since January 1st, 2015. All donor grafts were allocated by the China Organ Transplant Response System according to Chinese laws. The retrospective study protocol was approved by the Ethics Committee of Tongji Medical College of Huazhong University of Science and Technology (IORG NO: IORG0003571) and performed in accordance with the national program for deceased organ donation in China (national protocol for China category I). The clinical and research activities complied with the Declarations of Helsinki and Istanbul. Informed Consent Statement Informed consent was obtained from all subjects involved in the study. Data Availability State"
PMC9393114,36003832,10.2147/prbm.s373287,"Capability, Opportunity, Motivation, and Hand Hygiene Behavior in Healthcare Workers: A Structural Equation Modeling.",,2022,2022-08-17,"Zheng S, Yang Q, Wang X, Zhang X, Zhou Q.",False,True,True,1,True,False,False,"g Yarui, Fan Lili. Funding Statement This research was funded by the National Natural Science Foundation of China, grant number 71473098 and 2021 Wuhan Medical Research Project, grant number WG21D05. Ethical Considerations The study was approved by the Ethics Committee of Tongji Medical College, Huazhong University of Science and Technology (IORG: IORG0003571). Written informed consent was obtained from the respondents, and any information that could identify participants was guaranteed confidentiality. Disclosure The authors declare that there is no conflict of interests. References 1. Pittet D, Hugonnet S, Harbarth S, et al. Effectiveness of a hospital-wide programme to improve compliance with hand h"
PMC8987442,35402229,10.3389/fonc.2022.809822,Confocal Laser Endomicroscopy Can Improve the Diagnosis Rate and Range Assessment of Patients With Conflicting Chronic Atrophic Gastritis Results of White Light Endoscopic and Pathological Diagnosis.,,2022,2022-03-24,"Pang S, Yao H, Jiang C, Zhang Q, Lin R.",False,True,True,1,True,False,False,"ginal contributions presented in the study are included in the article/supplementary material. Further inquiries can be directed to the corresponding author. Ethics Statement The studies involving human participants were reviewed and approved by the Ethics Committee of Tongji Medical College, Huazhong University of Science and Technology (IORG No: IORG0003571). The patients/participants provided their written informed consent to participate in this study. Author Contributions RL designed and supervised the study and data analysis. SP performed most of the investigation and data analysis and wrote the manuscript. HY and CJ contributed to interpretation of the data and analyses. QZ provided pathological"
PMC9997191,36908813,10.7717/peerj.14950,Abnormal mechanical stress on bicuspid aortic valve induces valvular calcification and inhibits Notch1/NICD/Runx2 signal.,,2023,2023-03-06,"Li G, Shen N, Deng H, Wang Y, Kong G, Shi J, Dong N, Deng C.",False,True,True,2,True,False,False,"Aortic Valve DCM Dilated Cardiomyopathy CRP C-reactive protein PCT Procalcitonin LVEF Left Ventricular Ejection Fraction ACEI Angiotensin Converting Enzyme Inhibitor ARB Angiotensin Receptor Blocker Consent details In accordance with the Declaration of Helsinki, the study was approved by review boards of Union Hospital and Tongji Medical College (IORG0003571). Written informed consents were obtained from all participants at their inclusion in the study. Antibodies and primers Antibodies for immunoblot in this study included the following: anti-Notch1 (ab280898; Abcam, Cambridge, UK), anti-Runx2 (ab114133; Abcam), anti-NICD (ab52301; Abcam), anti-GAPDH (ab8245; Abcam). Primers for qPCR in this study in || al draft. Cheng Deng analyzed the data, authored or reviewed drafts of the article, and approved the final draft. Human Ethics The following information was supplied relating to ethical approvals ( i.e. , approving body and any reference numbers): This research was approved by the Union Hospital and Tongji Medical College (Ethical Application Ref: IORG0003571). Data Availability The following information was supplied regarding data availability: The raw data are available in the Supplementary Files . References Back et al. (2013) Back M, Gasser TC, Michel JB, Caligiuri G. Biomechanical factors in the biology of aortic wall and aortic valve diseases. Cardiovascular Research. 2013;99(2):232–241. doi: 10."
PMC8620165,34823590,10.1186/s13690-021-00728-8,Community residents' preferences for chronic disease management in Primary Care Facilities in China: a stated preference survey.,,2021,2021-11-26,"Li X, Jiang M, Peng Y, Shen X, Jia E, Xiong J.",False,True,True,2,True,False,True,"interview. Primary care facilities provided separate rooms for the interviews. After the interview, we provided a gift worthy of 50 CNY ($7.13) to respondents. The survey data was collected from May 2018 to August 2018. The study was approved by the Ethics Committee of Tongji Medical College, Huazhong University of Science and Technology (IORG No: IORG0003571) on December 25, 2016. Statistical analysis Data were analyzed in STATA 15.1 (StataCorp LP) using a mixed logit model. We specified the coefficients of OOP-associated levels as fixed to avoid implausibly large values and heavily skewed distributions of willingness-to-pays (WTPs). The other attributes were categorical and effects-coded. We specifie || bility of data and materials The datasets used and/or analyzed during the current study are available from the corresponding author on reasonable request. Declarations Ethics approval and consent to participate The study protocol was approved by the Ethics Committee of Tongji Medical College, Huazhong University of Science and Technology (IORG No: IORG0003571). All study participants provided informed consent for participation in the study. Consent for publication Not applicable. Competing interests The authors declare that they have no competing interests. References 1. NCD Countdown 2030 collaborators: NCD Countdown 2030: worldwide trends in non-communicable disease mortality and progress towards Sus"
PMC8734332,34986817,10.1186/s12891-021-04992-1,Glenohumeral joint dislocation is rare in children with proximal humeral fractures: a descriptive study and literature review.,,2022,2022-01-05,"Hong P, Rai S, Liu R, Tang X, Li J.",False,True,True,1,True,False,True,"vailability of data and materials The datasets supporting the conclusion of this article are included within the article. Upon request, raw data can be provided by the corresponding author. Declarations Ethics approval and consent to participate The Ethics Committee of Tongji Medical College, Huazhong University of Science and Technology (IORG No: IORG0003571) gave a final approval on 20/11/2019 for the study. All methods were carried out in accordance with relevant guidelines and regulations. Informed consents to participate in this study were obtained from the legal guardians of every patient. Consent for publication Informed consents were obtained from the legal guardians of every patient in. this s"
PMC8831542,35155610,10.3389/fcvm.2021.799605,A Predictive Scoring Model for Postoperative Tracheostomy in Patients Who Underwent Cardiac Surgery.,,2021,2022-01-28,"Wang D, Wang S, Du Y, Song Y, Le S, Wang H, Zhang A, Huang X, Wu L, Du X.",False,True,True,2,True,False,False,"ho underwent cardiac surgery and to develop and validate a predictive scoring model. The model may be useful for risk identification and decision-making in perioperative management. Methods Ethical Statement Ethical approval was given by the Medical Ethics Committee of Tongji Medical College, Huazhong University of Science and Technology (IORG No. IORG0003571). The study protocol was in accordance with the Declaration of Helsinki. Patient informed consent was waived. Study Population This was a retrospective study performed in a tertiary medical center that included adult patients who underwent cardiac surgery between January 2016 and December 2019. We involved all cardiac surgical patients with the ex || ibutions presented in the study are included in the article/ Supplementary Material , further inquiries can be directed to the corresponding authors. Ethics Statement The studies involving human participants were reviewed and approved by the Medical Ethics Committee of Tongji Medical College, Huazhong University of Science and Technology (IORG No. IORG0003571). Written informed consent for participation was not required for this study in accordance with the national legislation and the institutional requirements. Author Contributions DW, YD, and SW participated in study design and contributed to the writing of the manuscript. DW, YS, SL, and HW contributed to data curation and analysis. XH, AZ, LW, and"
PMC7656681,33176748,10.1186/s12891-020-03774-5,Biodegradable pins for lateral condylar fracture of the humerus with an early delayed presentation in children: a retrospective study of biodegradable pin vs. Kirschner wire.,,2020,2020-11-11,"Li J, Rai S, Gao Y, Ze R, Tang X, Liu R, Hong P.",False,True,True,2,True,False,True,"with an early-delayed presentation treated with KW or BP from January 2010 to January 2016, at Wuhan union hospital, Tongji Medical College, Huazhong University of Science and Technology were retrospectively reviewed. This study was approved by the Ethics Committee of Tongji Medical College, Huazhong University of Science and Technology (IORG No: IORG0003571) on November 20, 2019. Written consent was obtained from the patient’s legal guardians. Exclusion criteria are (1) patients with incomplete clinical data or radiographs; (2) open or pathological fracture; (3) presence of concomitant injuries of the elbow (fractures or dislocation); (4) duration of injury to surgery, less than 3 weeks or more than || data and materials The data sets supporting the conclusion of this article are included within the article. Upon request, raw data can be provided by the corresponding author. Ethics approval and consent to participate This study was approved by the Ethics Committee of Tongji Medical College, Huazhong University of Science and Technology (IORG no: IORG0003571) on November 20, 2019. Written consents to participate in this study were obtained from the legal guardians of every patient. Consent for publication Written consents were obtained from the legal guardians of every patient in this study for publication of this paper. Competing interests The authors declare that they have no competing interests. Fo"
PMC8709554,34984038,10.2147/rmhp.s335988,"Satisfaction with Public Hospital Reform and Associated Factors Among Medical Staff: A Cross-Sectional Survey in Wuhan, China.",,2021,2021-12-20,"Tao S, Jiao Z, Xie J, Wang Q.",False,True,True,2,True,False,False,"ly, questionnaires were distributed to 2122 subjects; of those, 2000 subjects provided complete data and were included in the analysis. This study was performed in accordance with the principles of the Declaration of Helsinki and was approved by the Ethics Committee of Tongji Medical College, Huazhong University of Science and Technology (IORG No: IORG0003571). All participants in the study were voluntary and provided written informed consent before participating in this survey. Their privacy was strictly protected by filling in the questionnaires anonymously. Measurements/Questionnaire Based on a review of previous literature and expert consultation, the questionnaire consisted of three parts. Part 1 || rs should pay more attention to increasing income and improving the practicing environment and social status to prevent medical staff from treating reform negatively. Ethics Approval and Consent to Participate This study protocol was approved by the Ethics Committee of Tongji Medical College, Huazhong University of Science and Technology (IORG No: IORG0003571). In addition, the study was in accordance with the 1964 Declaration of Helsinki and its later amendments or comparable ethical standards. Verbal informed consent was obtained by medical staff from each participant before the original survey. Disclosure The authors report no conflicts of interest in this work. References 1. Iganski P , Mason D . E"
PMC8866316,35223711,10.3389/fped.2021.799487,Operative Choice for Length-Unstable Femoral Shaft Fracture in School-Aged Children: Locking Plate vs. Monolateral External Fixator.,,2021,2022-02-10,"Hong P, Rai S, Tang X, Liu R, Li J.",False,True,True,1,True,False,False,"original contributions presented in the study are included in the article/supplementary material, further inquiries can be directed to the corresponding author. Ethics Statement The studies involving human participants were reviewed and approved by Ethics Committee of Tongji Medical College, Huazhong University of Science and Technology (IORG No: IORG0003571). Written informed consent to participate in this study was provided by the participants' legal guardian/next of kin. Author Contributions JL was in charge of the main idea and is the guarantor of the integrity of the entire clinical study. PH was in charge of the study concepts, design, and manuscript preparation and editing. RL and SR were in ch"
PMC10483735,37674136,10.1186/s12875-023-02139-w,Trends in output of hypertension management and associated factors in primary care facilities: a latent trajectory analysis in China from 2009 to 2017.,,2023,2023-09-06,"Duan L, Zhang L, Zhang X, Lu S.",False,True,True,1,True,False,False,"arations Competing interests The authors declare no competing interests. Ethics approval and consent to participate Anonymised data were used throughout the study, and no facilities’ names were mentioned in this study. This study was approved by the ethics committee of Tongji Medical College, Huazhong University of Science and Technology (IORG No: IORG0003571). A written informed consent was obtained from all primary care facilities before the investigation and there were no human subjects in the study. All methods were carried out in accordance with relevant guidelines and regulation. Consent for publication Not applicable. Footnotes Publisher’s Note Springer Nature remains neutral with regard to juri"
PMC10131322,37098613,10.1186/s12939-023-01895-6,A study on the equity of self-rated health of older adults at the family level.,,2023,2023-04-25,"Ren W, Xing Y, Tarimo CS, He R, Liang Z.",False,True,True,2,True,False,False,"telephone, and those that could not be supplemented or were still missing were deemed unqualified. After evaluation by the Ethics Committee of Tongji Medical College of Huazhong University of Science and Technology, the content and procedures of this study met the ethical requirements of international and national biomedical research (IORG number: IORG0003571). Evaluation variables Based on the perspective of family-individual integration, this study used a questionnaire for “Chinese residents' health service needs survey in the New Era” to investigate. The questionnaire includes five parts: basic family information, personal demographic background, self-rated health status, hygiene habits and medical || licly available. Data are however available from the corresponding author upon reasonable request. Declarations Ethics approval and consent to participate The study was conducted in accordance with the Declaration of Helsink, and was approved by the ethics committee of Tongji Medical College, Huazhong University of Science and Technology (IORG No: IORG0003571). All participants were informed of the details of the study before participating and the informed consent was obtained from all participants. Consent for publication Not applicable. Competing interests The authors declare that they have no competing interests. References 1. Mathers CD, Stevens GA, Boerma T, White RA, Tobias MI. Causes of internat"
PMC9619217,36324509,10.3389/fgene.2022.983020,Construction and analysis of a lncRNA-miRNA-mRNA competing endogenous RNA network from inflamed and normal synovial tissues after anterior cruciate ligament and/or meniscus injuries.,,2022,2022-10-17,"Xiao X, Yang X, Ren S, Meng C, Yang Z.",False,True,True,2,True,False,False,"ynovial tissue samples from 12 patients with knee trauma were obtained at the time of ACL reconstruction and/or meniscus repair or meniscectomy at the Department of Orthopaedics, Union Hospital, Tongji Medical College, Huazhong University of Science and Technology. This study was approved by the Ethics Committee at Tongji Medical College (IORG No. IORG0003571), and all subjects provided informed consent. Patients between 18 and 45 years of age who had a traumatic knee injury and were scheduled for arthroscopic knee procedures were recruited from the Department of Orthopaedics, Union Hospital. The inclusion criteria existence of an isolated ACL injury as determined via clinical examination (positive Lac || sion numbers can be found below: GEO, NCBI; GSE213070 . Ethics statement The studies involving human participants were reviewed and approved by this study was performed in accordance with the principle of the Helsinki Declaration and approved by the Ethics Committee of Tongji Medical College, Huazhong University of Science and Technology (IORG No: IORG0003571). The patients/participants provided their written informed consent to participate in this study. Author contributions XX, XY, and ZY conceived the project. SR and CM performed the experiments and collected the data. XX conducted the bioinformatics analyses. XX and SR wrote the manuscript. XY, ZY, and CM revised the manuscript. All authors read an"
PMC9651145,36388376,10.3389/fpubh.2022.994529,The economic burden of malaria inpatients and its determinants during China's elimination stage.,,2022,2022-10-28,"Chen F, Chen X, Gu P, Sang X, Wu R, Tian M, Ye Y, Long C, Bishwajit G, Ji L, Feng D, Yang L, Tang S.",False,True,True,2,True,False,False,"1,633 malaria inpatients were included. Personal characteristics, admission information, and disease information were retrieved from personal medical records and entered into the database by medical students. Ethical approval was obtained from the Ethics Committee of Tongji Medical College, Huazhong University of Science and Technology (IORG no.: IORG0003571). Permission was taken from the National Health Commission of People's Republic China and the manager of each hospital. Names, ID numbers, and other personal privacy information were anonymized data. Definition of variables and measurement Individual or household direct medical costs related to malaria treatment were categorized by hospital inform || the following licenses/restrictions: the datasets used in this study are available from the corresponding author. Requests to access these datasets should be directed to sftang2018@hust.edu.cn . Ethics statement Ethical approval was obtained from the Ethics Committee of Tongji Medical College, Huazhong University of Science & Technology (IORG No: IORG0003571). Permission was taken from the National Health Commission of People's Republic of China and the manager of each hospital. Author contributions ST and LY conceived and planned the study. LJ, XC, PG, GB, and DF collected the data. XC, PG, XS, RW, FC, and ST cleaned the data. FC, ST, PG, and MT conducted the data analysis. FC, XC, PG, MT, YY, CL, an"
PMC9916961,36768661,10.3390/ijms24032338,sFgl2-Treg Positive Feedback Pathway Protects against Atherosclerosis.,,2023,2023-01-25,"An T, Guo M, Fan C, Huang S, Liu H, Liu K, Wang Z.",False,True,True,2,True,False,False,"utes of Health (NIH) guidelines. The animal study was approved by The Institutional Animal Care and Utilization Committee at Tongji Medical College of Huazhong University of Science and Technology (HUST), China (IACUC No.: 2136). Approval for the human study was obtained from the Ethics Committee of Tongji Medical College of HUST, China (IORG No.: IORG0003571). Written informed consent was obtained from the patients or appropriate surrogates. 4.2. Human and Mice Plasma Sample Collection In the Union Hospital (Wuhan, China), twenty patients with acute ischemic stroke admitted within 7 d of symptom onset were recruited. All the patients were 40–70 years old and were confirmed to have carotid atherosclero || utes of Health (NIH) guidelines. The animal study was approved by The Institutional Animal Care and Utilization Committee at Tongji Medical College of Huazhong University of Science and Technology (HUST), China (IACUC No.: 2136). Approval for the human study was obtained from the Ethics Committee of Tongji Medical College of HUST, China (IORG No.: IORG0003571). Informed Consent Statement Written informed consent was obtained from the patients or appropriate surrogates. Data Availability Statement The data that support the findings of this study are available from the corresponding author upon reasonable request. Conflicts of Interest The authors declare no conflict of interest. References 1. Wolf D. Le"
PMC10422723,37568157,10.1186/s12913-023-09817-6,Identifying patient perceived values during outpatient encounters: an empirical study from Chinese public hospitals.,,2023,2023-08-11,"Liu S, Hu Y, Lu C, Li D, Zhang Z.",False,True,True,1,True,False,False,"t support the findings of this study are available on request from the corresponding author. The data are not publicly available due to privacy or ethical restrictions. Declarations Ethics approval and consent to participate The study was approved by the Ethics Committee of Tongji Medical College, Huazhong University of Science and Technology (No. IORG0003571). Participants received written information and provided informed consent in the study. All methods were carried out in accordance with relevant guidelines and regulations (declaration of Helsinki). Consent for publication Not applicable. Competing interests The authors declare no competing interests. Footnotes Publisher’s Note Springer Nature rem"
PMC9318997,35886089,10.3390/ijerph19148237,Organized Breast and Cervical Cancer Screening: Attendance and Determinants in Rural China.,,2022,2022-07-06,"Han H, Wang X, Zhu Y, Liang Y.",False,True,True,2,True,False,False,"mpairment, mental illness, and other serious illnesses. There were 2156 eligible respondents, of whom 41 refused the survey (1.90%). We also excluded 166 (7.70%) responses with missing key variables. Finally, a total of 1949 (90.40%) women were enrolled in this study. We obtained ethics approval from the review board of the authors’ institute [No. IORG0003571; 2019-S006]. Survey participation was voluntary, and informed consent was obtained from all participants before any data were collected. Gift incentives of about three dollars were given to each participant. Figure 1 Distribution map of the sample counties. 2.2. Measures We operationalized our primary outcome as the attendance and willingness to p || material support: H.H., X.W., Y.Z. and Y.L.; Supervision: Y.L. All authors have read and agreed to the published version of the manuscript. Institutional Review Board Statement The study was conducted in accordance with the Declaration of Helsinki, and approved by the Institutional Review Board of Huazhong University of Science and Technology [No. IORG0003571; 2019-S006]. Informed Consent Statement Informed consent was obtained from all subjects involved in the study. Written informed consent has been obtained from the patient(s) to publish this paper. Data Availability Statement The study database is available via e-mail to the corresponding authors: Yuan Liang (liangyuan217@hust.edu.cn). Conflicts of"
PMC10434533,37600525,10.3389/ijph.2023.1605966,Association of Job Characteristics and Burnout of Healthcare Workers in Different Positions in Rural China: A Cross-Sectional Study.,,2023,2023-08-03,"Zhang M, Li S, Han D, Wu Y, Zhao J, Liao H, Ma Y, Yan C, Wang J.",False,True,True,1,True,False,False,"ctice, the influence of the public and policy context on job burnout must be taken into account. Acknowledgments This article has been submitted as a preprint in October 2022 [ 47 ]. Ethics Statement The studies involving humans were approved by the ethics committee of Tongji Medical College, Huazhong University of Science and Technology (IORG No: IORG0003571). The studies were conducted in accordance with the local legislation and institutional requirements. The participants provided their written informed consent to participate in this study. Written informed consent was obtained from the individual(s), and minor(s)’ legal guardian/next of kin, for the publication of any potentially identifiable imag"
PMC11375284,39233528,10.1002/clc.70010,Impact of Donor-Recipient BMI Ratio on Survival Outcomes of Heart Transplant Recipients: A Retrospective Analysis Study.,,2024,2024-09-01,"Zhong Y, Zhang C, Wang Y, Liu M, Shang X, Dong N.",False,True,True,1,True,True,False,"ative clinical assessments, intraoperative details, and postoperative outcomes. Variables included donor and recipient age, gender, BMI, donor−recipient height ratio, cause of donor death, and postoperative complications. This study was approved by the Ethics Committee of Tongji Medical College of Huazhong University of Science and Technology (No. IORG0003571). 2.3. Cardiac Donor Heart Preservation Method Once brain death is confirmed in the donor, the surgical procedure commences by ensuring a sterile environment. A midline incision is made in the sternum, allowing access to the heart upon splitting it. The pericardium is then opened, and an occlusion clamp is applied to the ascending aorta. For non‐a"
PMC9244921,35785402,10.1177/17562864221106350,A rare presentation of POEMS syndrome on magnetic resonance neurography: a case series.,,2022,2022-06-28,"Su X, Wang J, Kong X, Lu Z, Zheng C.",False,True,True,1,True,False,False,"angchuang Kong, Zuneng Lu and Chuansheng Zheng in Therapeutic Advances in Neurological Disorders We extend our gratitude to the patients of the Neuromuscular Center of Wuhan union hospital. Ethics statement: The present study was approved by the ethics committee of Tongji Medical College, Huazhong University of Science and Technology (approval no. IORG0003571). All patients voluntarily signed a written informed consent prior to inclusion in the study and for publication of their medical data and images. Consent for publication: Not applicable. Author contributions: Xiaoyun Su: Conceptualization; Data curation; Investigation; Resources; Writing – original draft; Writing – review & editing. Jing Wang: Da"
PMC10103517,37055791,10.1186/s12939-023-01882-x,A study on the current state and equity level of the health promotion service demands among older adults in China.,,2023,2023-04-13,"Ren W, Ma X, Tarimo CS, Xing Y, Lv X, Liang Z.",False,True,True,2,True,False,False,"ification and used frequency checks to identify missing values and outliers. After evaluation by the Ethics Committee of Tongji Medical College of Huazhong University of Science and Technology, it was concluded that the content and procedures of this study met the ethical requirements of international and national biomedical research (IORG number: IORG0003571). Evaluation model The evaluation indicators used in this study were derived from the questionnaire of the ""Survey on Chinese Residents' Health Service Demands in the New Era"". The questionnaire includes five parts: ""Basic family information form"", ""Personal general information form"", ""Self-rated health status form"", ""Prevention and health care st || licly available. Data are however available from the corresponding author upon reasonable request. Declarations Ethics approval and consent to participate The study was conducted in accordance with the Declaration of Helsink, and was approved by the ethics committee of Tongji Medical College, Huazhong University of Science and Technology (IORG No: IORG0003571). All participants were informed of the details of the study before participating and the informed consent was obtained from all participants. Consent for publication Not applicable. Competing interests The authors declare no competing interests. References 1. Giaimo S Selection on age-specific survival: Constant versus fluctuating environment The"
PMC8864916,35197097,10.1186/s13019-022-01769-y,Development and validation of a risk prediction model for postoperative pneumonia in adult patients undergoing Stanford type A acute aortic dissection surgery: a case control study.,,2022,2022-02-23,"Wang D, Abuduaini X, Huang X, Wang H, Chen X, Le S, Chen M, Du X.",False,True,True,2,True,False,False,"of POP following AADS in adult patients and to develop as well as validate a risk prediction model. Methods Ethical statement This study was conducted in accordance with the ethics statement of the Declaration of Helsinki, and was approved by The Ethics Committee of Tongji Medical College of Huazhong University of Science and Technology (IORG No. IORG0003571). Written informed consent was waived because of the retrospective, observational nature of this study. Study population We conducted a single-center study that included consecutive adult patients (age ≥ 18 years) undergoing AADS within 48 h from admission between January 2016 and December 2019. AADS was diagnosed using enhanced computed tomograph || udy are available from the corresponding author on reasonable request. Declarations Ethics approval and consent to participate This study was conducted in accordance with the ethics statement of the Declaration of Helsinki, and was approved by The Ethics Committee of Tongji Medical College of Huazhong University of Science and Technology (IORG No. IORG0003571). Written informed consent was waived because of the retrospective, observational nature of this study. Consent for publication Not applicable. Competing interests The authors declare that they have no competing interests. References 1. He S Chen B Li W Ventilator-associated pneumonia after cardiac surgery: a meta-analysis and systematic review J"
PMC8188637,34109427,10.3892/mmr.2021.12198,Soluble fibrinogen‑like protein 2 levels are decreased in patients with ischemic heart failure and associated with cardiac function.,,2021,2021-06-10,"You Y, Huang S, Liu H, Fan C, Liu K, Wang Z.",False,True,True,2,True,False,False,"tion fraction (HFpEF) group (LVEF ≥50%, n=37), heart failure with mid-range ejection fraction (HFmrEF) group (LVEF 40–49%, n=32) and the heart failure with reduced ejection fraction (HFrEF) group (LVEF <40%, n=35). The study was approved by the Ethics Committee of Tongji Medical College, Huazhong University of Science and Technology (approval. no. IORG0003571) and written informed consent was obtained from each participant. The present study conformed to the Declaration of Helsinki principles. Table I. Baseline characteristics of healthy controls and patients with IHF. Characteristics Controls (n=32) IHF (n=104) P-value Age (years) 65.0±9.5 65.88±10.3 0.666 Sex (male/female) 23/9 86/18 0.180 Echocardio || s. YY, KL and ZW wrote the manuscript. All authors confirm the authenticity of all the raw data. All authors read and approved the final version of the manuscript. Ethics approval and consent to participate The present study was approved by the Ethics Committee of Tongji Medical College, Huazhong University of Science and Technology (approval. no. IORG0003571) and written informed consent was obtained from each participant. This investigation conformed to the Declaration of Helsinki principles. Patient consent for publication Not applicable. Competing interests The authors declare that they have no competing interests. References 1. Gerber Y, Weston SA, Enriquez-Sarano M, Berardi C, Chamberlain AM, Man"
PMC8196466,34116629,10.1186/s12876-020-01558-8,The New American Joint Committee on Cancer T staging system for stomach: increased complexity without clear improvement in predictive accuracy for endoscopic ultrasound.,,2021,2021-06-11,"Han C, Xu T, Zhang Q, Liu J, Ding Z, Hou X.",False,True,True,2,True,False,False,"nt therapy) or palliative surgery; (2) patients with distant metastasis; (3) patients with synchronous malignancies or previous other primary cancers; and (4) patients with bulky obstructions that EUS failed to pass through. The study was approved by the Ethics Committee of Tongji Medical College, Huazhong University of Science and Technology (No: IORG0003571). All patients provided written informed consent for the EUS operation and data were anonymized and de-identified. EUS equipment and technique procedures A 360° radial echoendoscope (Olympus processor EU-ME2, Olympus, Tokyo, Japan) was used with de-aerated water (300–800 mL) or fitted with a water-filled balloon to assist acoustic coupling and imp || e modification. Availability of data and materials The datasets used and/or analyzed during the current study are available from the corresponding author on reasonable request. Ethics approval and consent to participate The study was approved by the Ethics Committee of Tongji Medical College, Huazhong University of Science and Technology (IORG No: IORG0003571). All patients signed informed consent for EUS operation and data had been anonymized and de-identified. Consent for publication Not applicable. Competing interests All authors state that they have no conflict of interest. References 1. Zhang J Zhou Y Jiang K Shen Z Ye Y Wang S Evaluation of the seventh AJCC TNM staging system for gastric cancer:"
PMC8158697,34069341,10.3390/ijerph18105405,Association of Organizational Behavior with Work Engagement and Work-Home Conflicts of Physician in China.,,2021,2021-05-19,"Liu N, Zhu Y, Wang X, Jiang H, Liang Y.",False,True,True,2,True,False,False,"sted quality assurance check during data entry. We also excluded 392 (6.81%) responses with missing key variables, such as dependent variables sex and age. The final analysis used data from 3255 (56.57%) remaining responses (see Figure in the Supplementary Materials ). We obtained ethics approval from the review board of the authors institute (no. IORG0003571). 2.2. Measures 2.2.1. Exposure Factor Exposure factors included three aspects of organizational behavior: Organizational fairness, leadership attention, and team interaction. The first two of these variables represent top-down relationships in organizational behavior, while the latter represents parallel relationships. Although there are several || ta collection and analysis, decision to publish or preparation of the manuscript. Institutional Review Board Statement The study was conducted according to the guidelines of the Declaration of Helsinki, and approved by the Institutional Review Board (or Ethics Committee) of Tongji Medical College, Huazhong University of Science and Technology (No. IORG0003571; 10 March 2014). Informed Consent Statement Informed consent was obtained from all subjects involved in the study. Data Availability Statement The study database is available via e-mail to the corresponding authors: Yuan Liang < liangyuan217@hust.edu.cn >. Conflicts of Interest The authors have declared that no competing interests exist. Footnotes"
PMC7798314,33423668,10.1186/s12876-021-01599-7,Transjugular intrahepatic portosystemic shunt for hepatic sinusoidal obstruction syndrome associated with consumption of Gynura segetum.,,2021,2021-01-10,"Zhang L, Li Q, Makamure J, Zhao D, Liu Z, Zheng C, Liang B.",False,True,True,2,True,True,False,"d any other potential risk factors associated with the development of HSOS, such as pre-existing liver disease and bone marrow transplantation [ 3 ]. They were also unsuitable for or unwilling to liver transplantation. This study was approved by the Ethics Committee of Tongji Medical College, Huazhong University of Science and Technology (IORG No: IORG0003571) and performed in accordance with local and national laws and the principles of the declaration of Helsinki. Written informed consent was obtained for all patients. Pre-TIPS workup and medication Prior to TIPS, all patients underwent complete history and physical examination with particular attention to liver disease and patients’ performance stat || manuscript. Availability of data and materials All data and materials are not available in this study, and are available from the corresponding author on reasonable requests. Ethics approval and consent to participate This study was approved by the Ethics Committee of Tongji Medical College, Huazhong University of Science and Technology (IORG No: IORG0003571). All patients had signed informed consent. Consent for publication Not applicable. Competing interests The authors declare that they have no competing interests. Footnotes Publisher's Note Springer Nature remains neutral with regard to jurisdictional claims in published maps and institutional affiliations. Lijie Zhang and Qing Li contributed equa"
PMC8476788,34594261,10.3389/fpsyg.2021.679538,Prevalence and Risk Factors of Home Quarantine Strategy Implementation Among Chinese Residents During the Coronavirus Disease 2019 Pandemic.,,2021,2021-09-14,"Li L, Shen X, Zhou X, Cao H, Feng J, Lei Z, Tian K, Liang J, Wang Y, Lu Z, Gan Y.",False,True,True,2,True,False,False,"rly days of the epidemic, it is crucially important to determine the factors that might affect adherence to these preventive health behaviors in the long run. Methods Ethics Statement This study protocol was approved by the institutional review board of Tongji Medical College of Huazhong University of Science and Technology, Wuhan, China (IORG No: IORG0003571). Study Participants We conducted a cross-sectional survey in China from January 31 to February 29, 2020. We stratified the respondents mainly according to geographical area: the eastern, central, and western regions of China. We adopted a convenience sampling strategy to recruit participants. A total of 3,495 residents received the questionnaire. || t The original contributions presented in the study are included in the article/supplementary material, further inquiries can be directed to the corresponding author. Ethics Statement This study protocol was approved by the Institutional Review Board of Tongji Medical College of Huazhong University of Science and Technology, Wuhan, China (IORG No: IORG0003571). The patients/participants provided their written informed consent to participate in this study. Author Contributions LL, XS, and YG conceived and designed the study. JF, ZLe, and KT participated in the acquisition of data. XZ and HC analyzed the data. JL and YW gave advice on methodology. LL and XS drafted the manuscript. ZLu and YG revised the"
PMC9022609,35448992,10.1186/s12888-022-03828-z,Factors associated with the mental health of back-to-Wuhan university students based on quantile regression model during the COVID-19 period.,,2022,2022-04-21,"Wu Q, Zhuo L, Li H, Zheng L, Ma G, Tao H.",False,True,True,2,True,False,False,"a crossed-sectional survey for university students. All mental health variables, including anxiety, depression, insomnia, and distress were measured by the online questionnaire tool ‘Questionnaire Star Application’. Ethical approval was obtained from the Ethics Committee of Tongji Medical College, Huazhong University of Science and Technology (No: IORG0003571). Convenience sampling was conducted to collect data from 31 August 2020, to 14 September 2020 in Wuhan. The purpose and content of this survey had been explained to each respondent, and the digital informed consent of this research had been provided to all respondents. Each questionnaire was filled out anonymously. Participants The questionnaires || aterials The data presented in this study are available on request from the corresponding author. The data are not publicly available due to privacy. Declarations Ethics approval and consent to participate The study was approved by the Ethics Committee of Tongji Medical College, Huazhong University of Science and Technology (protocol code IORG No: IORG0003571 and date of approval: 28 June 2020). And the informed consent was obtained from all subjects involved in the study. All methods were carried out in accordance with relevant guidelines and regulations. Consent for publication Not applicable. Competing of interest All authors declare no conflicts of interest. References 1. de Lima CVC, Candido EL, d"
PMC9265902,35805515,10.3390/ijerph19137856,Association of Hospital Characteristics and Previous Hospitalization-Related Experiences with Patients' Perceptions of Hospital Care in China.,,2022,2022-06-27,"Wang Y, Ye B, Zhu Y, Wang X, Liang Y.",False,True,True,2,True,False,False,") remaining responses ( Figure S1 in the Supplementary Materials ). The three departments with the most participants were general surgery (1187), orthopedics (946), and cardiology (613) ( Table 1 ). Participants provided oral informed consent for interviews. The institutional review board at the authors’ institutes approved the study protocol (No. IORG0003571). 2.2. Measures Patients’ perceptions of hospital care were measured using a scale (Cronbach’s alpha, 0.844, Table S1 in the Supplementary Materials ) comprising 11 items drawn mainly from the Consumer Assessment of Healthcare Providers and Systems (CAHPS) [ 8 , 9 ] and partly from the Picker Patient Experience Questionnaire [ 10 ]. The 11 items w || ve, technical, or material support: Y.W., B.Y., Y.Z. and Y.L. Supervision: Y.L. All authors have read and agreed to the published version of the manuscript. Institutional Review Board Statement The institutional review board at the Tongji Medical College, Huazhong University of Science and Technology (Wuhan, China) approved the study protocol [No. IORG0003571]. Informed Consent Statement Informed consent was obtained from all subjects involved in the study. Data Availability Statement The study database is available via e-mail to the corresponding authors: Yuan Liang [liangyuan217@hust.edu.cn]. Conflicts of Interest The authors have declared that no competing interest exist. References 1. Frosch D.L. P"
PMC9490025,36160809,10.3389/fped.2022.974547,Microarray analysis of lncRNA and mRNA expression profiles in patients with Legg-Calve-Perthes disease.,,2022,2022-09-07,"Wang S, Zhong H, Ze R, Hong P, Li J, Tang X.",False,True,True,1,True,False,False,"y can be found in online repositories. The names of the repository/repositories and accession number(s) can be found in the article/ Supplementary material . Ethics statement The studies involving human participants were reviewed and approved by the Ethics Committee of Tongji Medical College, Huazhong University of Science and Technology (IORG No: IORG0003571). Written informed consent to participate in this study was provided by the participants' legal guardian/next of kin. Author contributions SW, RZ, and PH were involved in data collection and formal analysis. XT and SW were responsible for literature search and study design. SW and HZ drafted the manuscript. XT and JL finalized the manuscript. All"
PMC7210190,32395511,10.21037/atm.2020.03.99,Heart transplantation in 47 children: single-center experience from China.,,2020,2020-04-01,"Li F, Wang Y, Sun Y, Zhang J, Li P, Dong N.",False,True,True,2,True,True,False,"mation, postoperative complications, and short- and mid-term survival rate. Methods All donor grafts were donated to the Red Cross Society of Hubei Province and allocated by the China Organ Transplant Response System. The study was approved by the Ethics Committee of Tongji Medical College of Huazhong University of Science and Technology (IORG No. IORG0003571) and performed in accordance with the national program for deceased organ donation in China (national protocol for China category I). The clinical and research activities are consistent with the principles of the declaration of Istanbul and declaration of Helsinki. Written informed consent was obtained from all patients or their guardians. Study p || The authors are accountable for all aspects of the work in ensuring that questions related to the accuracy or integrity of any part of the work are appropriately investigated and resolved. The protocol for the research project has been approved by Ethics Committee of Tongji Medical College of Huazhong University of Science and Technology (IORG No. IORG0003571) and it conforms to the provisions of the Helsinki Declaration as revised in 2013. Written informed consent was obtained from all patients or their guardians. Footnotes Conflicts of Interest : All authors have completed the ICMJE uniform disclosure form (available at http://dx.doi.org/10.21037/atm.2020.03.99 ). The authors have no conflicts of int"
PMC10329447,37427366,10.2147/ijn.s414393,Role of Circulating Exosomal miRNA-3976 in Early Diabetic Retinopathy.,,2023,2023-07-04,"Yang S, Zhang J, Zeng T, Zheng J, Min J, Chen L.",False,True,True,1,True,False,True,"and Dr Jiaoyue Zhang contributed equally as co-first authors. Ethical Statements Approval date of registry and the registration No. of the study: The study was conducted according to the guidelines of the Declaration of Helsinki, and approved by The Ethics Committee of Tongji Medical College, Huazhong University of Science and Technology (IORG No: IORG0003571) on 28/07/2021 (2021S189). Informed Consent: Informed consent was obtained from all subjects involved in the study. Written informed consent has been obtained from the patients to publish this paper. Disclosure The authors declare that there are no conflicts of interest. References 1. Saeedi P , Petersohn I , Salpea P , et al. Committee, Global an"
PMC8386042,34433468,10.1186/s13018-021-02679-w,External fixation versus elastic stable intramedullary nailing in the treatment of open tibial shaft fractures in children.,,2021,2021-08-25,"Hong P, Rai S, Tang X, Liu R, Li J.",False,True,True,1,True,False,True,"rials The data sets supporting the conclusion of this article are included within the article. Upon request, raw data can be provided by the corresponding author. Declarations Ethics approval and consent to participate This study was approved by the Ethics Committee of Tongji Medical College, Huazhong University of Science and Technology (IORG no: IORG0003571) on November 20, 2019. Written consents to participate in this study were obtained from the legal guardians of every patient. Consent for publication Written consents were obtained from the legal guardians of every patient in this study for publication of this paper. Competing interests The authors declare that they have no competing interests. Fo"
PMC12265804,40664410,10.1136/bmjopen-2024-087511,Extrinsic or intrinsic motivation? The incentive mechanism to target rural outreach services into remote locations within the county medical community: a mixed-methods study.,,2025,2025-07-15,"Zhuo L, Wu Q, Chu Y, Dai Y, Wan Z, Tao H.",False,True,True,1,True,False,False,"( https://doi.org/10.1136/bmjopen-2024-087511 ). Provenance and peer review: Not commissioned; externally peer reviewed. Patient consent for publication: Not applicable. Ethics approval: This study involves human participants and was approved by the Ethics Committee of Tongji Medical College, Huazhong University of Science and Technology (IORG No: IORG0003571). Participants gave informed consent to participate in the study before taking part. Patient and public involvement: Patients and/or the public were not involved in the design, or conduct, or reporting, or dissemination plans of this research. Data availability statement Data are available upon reasonable request. References 1. Xiong S, Cai C, Jia"
PMC9641228,36387065,10.3389/fonc.2022.823263,Risk of adenoma recurrence after polypectomy in patients younger than 50 years vs. 50 years old and over with diminutive or small adenomas.,,2022,2022-10-25,"Cai S, Shi H, Fan M, Zhang Q, Lin R.",False,True,True,1,True,False,False,"generated and analyzed during this study is included in the article. Further inquiries can be directed to the corresponding author on reasonable request. Ethics statement The studies involving human participants were reviewed and approved by the Ethics Committee of Tongji Medical College, Huazhong University of Science and Technology (IORG number: IORG0003571). The patients/participants provided their written informed consent to participate in this study. Author contributions SC and HS contributed equally to this work. RL designed and supervised the study and data analysis; SC and HS performed most of data collection, analysis, and wrote the manuscript. MF provided help in data collection and analysis."
PMC9700956,36434547,10.1186/s12875-022-01914-5,"Association between service scope of primary care facilities and prevalence of high-cost population: a retrospective study in rural Guizhou, China.",,2022,2022-11-25,"Li Z, Li Y, Ding Z, Tao Y, Zhang L, He R.",False,True,True,1,True,False,False,"elated department that the datasets were only used for research, and they would not be disclosed, but are available from the corresponding author on reasonable request. Declarations Ethics approval and consent to participate The study was approved by the ethics committee of Tongji Medical College, Huazhong University of Science and Technology (No: IORG0003571). Informed consent was obtained from the medical staff enrolled in the survey. All methods were performed in accordance with Helsinki guidelines and regulations. Consent for publication Not applicable. Competing interests The authors declare that they have no competing interests. Footnotes Publisher’s Note Springer Nature remains neutral with rega"
PMC7908243,33499409,10.3390/ijerph18030981,COVID-19-Related Intolerance of Uncertainty and Mental Health among Back-To-School Students in Wuhan: The Moderation Effect of Social Support.,,2021,2021-01-22,"Zhuo L, Wu Q, Le H, Li H, Zheng L, Ma G, Tao H.",False,True,True,2,True,False,False,"uestionnaire to measure mental health variables, IU, and social support of back-to-school students in Wuhan by the ‘Questionnaire Star Application’. Participants could click the study link or scan the QR code to answer the questionnaire items independently after they submit their informed consent. In addition, this study met ethical protocols (No: IORG0003571). Convenience sampling was used to collect maximized samples, and several remedies were used to reduce convenient sampling bias [ 38 ]. First, respondent anonymity and the confidentiality of personal information were guaranteed. Second, paginations between demographic information and measurement scales were set to create a temporal separation. Thi || o the published version of the manuscript. Funding This research received no external funding. Institutional Review Board Statement The study was conducted according to the guidelines of the Declaration of Helsinki, and approved by the Ethics Committee of Tongji Medical College, Huazhong University of Science and Technology (protocol code IORG No: IORG0003571 and date of approval: 28 June 2020). Informed Consent Statement Informed consent was obtained from all subjects involved in the study. Data Availability Statement The data presented in this study are available on request from the corresponding author. The data are not publicly available due to privacy. Conflicts of Interest The authors declare no"
PMC11176473,38884096,10.3389/fonc.2024.1384913,Case report: Successful management of primary hyalinizing clear cell carcinoma in nasopharynx: a report of 2 cases and system analysis.,,2024,2024-05-31,"Sun H, Yuan J, Cheng Q, Hu J, Han N, Yi L, Zhu Y.",False,True,True,1,True,False,False,"h these cases, we aim to underscore the importance of a comprehensive, multimodal treatment approach and provide valuable insights into the management of this rare entity in the nasopharynx. Case presentation Clinical history The Ethics Committee of Tongji Medical College, Huazhong University of Science and Technology approved this study (IORG No: IORG0003571). This case report has been prepared in accordance with the CARE (Case Reports) guidelines, as available on the EQUATOR Network ( https://www.equator-network.org/ ). Case 1: A 72-year-old female presented with a history of recurrent bilateral epistaxis for over a year, with a recent episode of significant bleeding occurring two days prior to seeki"
PMC8740495,34991610,10.1186/s12936-021-04006-4,Risk factors for the accuracy of the initial diagnosis of malaria cases in China: a decision-tree modelling approach.,,2022,2022-01-07,"Li G, Zhang D, Chen Z, Feng D, Cai X, Chen X, Tang S, Feng Z.",False,True,True,2,True,False,False,"as as independent variables in the model. Parameters of the final CART model were set as follows: maximum tree depth was five, with minimum cases in parent node as 10 and in child node as five. Ethical approval and consent The study was approved by the Ethics Committee of the Tongji Medical College of Huazhong University of Science and Technology (IORG0003571). Written permission to access and analyse the research data was granted by the National Health Commission of the People’s Republic of China and the administrators of each hospital. Patient information was anonymized and de-identified. Results Sociodemographic characteristics The demographic and clinical characteristics of patients are summarized || terials The datasets used in the current study are available from the corresponding author and will also be presented as a supplemental file to the article. Declarations Ethics approval and consent to participate Ethical approval was obtained from the Ethics Committee of Tongji Medical College, Huazhong University of Science & Technology (IORG No: IORG0003571). Permission to access and analyze the research data was taken from the National Health Commission of People’s Republic China and the administrators of each hospital. Consent for publication Not applicable. Competing interests The authors declare that they have no competing interests. Footnotes Publisher’s Note Springer Nature remains neutral with"
PMC8813747,35127462,10.3389/fonc.2021.618512,How Useful Is Endoscopic Ultrasound in Differentiating T3/T4a T Stage of Colorectal Cancer: A Prospective Study.,,2021,2022-01-21,"Han C, Tang X, Yang M, Zhang K, Liu J, Lin R, Ding Z.",False,True,True,2,True,False,False,"obstruction that EUS failed to pass through. In such tumors placing the transducer perpendicular to the tumor is difficult, rendering them more likely to be misstaged; and (5) lack of available surgical pathology data. The study was approved by the Ethics Committee of Tongji Medical College, Huazhong University of Science and Technology (IORG No: IORG0003571). All patients provided written informed consent for EUS operation and their information had been anonymized and de-identified. EUS Equipment and Technique Procedures Curved heteroscope with a 360-degree radial echoendoscope (Olympus processor EU-ME2, Olympus, Tokyo, Japan) or forward viewing radial echoendoscope (EG-530UR2 and an Ultrasound Proce || inal contributions presented in the study are included in the article/supplementary material. Further inquiries can be directed to the corresponding authors. Ethics Statement The studies involving human participants were reviewed and approved by the Ethics Committee of Tongji Medical College, Huazhong University of Science and Technology (IORG No: IORG0003571). The patients/participants provided their written informed consent to participate in this study. Author Contributions CH contributed to study concept and design, analysis and interpretation of data, drafting of the manuscript. TX and KZ contributed to statistical analysis. MY contributed to the pathology results. JL contributed to the acquisition"
PMC10552243,37798762,10.1186/s12964-023-01127-y,Microvesicles from bone marrow-derived mesenchymal stem cells promote Helicobacter pylori-associated gastric cancer progression by transferring thrombospondin-2.,,2023,2023-10-05,"Qi C, Shi H, Fan M, Chen W, Yao H, Jiang C, Meng L, Pang S, Lin R.",False,True,True,1,True,False,False,"terials The raw data generated and analyzed in the current study are not publicly available but are available from the corresponding author on reasonable request. Declarations Ethics approval and consent to participate This study was approved by the Ethics Committee of Tongji Medical College, Huazhong University of Science and Technology (IORG No: IORG0003571). Consent for publication All authors agree for publication. Competing interests No conflict of interests exists. References 1. Sung H Ferlay J Siegel RL Laversanne M Soerjomataram I Jemal A Global Cancer Statistics 2020: GLOBOCAN estimates of incidence and mortality worldwide for 36 cancers in 185 countries CA Cancer J Clin 2021 71 3 209 49 10.33"
PMC12080688,40386450,10.1097/eus.0000000000000085,The comparison of clinicopathological characteristics of two distinct manifestations of gastric signet ring cell carcinoma under EUS.,,2024,2024-09-01,"Liu S, Han C, He Q, Shang G, Jin Y, Liu J, Ding Z, Lin R.",False,True,True,1,True,False,False,"eoperative chemoradiotherapy; (3) patients with synchronous malignancies or previous other primary cancers; and (4) tumors with bulky obstruction or alterations in gastrointestinal anatomical that EUS failed to pass through. The study was approved by the ethics committee of Tongji Medical College, Huazhong University of Science and Technology (no. IORG0003571). All patients signed informed consent for EUS operation, and data had been anonymized and deidentified. EUS procedures Curved heteroscope with a 360-degree radial echoendoscope (Olympus processor EU-ME2; Olympus, Tokyo, Japan) was used. Three hundred milliliters to 800 mL of de-aerated water or fitted with a water-filled balloon were utilized to"
PMC8057876,33954204,10.1155/2021/9927498,Percutaneous Nephrolithotomy Can Reduce the Incidence of Sepsis Compared with Flexible Ureteroscopy in Treating Solitary Proximal Ureteral Stone Patients with Positive Urine Culture.,,2021,2021-04-12,"Xia QD, Wang YF, Liu CQ, Xu JZ, Sun JX, Xun Y, Li C, Hu J, Lu JL, Wang SG.",False,True,True,1,True,False,False,"uring that questions related to the accuracy or integrity of any part of the work are appropriately investigated and resolved. The study was conducted in accordance with the Declaration of Helsinki (as revised in 2013). The study was approved by the Ethics Committee of Tongji Medical College, Huazhong University of Science and Technology (IORG No: IORG0003571). Consent Individual consent for this retrospective analysis was waived. Conflicts of Interest The authors declare that they have no conflicts of interest. Authors' Contributions (I) Conception and design was carried out by XQD, WYF, LJL, and WSG. (II) LC, HJ, and WSG contributed to the administrative support. (III) Provision of study materials or"
PMC9905022,36762318,10.1177/17562864221150540,Multisequence magnetic resonance neurography of brachial and lumbosacral plexus in chronic inflammatory demyelinating polyneuropathy: correlations with electrophysiological parameters and clinical features.,,2023,2023-02-06,"Su X, Kong X, Kong X, Zhu Q, Lu Z, Zheng C.",False,True,True,2,True,False,False,"physiology, and clinical characteristic, such as the period between symptom onset and study participation, cerebrospinal fluid (CSF) protein content, muscle strength, CIDP scales of activity and overall impairment, and electrophysiological features in CIDP patients. Materials and methods This study was approved by the ethical review committee (No. IORG0003571) and was registered on ClinicalTrials.gov (ChiCTR1800016450). All patients voluntarily signed a written informed consent prior to inclusion in the study. The study was conducted from March 2017 to November 2021. Subjects A total of 51 patients with CIDP were consecutively recruited from the Neuromuscular Center of our hospital. Their conditions we || ical College, Huazhong University of Science and Technology, Wuhan 430022, China; Hubei Province Key Laboratory of Molecular Imaging, Wuhan 430022, China. Declarations Ethics approval and consent to participate: This prospective study was approved by the Ethics Committee of Tongji Medical College, Huazhong University of Science and Technology (No. IORG0003571). All included patients gave their verbal and written informed consent. Consent for publication: Not applicable. Author contributions: Xiaoyun Su: Conceptualization; Data curation; Methodology; Resources; Writing – original draft; Writing – review & editing. Xiangquan Kong: Formal analysis; Investigation; Software. Xiangchuang Kong: Investigation;"
PMC8346234,34366769,10.3389/fnins.2021.649071,Multisequence Quantitative Magnetic Resonance Neurography of Brachial and Lumbosacral Plexus in Chronic Inflammatory Demyelinating Polyneuropathy.,,2021,2021-07-23,"Su X, Kong X, Alwalid O, Wang J, Zhang H, Lu Z, Zheng C.",False,True,True,2,True,False,False,"urography to gain a multifaced biological characterization of peripheral nerve tissues. Concurrently, the potential correlation between parameters and their diagnostic efficiency were investigated to come up with optimal combined sequences. Materials and Methods Subjects The study was performed with the approved by the ethics review committee (No. IORG0003571) and was registered on ClinicalTrials.gov (ChiCTR1800016450). All subjects signed a written informed consent prior to enrolment. The study was conducted from March 2016 to September 2019. Thirty-seven newly diagnosed patients (newly diagnosed and re-diagnosed cases, who were previously misdiagnosed) with typical CIDP were recruited from the Neurom || aw data supporting the conclusions of this article will be made available by the authors, without undue reservation. Ethics Statement The studies involving human participants were reviewed and approved by the present prospective study was approved by the Ethics Committee of Tongji Medical College, Huazhong University of Science and Technology (No. IORG0003571). The patients/participants provided their written informed consent to participate in this study. Author Contributions CZ, XS, and XK conceived and designed. XS and JW analyzed the data. XS, CZ, ZL, and OA manuscript preparation. HZ and XK contributed reagents, materials, and analysis tools. All authors contributed to the article and approved the"
PMC8867781,35209867,10.1186/s12876-022-02148-6,Helicobacter pylori infection is not an independent risk factor of non-alcoholic fatty liver disease in China.,,2022,2022-02-24,"Wang W, Fan M, Gong R, Zhang Y, Zeng J, Xu S, Lin R.",False,True,True,2,True,False,False,"icipants were included in the analysis. The chart of this study is presented in Additional file 1 : Fig. S1. Table 1 shows the baseline characteristics of the participants. This study was approved by the Wuhan Union Hospital Ethics Committee and the Ethics Committee of Tongji Medical College, Huazhong University of Science and Technology (IORG No: IORG0003571). Informed consent was waived by the ethics committees. Table 1 Characteristics of study participants at baseline Variables Full sample (n = 71,633) Matched sample (n = 29,974) a H. pylori− (n = 46,888) H. pylori + (n = 24,745) P value H. pylori − (n = 14,987) H. pylori + (n = 14,987) P value Age 44.8 ± 13.3 46.5 ± 12.5 < 0.001 47.3 ± 12.9 46.6 ± || protection of patient personal information but are available from the corresponding author upon reasonable request. Declarations Ethics approval and consent to participate This study was approved by the Wuhan Union Hospital Ethics Committee and the Ethics Committee of Tongji Medical College, Huazhong University of Science and Technology (IORG No: IORG0003571) and performed in accordance with the Declaration of Helsinki. The data are anonymous, and the requirement for informed consent was therefore waived. Consent for publication Not applicable. Competing interests The authors declare no conflict of interest. References 1. Stefan N Haring HU Cusi K Non-alcoholic fatty liver disease: causes, diagnosis,"
PMC10399054,37533018,10.1186/s12910-023-00936-7,How does patient-centered hospital culture affect clinical physicians' medical professional attitudes and behaviours in chinese public hospitals: a cross-sectional study?,,2023,2023-08-02,"Chen J, Yang QX, Zhang R, Tan Y, Long YC.",False,True,True,1,True,False,False,"ble from the corresponding author on reasonable request. Declarations Ethics approval and consent to participate We confirm that all procedures utilized in this study were conducted following the principles of the Helsinki Declaration. Ethical clearance and approval letters were secured from the Ethics Committee of Tongji Medical College (IORG No: IORG0003571). Informed consent was obtained from all subjects. During the data collection, the issue of confidentiality and privacy was assured by maintaining the anonymity of participants. Physicians were voluntary, and participants could withdraw from the study at any time if they were not happy with the survey. Consent for publication Not applicable. Refer"
PMC7488304,32917216,10.1186/s13000-020-01030-x,Clinicopathological heterogeneity between primary and metastatic sites of gastroenteropancreatic neuroendocrine neoplasm.,,2020,2020-09-11,"Shi H, Jiang C, Zhang Q, Qi C, Yao H, Lin R.",False,True,True,2,True,False,False,"ection of the primary tumor, the metastasis was considered to be synchronous; if the metastasis occurred more than 4 months after the initial resection of the primary tumor, it was considered as metachronous [ 14 ]. The study was approved by the Ethics Committee of Tongji Medical College, Huazhong University of Science and Technology (IORG number: IORG0003571) and was conducted in accordance with the Declaration of Helsinki. Immunohistochemistry We performed immunohistochemical staining for CgA, Syn and Ki-67. The primary and metastatic tumor tissues were fixed in 4% paraformaldehyde and embedded in paraffin blocks. Each block was cut into 4 μm-thick section, and deparaffinized with xylene and rehydrat || manuscript. Availability of data and materials The datasets used and/or analyzed during the current study are available from the corresponding author on reasonable request. Ethics approval and consent to participate The study was approved by the Ethics Committee of Tongji Medical College, Huazhong University of Science and Technology (IORG number: IORG0003571). Consent for publication Not applicable. Competing interests None. Footnotes Publisher’s Note Springer Nature remains neutral with regard to jurisdictional claims in published maps and institutional affiliations. Huiying Shi and Chen Jiang contributed equally to this work. Supplementary information Supplementary information accompanies this paper"
PMC9082545,35548419,10.3389/fcvm.2022.851447,Preoperative Nomogram and Risk Calculator for Postoperative Hypoxemia and Related Clinical Outcomes Following Stanford Type A Acute Aortic Dissection Surgery.,,2022,2022-04-25,"Sheng W, Le S, Song Y, Du Y, Wu J, Tang C, Wang H, Chen X, Wang S, Luo J, Li R, Xia J, Huang X, Ye P, Wu L, Du X, Wang D.",False,True,True,2,True,False,False,"the relationship between hypoxemia and clinical outcomes by univariate and propensity score matching analysis. Materials and Methods Ethics Statement This study was conducted in accordance with ethical statement of the Declaration of Helsinki. The Ethics Committee of Tongji Medical College of Huazhong University of Science and Technology (IORG No. IORG0003571) approved this study. Written informed consent was waived because of its observational, retrospective nature. Study Population and Data Extraction Consecutive adult patients (age ≥18 years) who underwent AADS in a single cardiovascular center from January 2016 to December 2019 were enrolled. Patients who died intraoperatively were excluded from th || well. Data Availability Statement The raw data supporting the conclusions of this article will be made available by the authors, without undue reservation. Ethics Statement The studies involving human participants were reviewed and approved by the Ethics Committee of Tongji Medical College of Huazhong University of Science and Technology (IORG No. IORG0003571). Written informed consent for participation was not required for this study in accordance with the national legislation and the institutional requirements. Author Contributions XD, XH, LW, JX, and PY: conception and design. XC, HW, and SW: administrative support. WS, SL, CT, and DW: provision of study materials or patients. DW, SL, WS, YS, and YD"
PMC7859749,33553304,10.21037/atm-20-731,Prognostic factors for pyrrolizidine alkaloid-induced hepatic sinusoidal obstruction syndrome: a multicenter study in China.,,2021,2021-01-01,"Shang H, Bai T, Zhu S, Yang X, Liu C, Xu D, Zhuge Y, Song Y, Song Y, Hou X.",False,True,True,2,True,True,False,"iver transplantation; (IV) patients lost to follow-up; (V) survival patients with fewer than 3 years of follow-up ( Figure 1 ). The study was conducted in accordance with the Declaration of Helsinki (as revised in 2013) and approved by institutional ethics committee of Tongji Medical College, Huazhong University of Science and Technology (IORG no: IORG0003571). The study was registered in Chinese Clinical Trial Registry ( www.chictr.org.cn , No.: ChiCTR-DRD-17010709). A waiver of informed consent was obtained from all patients due to the retrospective nature of the study, and the patient’s personal data have been secured. Figure 1 Flowchart showing the inclusion and exclusion criteria for patient selec || suring that questions related to the accuracy or integrity of any part of the work are appropriately investigated and resolved. The study was conducted in accordance with the Declaration of Helsinki (as revised in 2013) and approved by institutional ethics committee of Tongji Medical College, Huazhong University of Science and Technology (IORG no: IORG0003571). The study was registered in Chinese Clinical Trial Registry ( www.chictr.org.cn , No.: ChiCTR-DRD-17010709). A waiver of informed consent was obtained from all patients due to the retrospective nature of the study, and the patient’s personal data have been secured. Footnotes Reporting Checklist: The authors have completed the STROBE reporting ch"
PMC8482329,34659806,10.21037/jtd-21-1004,Development and validation of a nomogram model for early postoperative hyperlactatemia in patients undergoing cardiac surgery.,,2021,2021-09-01,"Wang S, Wang D, Huang X, Wang H, Le S, Zhang J, Du X.",False,True,True,2,True,False,False,"ith risk evaluation and clinical prevention. We present the following article in accordance with the TRIPOD reporting checklist (available at https://dx.doi.org/10.21037/jtd-21-1004 ). Methods Ethical statement This study was approved by the Medical Ethics Committee of Tongji Medical College, Huazhong University of Science and Technology (IORG No. IORG0003571) and was conducted in accordance with the Declaration of Helsinki (as revised in 2013). Written informed consent was waived due to the retrospective, observational nature. Patient selection We included consecutive adult patients undergoing open heart surgery from January 2016 to December 2019 in a tertiary care center with more than 6,000 beds, lo || ing that questions related to the accuracy or integrity of any part of the work are appropriately investigated and resolved. The study was conducted in accordance with the Declaration of Helsinki (as revised in 2013). The study was approved by the Ethics Committee of Tongji Medical College of Huazhong University of Science and Technology (IORG No. IORG0003571) and individual consent for this retrospective analysis was waived. Footnotes Reporting Checklist: The authors have completed the TRIPOD reporting checklist. Available at https://dx.doi.org/10.21037/jtd-21-1004 Data Sharing Statement: Available at https://dx.doi.org/10.21037/jtd-21-1004 Conflicts of Interest: All authors have completed the ICMJE u"
PMC7789068,33505151,10.3748/wjg.v27.i1.69,Predictors of pain response after endoscopic ultrasound-guided celiac plexus neurolysis for abdominal pain caused by pancreatic malignancy.,,2021,2021-01-01,"Han CQ, Tang XL, Zhang Q, Nie C, Liu J, Ding Z.",False,True,True,2,True,False,False,"nt ≥ 50,000 × 10 9 /L); (6) No esophageal or gastric varices; and (7) Enduring abdominal or back pain due to confirmed pancreatic malignancy diagnosed by EUS guided fine-needle aspiration/ biopsy or percutaneous biopsy. The study was approved by the Ethics Committee of Tongji Medical College, Huazhong University of Science and Technology (IORG No: IORG0003571). All patients signed informed consent for EUS operation, and data were anonymized and de-identified. Endoscopic procedure in EUS-CPN Patients were hydrated with 500-1000 mL saline solution during the procedure to minimize the risk of hypotension. They were placed in the left lateral decubitus position, and propofol was administered for deep sedat || y. Research perspectives These findings could be helpful to endoscopists or oncologists to develop an appropriate treatment scheme for pain management in pancreatic cancer patients. Institutional review board statement: The study was approved by the Ethics Committee of Tongji Medical College, Huazhong University of Science and Technology (IORG No: IORG0003571). Informed consent statement: Written informed consent was obtained from the patients. Conflict-of-interest statement: There is no conflict of interest in this study. Manuscript source: Unsolicited manuscript Peer-review started: July 4, 2020 First decision: August 8, 2020 Article in press: November 12, 2020 Specialty type: Gastroenterology and He"
PMC8106166,33964943,10.1186/s13018-021-02438-x,Comparison of two methods in the treatment of congenital pseudarthrosis of clavicle: multicenter experience.,,2021,2021-05-08,"Li J, Tang SP, Mei HB, Shao JF, Shi BJ, Wang HQ, Tang X, Chinese Multi-center Pediatric Orthopedic Study Group (CMPOS).",False,True,True,1,True,False,False,"rant 81470100 and 81572182). Availability of data and materials The datasets used and/or analyzed during the current study are available from the corresponding author on reasonable request. Declarations Ethics approval and consent to participate The Ethics Committee of Tongji Medical College, Huazhong University of Science and Technology (IORG No: IORG0003571) gave a final approval for this study. All guardians of patients signed written informed consent to participate. Consent for publication All guardians of patients signed written informed consent for publication. Competing interests The authors have no conflict of interest relevant to this article. Footnotes Publisher’s Note Springer Nature remains"
PMC8107540,34012584,10.21037/jtd-20-3586,Risk factors for postoperative pneumonia after cardiac surgery: a prediction model.,,2021,2021-04-01,"Wang D, Huang X, Wang H, Le S, Yang H, Wang F, Du X.",False,True,True,2,True,False,False,"rdance with the STROBE reporting checklist (available at http://dx.doi.org/10.21037/jtd-20-3586 ). Methods Ethical statement The study was conducted in accordance with the Declaration of Helsinki (as revised in 2013). The study was approved by the Ethics Committee of Tongji Medical College of Huazhong University of Science and Technology (IORG No. IORG0003571) and individual consent for this retrospective analysis was waived. Study population We conducted a retrospective, observational study including consecutive adult patients following open heart surgery between January 2016 and December 2019 at our institution, a tertiary care center located in Wuhan, China. All patients were ventilated using a lung || ing that questions related to the accuracy or integrity of any part of the work are appropriately investigated and resolved. The study was conducted in accordance with the Declaration of Helsinki (as revised in 2013). The study was approved by the Ethics Committee of Tongji Medical College of Huazhong University of Science and Technology (IORG No. IORG0003571) and individual consent for this retrospective analysis was waived. References 1 He S Chen B Li W Ventilator-associated pneumonia after cardiac surgery: a meta-analysis and systematic review. J Thorac Cardiovasc Surg 2014 ; 148 : 3148 - 55.e1 . 10.1016/j.jtcvs.2014.07.107 25240522 2 Tamayo E Alvarez FJ Martinez-Rafael B Ventilator-associated pneum"
PMC8775500,35055450,10.3390/ijerph19020628,"Health Service Needs from a Household Perspective: An Empirical Study in Rural Empty Nest Families in Sinan and Dangyang, China.",,2022,2022-01-06,"Cheng X, Zhang L.",False,True,True,1,True,False,False,"ipt. Funding This study was funded by the National Natural Science Foundation of China (Grant No: 71734003). Institutional Review Board Statement The study was conducted according to the guidelines of the Declaration of Helsinki, and approved by the Ethics Committee of Tongji Medical College, Huazhong University of Science and Technology (IORG No: IORG0003571). Informed Consent Statement Informed consent was obtained from all subjects involved in the study. Data Availability Statement The data presented in this study are available on request from the corresponding author. Conflicts of Interest The authors declare no conflict of interest. Footnotes Publisher’s Note: MDPI stays neutral with regard to jur"
PMC8549317,34702269,10.1186/s12935-021-02273-4,FABP4 is an independent risk factor for lymph node metastasis and poor prognosis in patients with cervical cancer.,,2021,2021-10-26,"Li G, Wu Q, Gong L, Xu X, Cai J, Xu L, Zeng Y, He X, Wang Z.",False,True,True,2,True,False,False,"ll patient samples were collected at Union Hospital, Tongji Medical College, Huazhong University of Science and Technology, and written informed consent was obtained before surgery. All procedures related to the clinical samples were approved by the Ethics Committee of Tongji Medical College, Huazhong University of Science and Technology (IORG No: IORG0003571). The clinical characteristics of the patients are summarized in Table 2 . A standard IHC protocol was performed to detect the protein level of FABP4. Briefly, formalin-fixed, paraffin-embedded normal cervical tissues and CCa tissues were deparaffinized and hydrated by sequential washing with xylene, anhydrous ethanol, 95% ethanol, 75% ethanol, 50 || his study are available from the corresponding author on reasonable request. Declarations Ethics approval and consent to participate The study was conducted according to the principles expressed in the Declaration of Helsinki and was approved by the Ethics Committee of Tongji Medical College, Huazhong University of Science and Technology (IORG No: IORG0003571). Written informed consent was obtained from all patients. Consent for publication Not applicable. Competing interests The authors declare that they have no competing interests. Footnotes Publisher's Note Springer Nature remains neutral with regard to jurisdictional claims in published maps and institutional affiliations. Guoqing Li and Qiulei Wu"
PMC8879512,35200694,10.3390/jcdd9020040,Combining Prognostic Nutritional Index and Brain Natriuretic Peptide as a Predicting Tool for Heart Transplantation.,,2022,2022-01-24,"Cai Z, Tu J, Xu L, Lin Y, Deng B, Li F, Chen S, Dong N.",False,True,True,1,True,True,False,ecome the unique source of graft for heart transplantation in China since 1 January 2015. All donor grafts were allocated by the China Organ Transplant Response System according to Chinese laws. The retrospective study protocol was approved by the Ethics Committee of Tongji Medical College of Huazhong University of Science and Technology (IORG NO: IORG0003571) and performed in accordance with the national program for deceased organ donation in China (national protocol for China category I). The clinical and research activities complied with the Declarations of Helsinki and Istanbul. Informed Consent Statement Informed consent was obtained from all subjects involved in the study. Data Availability State
PMC8339753,34422352,10.21037/jtd-21-644,Predictors and nomogram models for postoperative headache in patients undergoing heart valve surgery.,,2021,2021-07-01,"Wang D, Huang X, Wang H, Le S, Du X.",False,True,True,2,True,False,False,"OH early. We present the following article in accordance with the TRIPOD reporting checklist (available at https://dx.doi.org/10.21037/jtd-21-644 ). Methods The study was conducted according to the Declaration of Helsinki (as revised in 2013). The Ethics Committee of Tongji Medical College of Huazhong University of Science and Technology (IORG No. IORG0003571) approved this study. The need for informed consent was waived because of the retrospective study design. Study population Consecutive adult patients (age ≥18 years) who underwent open HVS in our hospital between 2016 and 2019 were included in this study. Exclusion criteria were intraoperative or early postoperative death, unconsciousness after su || all aspects of the work in ensuring that questions related to the accuracy or integrity of any part of the work are appropriately investigated and resolved. The study was conducted according to the Declaration of Helsinki (as revised in 2013). The Ethics Committee of Tongji Medical College of Huazhong University of Science and Technology (IORG No. IORG0003571) approved this study. The need for informed consent was waived because of the retrospective study design. Footnotes Reporting Checklist : The authors have completed the TRIPOD reporting checklist. Available at https://dx.doi.org/10.21037/jtd-21-644 Data Sharing Statement : Available at https://dx.doi.org/10.21037/jtd-21-644 Peer Review File : Avai"
PMC9469557,36100917,10.1186/s12939-022-01734-0,Difference in bypass for inpatient care and its determinants between rural and urban residents in China.,,2022,2022-09-13,"Lu S, Li Y, Gao H, Zhang Y.",False,True,True,1,True,False,False,"ility of data and materials The datasets used and analyzed in this study are available from the corresponding author upon reasonable request. Declarations Ethics approval and consent to participate The study was approved by the Ethics Committee of Tongji Medical College, Huazhong University of Science and Technology, with ethics approval number of IORG0003571. All methods were performed in accordance with the relevant guidelines and regulations. Informed consent was obtained from all participants. Consent for publication Not applicable. Competing interests The authors declare no competing interest. References 1. Hu H Luan W Li J Medical Insurance, health services utilization and excessive demands for m"
PMC8733002,35004895,10.3389/fcvm.2021.781137,"Incidence, Risk Factors and Outcomes of Postoperative Headache After Stanford Type a Acute Aortic Dissection Surgery.",,2021,2021-12-23,"Wang D, Le S, Luo J, Chen X, Li R, Wu J, Song Y, Xie F, Li X, Wang H, Huang X, Ye P, Du X, Zhang A.",False,True,True,2,True,False,False,"t and validate two nomogram models for POH after AADS to provide help for risk assessment and early prevention. Materials and Methods Ethical Statement This study was conducted according to the ethical statement of the Declaration of Helsinki. The Ethics Committee of Tongji Medical College of Huazhong University of Science and Technology (IORG No. IORG0003571) approved this study. Written informed consent was waived due to its observational, retrospective nature. Study Population This was a multicenter, observational, retrospective study. Consecutive adult patients (older than 18 years) who underwent AADS in four tertiary care centers between 2016 and 2020 were enrolled. Patients with the following con || this article are not readily available because of patient confidentiality. Requests to access the datasets should be directed to the corresponding author. Ethics Statement The studies involving human participants were reviewed and approved by the Ethics Committee of Tongji Medical College of Huazhong University of Science and Technology (IORG No. IORG0003571). Written informed consent for participation was not required for this study in accordance with the national legislation and the institutional requirements. Author Contributions XD, XH, PY, and AZ: conception and design. XD, PY, HW, and SL: administrative support. XD, XH, HW, and AZ: provision of study materials or patients. DW, JW, FX, XL, SL, RL"
PMC11421996,39323862,10.1016/j.heliyon.2024.e37766,Evaluating perceived value and expected value gaps based on patient experience during outpatient encounters: An empirical study in China.,,2024,2024-09-11,"Liu S, Hu Y, Pfaff H, Feng X, Xie J, Zhang Z, Li D.",False,True,True,1,True,False,False,"ll help hospital administrators and policymakers identify strategic focus areas, enabling the rational and effective allocation of resources to enhance the overall quality of outpatient services. Ethics and other permissions The study was approved by the Ethics Committee of Tongji Medical College of Huazhong University of Science & Technology (No. IORG0003571). All participants were informed of the study's purpose and risks, and by voluntarily completing the questionnaire, they provided implied consent. Given the anonymous nature of the survey, written consent was not required. Funding This work was supported by the National Natural Science Foundation of China (grant number 72274068). Data available st"
PMC8797807,35117814,10.21037/tcr-19-2588,Application of apatinib after multifaceted therapies for metastatic breast cancer.,,2020,2020-08-01,"Wang J, Chen Y, Chen R, Wu L, Cheng J.",False,True,True,2,True,False,False,"article in accordance with STROBE reporting checklist (available at http://dx.doi.org/10.21037/tcr-19-2588 ). Methods Ethics statement This research was conducted in line with the Declaration of Helsinki (as revised in 2013) and was ratified by the Ethics Committee of Tongji Medical College, Huazhong University of Science and Technology (IORG No: IORG0003571; No. 2020-S103). All patients provided written informed consent. Patients We recruited 61 patients who were treated with apatinib in our department from March 2016 to February 2018 as subjects in our retrospective study. They had all been diagnosed with MBC and had received at least one treatment of anthracycline and taxane chemotherapy. The patie || rk in ensuring that questions related to the accuracy or integrity of any part of the work are appropriately investigated and resolved. This research was conducted in line with the Declaration of Helsinki (as revised in 2013) and was ratified by the Ethics Committee of Tongji Medical College, Huazhong University of Science and Technology (IORG No: IORG0003571, No. 2020-S103). All patients provided written informed consent. Footnotes Reporting Checklist : The authors have completed the STROBE reporting checklist. Available at http://dx.doi.org/10.21037/tcr-19-2588 Data Sharing Statement : Available at http://dx.doi.org/10.21037/tcr-19-2588 Conflicts of Interest : All authors have completed the ICMJE uni"
PMC7666464,33189143,10.1186/s12891-020-03760-x,Association of health-related private transfers with treatment compliance of musculoskeletal disorders in the rural elderly: evidence from an underdeveloped region of China.,,2020,2020-11-14,"Yan C, Li A, Xiang Q, Wang J.",False,True,True,2,True,False,False,"t compliance was examined by grouping ordered probit regression according to poverty status. We used the STATA software 13 to calculate the results. Statistical significance was set at p -value < 0.05. Ethical approval The Ethics Committee of Tongji Medical College, Huazhong University of Science and Technology approved the research proposal (IRB: IORG0003571). All respondents provided informed consent before they were interviewed. Results The four states of health-related transfer payments did not differ significantly between the three categories of treatment compliance for MSD. Table 2 shows the characteristics of all selected samples and their descriptive statistics results when the sample was group || he manuscript. Availability of data and materials The datasets used and/or analysed during the current study are available from the corresponding author on reasonable request. Ethics approval and consent to participate The Ethics Committee of Tongji Medical College, Huazhong University of Science and Technology approved the research proposal (IRB: IORG0003571). Oral informed consent was obtained from all respondents before the survey. The ethics committee agreed to our procedure because the National Natural Science Foundation of China (NSFC), the funding agency of this study, did not specify the informed consent of the questionnaire survey of non-clinical trials. Secondly, we adopted the general oral n"
PMC9446455,36081472,10.3389/fpubh.2022.947984,Community health workers' mobility in China: Evidence from 2008 to 2017.,,2022,2022-08-23,"Zou Q, He X, Zhang L.",False,True,True,2,True,False,False,"2016 was used to enter the questionnaire data and verify the entry results. The data were processed and analyzed by Statistical Package for the Social Sciences software (Version 23.0; IBM Corp.). Ethical considerations This study was approved by the ethics committee of Tongji Medical College, Huazhong University of Science and Technology (IORG No: IORG0003571). Informed consent was obtained from the participants enrolled in this study, and the respondents were assured that their participation was voluntary and that they could withdraw from the study at any time. Results Dynamic analysis of the overall situation of CHWs' mobility in China from 2008 to 2017 The number of inflowed and outflowed CHWs from || loyees. Data availability statement The raw data supporting the conclusions of this article will be made available by the authors, without undue reservation. Ethics statement The studies involving human participants were reviewed and approved by the Ethics Committee of Tongji Medical College, Huazhong University of Science and Technology (IORG No: IORG0003571). The patients/participants provided their written informed consent to participate in this study. Author contributions QZ was involved in the conceptualization, methodology, data analysis, and writing of the original draft. XH was involved in the data curation, investigation, methodology, visualization, and writing of the original draft. LZ contri"
PMC9972042,36259156,10.1002/cam4.5246,Identification of miR-30c-5p as a tumor suppressor by targeting the m&lt;sup&gt;6&lt;/sup&gt; A reader HNRNPA2B1 in ovarian cancer.,,2023,2022-10-18,"Wu Q, Li G, Gong L, Cai J, Chen L, Xu X, Liu X, Zhao J, Zeng Y, Gao R, Yu L, Wang Z.",False,True,True,1,True,False,False,"istical analysis. FUNDING INFORMATION The National Natural Science Foundation of China (No. 81974413 and No. 81902665) provided funding for this research. CONFLICT OF INTEREST No conflicts. ETHICS APPROVAL STATEMENT The study protocol was approved by the Ethics Committee of Tongji Medical College, Huazhong University of Science and Technology (No: IORG0003571). Supporting information Figure S1 Click here for additional data file. Figure S2 Click here for additional data file. Figure S3 Click here for additional data file. Figure S4 Click here for additional data file. Table S1 Click here for additional data file. DATA AVAILABILITY STATEMENT All data created and/or analyzed during this work included in"
PMC7453171,32874362,10.1302/1863-2548.14.200050,External fixation and Kirschner wires in the treatment of paediatric displaced supracondylar femur fractures.,,2020,2020-08-01,"Li J, Yue C, Wang HQ, Guo X, Chen K, Ma J, Wang J, Tang X.",False,True,True,1,True,False,False,"formed in studies involving human participants were in accordance with the ethical standards of the institutional and/or national research committee and with the 1964 Helsinki declaration and its later amendments or comparable ethical standards. The Ethics Committee of Tongji Medical College, Huazhong University of Science and Technology (IORG No: IORG0003571) gave a final approval for this study. Informed consent: Although the data were collected anonymized and centrally, all guardians of patients signed written informed consent for participation. ICMJE Conflict of interest statement None declared. Acknowledgements YiQiang Li from GuangZhou Women and Children’s Medical Center performed statistical ana"
,,10.21203/rs.3.rs-778511/v1,Factors Associated With The Mental Health of Back-To-Wuhan College Students Based On Quantile Regression Model During The COVID-19 Period,,2021,2021-09-14,"Wu Q, Zhuo L, Li H, Zheng L, Ma G, Tao H.",False,True,False,0,False,False,False,
PMC6842738,31807044,10.2147/dmso.s220238,Is There A Non-Essential Hospitalization Day In Inpatients With Diabetes Under Medical Insurance? Evidence From An Observational Study In China.,,2019,2019-11-06,"Tao S, Li H, Xie Y, Chen J, Feng Z.",False,True,True,2,True,False,False,"the proportion of medical expenses that are permitted to be paid under the medical insurance policy, which is borne by the insured individual. This study was performed in accordance with the principles of Helsinki Declaration and was approved by the Ethics Committee of Tongji Medical College, Huazhong University of Science and Technology (IORG No: IORG0003571). The privacy of participants was strictly protected with extracting medical records anonymously. Data Analysis Patient-level covariates and unadjusted outcomes were compared using ANOVA or Kruskal–Wallis test for continuous variables (age, LOS, DME, OOP, PIPAR) and Chi-square test for categorical variables as appropriate: sex, location (middle, e || oyee basic medical insurance; GDP, gross domestic product; LOS, length of stay; DME, direct medical expenses; OOP, out of pocket; PIPAR, percentage of individual payment after insurance reimbursement. Ethics And Consent The study was approved by the Ethics Committee of Tongji Medical College, Huazhong University of Science and Technology (IORG No: IORG0003571). This study has been performed in accordance with the ethical standards as laid down in the 1964 Declaration of Helsinki and its later amendments. The data used in this study were obtained from the management organization of medical insurance with its permission, and information related to inpatients’ privacy was not extracted. Availability Of Da"
PMC7656346,33209389,10.21037/jtd-20-1787,Isolated tricuspid valve surgery after congenital versus left heart-disease surgery: mid-term outcomes.,,2020,2020-10-01,"Cao H, Yang X, Maureira P, Liu J, Liu J, Dan P, Hubert M, Villemot JP, Dong N, Liu Y.",False,True,True,2,True,False,False,"hods Study design We conducted a retrospective observational study of patients referred to our department for surgical management of severe TR between January 2012 and December 2017. The study was conducted in accordance with the tenets of the Declaration of Helsinki (as revised in 2013), and was approved by the institutional ethics committee (No: IORG0003571). Informed consent was waived because of the retrospective nature of the study and the use of anonymous clinical data for analysis. Patients Participant inclusion criteria were the following: (I) older than 18 years of age; (II) previous cardiac surgery of any cause; (III) undergone ITVS for severe TR following cardiac surgery. The exclusion crite || thors are accountable for all aspects of the work in ensuring that questions related to the accuracy or integrity of any part of the work are appropriately investigated and resolved. The study was conducted in accordance with the tenets of the Declaration of Helsinki (as revised in 2013), and was approved by the institutional ethics committee (No: IORG0003571). Informed consent was waived because of the retrospective nature of the study and the use of anonymous clinical data for analysis. Reporting Checklist: The authors have completed the STROBE reporting checklist. Available at http://dx.doi.org/10.21037/jtd-20-1787 Data Sharing Statement: Available at http://dx.doi.org/10.21037/jtd-20-1787 Peer Revi"
PMC6861777,31807506,10.21037/atm.2019.10.15,The influence of pemetrexed-based continuous maintenance therapy on survival of locally advanced and metastatic lung adenocarcinoma.,,2019,2019-10-01,"Huang Y, Wang Y, Hu D, Chen L, Zhang R, Cheng S, Wu G, Dong X.",False,True,False,0,False,False,False,
PMC7106820,32228594,10.1186/s12936-020-03205-9,Distribution of malaria patients seeking care in different types of health facilities during the implementation of National Malaria Elimination Programme.,,2020,2020-03-30,"Li G, Zhang D, Chen Z, Feng D, Chen X, Tang S, Son H, Wang Z, Xi Y, Feng Z.",False,True,True,2,True,False,False,"-level to describe the flow from different counties of residence to specific facilities. And flow maps were created to illustrate the patients’ spatial flow using the “ XY To Line ” analyst tool in ArcGIS. Ethical approval The study was approved by the Ethics Committee of the Tongji Medical College of Huazhong University of Science and Technology (IORG0003571). Permission was granted by the National Health Commission of People’s Republic China and the manager of each hospital. Patient information was anonymized and de-identified before analysis. Results Distribution of malaria patients in different health facilities A total of 3686 malaria patients sought care in 616 health facilities (township hospita || lity of data and materials The datasets used in the current study are available from the corresponding author and will also be presented as an attachment in the article. Ethics approval and consent to participate Ethical approval was obtained from the Ethics Committee of Tongji Medical College, Huazhong University of Science & Technology (IORG No: IORG0003571). Permission was taken from the National Health Commission of People’s Republic China and the manager of each hospital. Consent for publication Not applicable. Competing interests The authors declare that they have no competing interests. Footnotes Publisher's Note Springer Nature remains neutral with regard to jurisdictional claims in published m"
PMC6571379,31169703,10.1097/md.0000000000015903,Variations of plasma D-dimer level at various points of normal pregnancy and its trends in complicated pregnancies: A retrospective observational cohort study.,,2019,2019-06-01,"Baboolall U, Zha Y, Gong X, Deng DR, Qiao F, Liu H.",False,True,True,2,True,False,False,"women were included during the study period of August 2016 to August 2017. The study was carried out in Tongji Hospital, Tongji Medical College, Huazhong University of Science and Technology, a tertiary teaching hospital that deals mainly with high-risk pregnancies. The study was approved by the Ethics Committee of Tongji Medical College (IORG No: IORG0003571). Due to the retrospective nature of this study, the requirement for informed consent from patients was waived. Laboratory tests, including a complete blood count, blood biochemistry and coagulation profile consisting of DD concentration and fibrinogen, are performed on the day of admission. The distribution of cases in this study is demonstrated || branes, PT = prothrombin time, TAT = thrombin-antithrombin, tPA = tissue plasminogen activator inhibitor, TTCP = third trimester complicated pregnancy. UB is the first author. This retrospective study was approved by the Ethics Committee of Tongji Hospital of Tongji Medical College, Huazhong University of Science and Technology, PR China (IORG No: IORG0003571). The authors report no conflicts of interest. References [1] Riley RS, Gilbert AR, Dalton JB, et al. Widely used types and clinical applications of D-dimer assay. Lab Med 2016;47:90–102. [2] Haase C, Joergensen M, Ellervik C, et al. Age- and sex-dependent reference intervals for D-dimer: Evidence for a marked increase by age. Thromb Res 2013;132:"
PMC10045613,36978120,10.1186/s12967-023-04028-3,Mesenchymal stem cells can prevent or promote the progression of colon cancer based on their timing of administration.,,2023,2023-03-28,"Hu W, Wang W, Jiang X, Wang Z, Lin R.",False,True,True,1,True,False,False,"esponding author upon reasonable request. Declarations Ethical approval and consent to participate This study “Mesenchymal stem cells can prevent or promote the progression of colon cancer based on their timing of administration” was approved by the Ethics Committee of Tongji Medical College, Huazhong University of Science and Technology (IORG No: IORG0003571) in Sep 2021. Consent for publication Not applicable. Competing interests The authors declare that they have no competing interests. Footnotes Publisher's Note Springer Nature remains neutral with regard to jurisdictional claims in published maps and institutional affiliations. Weiqian Hu and Weijun Wang are contributed equally to this work and sh"
PMC8246194,34268403,10.21037/atm-20-4546,Upregulation of the long noncoding RNA UBOX5 antisense RNA 1 (UBOX5-AS1) under hypoxic conditions promotes epithelial-mesenchymal transition in endometriosis.,,2021,2021-05-01,"Liu H, He H, Zhang Z, Wang L, Zhang L, Liu Y, Xiong W.",False,True,True,2,True,False,False,"btained from Thermo Fisher Scientific (USA). Other chemicals of analytical grade were obtained from Sigma-Aldrich (USA). Patients and tissue collection The study was conducted in accordance with the Declaration of Helsinki (as revised in 2013) and approved by the local Ethics Committee of Tongji Medical College, Huazhong University of Science (No. IORG0003571). The participants were recruited at the Obstetrics and Gynecology Department, Union Hospital, Tongji Medical College, Huazhong University of Science and Technology, and signed informed consent was obtained from all patients. A total of 10 cases of eutopic endometrium and 9 cases of ectopic endometrium from patients with ovarian endometriosis were || he work in ensuring that questions related to the accuracy or integrity of any part of the work are appropriately investigated and resolved. The study was conducted in accordance with the Declaration of Helsinki (as revised in 2013). The study was approved by the local Ethics Committee of Tongji Medical College, Huazhong University of Science (no. IORG0003571), and informed consent was obtained from all patients. Reporting Checklist : The authors have completed the MDAR checklist. Available at http://dx.doi.org/10.21037/atm-20-4546 Data Sharing Statement : Available at http://dx.doi.org/10.21037/atm-20-4546 Conflicts of Interest : All authors have completed the ICMJE uniform disclosure form (available"
PMC8889759,35236405,10.1186/s13073-022-01033-x,RNA profiling of blood platelets noninvasively differentiates colorectal cancer from healthy donors and noncancerous intestinal diseases: a retrospective cohort study.,,2022,2022-03-02,"Xu L, Li X, Li X, Wang X, Ma Q, She D, Lu X, Zhang J, Yang Q, Lei S, Wang L, Wang Z.",False,True,True,1,True,False,False,"36 ]. The codes used in this study were deposited in GitHub https://github.com/lixiangchun/psofs [ 37 ]. Declarations Ethics approval and consent to participate This study was conducted according to the Helsinki human subject doctrine and was approved by the Huazhong University of Science and Technology Review Board and Ethics Committee (IORG No. IORG0003571, 2020-S197). Written consent to participate was acquired from all patients. Consent for publication Not applicable. Competing interests The authors declare that they have no competing interests. References 1. Siegel RL Miller KD Jemal A Cancer statistics, 2017 CA Cancer J Clin 2017 67 1 7 30 10.3322/caac.21387 28055103 2. Gupta N Kupfer SS Davis A"
PMC7940945,33708846,10.21037/atm-20-2337,Evaluation of exosomal miRNAs as potential diagnostic biomarkers for acute myocardial infarction using next-generation sequencing.,,2021,2021-02-01,"Guo M, Li R, Yang L, Zhu Q, Han M, Chen Z, Ruan F, Yuan Y, Liu Z, Huang B, Bai M, Wang H, Zhang C, Tang C.",False,True,True,2,True,False,False,"was collected and used. All subjects gave their informed consent for inclusion before they participated in the study. The study was conducted in accordance with the Declaration of Helsinki (as revised in 2013), and the protocol was approved by the Ethics Committee of Tongji Medical College, Huazhong University of Science and Technology (IORG No.: IORG0003571). Plasma exosome isolation and total RNA extraction Exosomes were isolated using a Total Exosome Isolation Kit (from plasma) (Catalog No. 4484450, Life Technology), and total RNA was extracted using the miRNeasy Mini Kit (Catalog no. 217004, Qiagen) according to the manufacturer’s guidelines. In brief, the frozen plasma samples were completely tha || uring that questions related to the accuracy or integrity of any part of the work are appropriately investigated and resolved. The trial was conducted in accordance with the Declaration of Helsinki (as revised in 2013). The study was approved by the Ethics Committee of Tongji Medical College, Huazhong University of Science and Technology (IORG No: IORG0003571). and informed consent was obtained from all patients. References 1 Reindl M Reinstadler SJ Feistritzer HJ Acute myocardial infarction as a manifestation of systemic vasculitis. Wien Klin Wochenschr 2016 ; 128 : 841 - 3 . 10.1007/s00508-016-1051-4 27624326 2 Fox CS Coady S Sorlie PD Increasing cardiovascular disease burden due to diabetes mellitus"
PMC13045449,41632105,10.1002/advs.202521279,Mapping CSC-Mediated Ovarian Cancer Chemoresistance via CXCR4-PET to Guide Precision Cisplatin Re-Sensitization Therapy.,,2026,2026-02-03,"Feng L, Zhao S, Wei Z, Wang W, Ying F, Huang L, Zhu M, Chen M, Yang Q, Sun S, Jiang D, Gao L, Cai J.",False,True,True,1,True,False,False,"sualized with diaminobenzidine and counterstained with hematoxylin. Images were taken by a microscope (Olympus IX71, Olympus, Japan). 5.6. Primary Ovarian Cancer Cells Isolation All studies involving tumor tissues were surgically resected and approved by the Ethics Committee of Tongji Medical College, Huazhong University of Science and Technology (IORG0003571). Fresh tumor mass was obtained from clear surgical fields, cut into approximately 1 mm 3 pieces, and then enzymatically digested with a collagenase solution. Following filtration by a 70 µm Cell‐Strainer (BD, USA), the cell suspension was neutralized by an equal volume of complete medium and pelleted at 300 × g . After removing red blood cells wi"
PMC10154903,36644823,10.1111/cas.15726,Omental cancer-associated fibroblast-derived exosomes with low microRNA-29c-3p promote ovarian cancer peritoneal metastasis.,,2023,2023-01-31,"Han Q, Tan S, Gong L, Li G, Wu Q, Chen L, Du S, Li W, Liu X, Cai J, Wang Z.",False,True,True,1,True,False,False,"a (Grant No. D20211206). CONFLICT OF INTEREST STATEMENT The authors have no conflict of interest. ETHICAL STATEMENT Approval of the research protocol by an institutional review board: The protocol for the human study was reviewed and approved by the Ethics Committee of Tongji Medical College, Huazhong University of Science and Technology (IORG NO: IORG0003571). Informed consent: Informed consent was obtained from all patients. Registry and registration no. of the study/trial: N/A. Animal studies: All animal experiments were approved by the Animal Management Committee of Tongji Medical College, Huazhong University of Science and Technology (IACUC Number: 2446). Supporting information Figures S1–S6 Click"
PMC11008262,38617545,10.7150/ijbs.93667,TIE1 promotes cervical cancer progression via Basigin-matrix metalloproteinase axis.,,2024,2024-04-08,"Liu P, Xie L, Wu Q, Huang L, Liu X, Li W, Cai J, Wang Z, Yang P, Cai L.",False,True,True,1,True,False,False,"identified TIE1 as a prognostic factor and provided a powerful molecular basis for TIE1-mediated anti-cervical cancer therapy. Materials and methods Patients and specimens This study complied with the Declaration of Helsinki and was approved by the Ethics Committee of Tongji Medical College, Huazhong University of Science and Technology (IORG No: IORG0003571). Informed consent was obtained from all patients. We collected 135 cervical cancer samples from patients who underwent surgery without prior radiotherapy, chemotherapy or targeted therapy in the Department of Obstetrics and Gynecology, Wuhan Union Hospital, Tongji Medical College (Wuhan, China) between January 1, 2013, and January 1, 2017. The in"
PMC8753420,35017246,10.1136/bmjopen-2021-053280,Association of off-the-job training with work performance and work-family conflict among physicians: a cross-sectional study in China.,,2022,2022-01-11,"Wang X, Qin H, Zhu Y, Wang Z, Ye B, Zhu X, Liang Y.",False,True,True,1,True,False,False,"available upon reasonable request. All free text entered below will be published. Ethics statements Patient consent for publication Not applicable. Ethics approval This study involves human participants and was approved by the Ethics Committee of Tongji Medical College, Huazhong University of Science and Technology (Wuhan, China) (approval number: IORG0003571). Participants gave informed consent to participate in the study before taking part. References 1 Tian L , Pu J , Liu Y , et al . Relationship between burnout and career choice regret among Chinese neurology postgraduates . BMC Med Educ 2019 ; 19 : 162 . 10.1186/s12909-019-1601-3 31117998 PMC6530049 2 Simelane ML , Georgeu-Pepper D , Ras C-J , et"
PMC8436469,34511074,10.1186/s12872-021-02244-7,Risk factors and in-hospital mortality of postoperative hyperlactatemia in patients after acute type A aortic dissection surgery.,,2021,2021-09-11,"Wang S, Wang D, Huang X, Wang H, Le S, Zhang J, Du X.",False,True,True,1,True,False,False,"ility of data and materials The datasets used and/or analyzed during the current study are available from the corresponding author upon reasonable request. Declarations Ethics approval and consent to participate The study was approved by the Medical Ethics Committee of Tongji Medical College, Huazhong University of Science and Technology (IORG No. IORG0003571) and conducted in accordance with the Declaration of Helsinki. Written informed consent was waived. Consent for publication Not applicable. Competing interests The authors declare that they have no competing interests. References 1. Andersen LW Mackenhauer J Roberts JC Berg KM Cocchi MN Donnino MW Etiology and therapeutic approach to elevated lact"
PMC11759336,39849092,10.1038/s41598-025-87091-8,Heart transplantation: comparing the impact of modified heart preservation with conventional methods.,,2025,2025-01-23,"Shang X, Zhang C, Wang Y, Liu M, Zhong Y, Dong N.",False,True,True,1,True,True,False,"ified heart preservation and were assigned to the study group, while 107 cases underwent conventional heart preservation and served as the control group. General information from both groups was collected and compared. This study was approved by the Ethics Committee of Tongji Medical College, Huazhong University of Science and Technology (IORG No. IORG0003571). Informed consent for participation was collected from all patients before the study. All methods were performed in accordance with the relevant guidelines and regulations. The preservation method for a donor heart Control group was as follows: After confirming brain death in the donor, the donor area was cleansed and disinfected, and a midline i"
PMC11179216,38879491,10.1186/s10020-024-00858-z,Modulation of anti-cardiac fibrosis immune responses by changing M2 macrophages into M1 macrophages.,,2024,2024-06-15,"Chen S, Wang K, Fan Z, Zhou T, Li R, Zhang B, Chen J, Chi J, Wei K, Liu J, Liu Z, Ma J, Dong N, Liu J.",False,True,True,1,True,False,False,"supporting the findings of this study are available within the article and its Additional materials. Declarations Ethics approval and consent to participate The protocol for this study complied with the Declaration of Helsinki and was approved by the Tongji Medical College Institutional Review Board, Huazhong University of Science and Technology (IORG0003571). All animal studies were performed in accordance with The National Institute of Health guidelines (NIH Publication No. 8023, revised 1978) and approved by the Animal Care and Utilization Committee of Huazhong University of Science and Technology, China. Consent for publication Not applicable. Competing interests The authors declare no competing i"
PMC6064167,30055596,10.1186/s12902-018-0274-y,Variability of the Ki-67 proliferation index in gastroenteropancreatic neuroendocrine neoplasms - a single-center retrospective study.,,2018,2018-07-28,"Shi H, Zhang Q, Han C, Zhen D, Lin R.",False,True,True,2,True,False,False,"and/or core biopsy were made available for all enrolled patients. The medical records were retrospectively reviewed to collect the following data: age, sex, primary and metastatic tumor sites, and Ki-67 labeling index. The study was approved by the Ethics Committee of Tongji Medical College, Huazhong University of Science and Technology (IORG No: IORG0003571), and performed in accordance with the Declaration of Helsinki. As it was a retrospective study, all data were collected from a medical records system. Therefore, the study was exempt from the requirement to obtain individual informed consent, based on the Ethical Guidelines of the Ethics Committee of Tongji Medical College, Huazhong University of || e manuscript; QZ provided pathological assistance; CQH and ZD contributed to interpretation of the data and analyses. All of the authors have read and approved the manuscript. Ethics approval and consent to participate This study was approved by the ethics committee of Tongji Medical College, Huazhong University of Science and Technology (IORG No: IORG0003571), and performed in accordance with the Declaration of Helsinki. As it was a retrospective study, all data were collected from a medical records system. Therefore, the study was exempt from the requirement to obtain individual informed consent, based on the Ethical Guidelines of the Ethics Committee of Tongji Medical College, Huazhong University of"
PMC7310551,32576269,10.1186/s13018-020-01759-7,Locking plate versus external fixation in the treatment of displaced femoral supracondylar fracture in children.,,2020,2020-06-23,"Li J, Guo X, Wang HQ, Yue C, Chen K, Ma J, Wang J, Tang X.",False,True,True,1,True,False,False,"nt 81470100 to X.T.,81572182 to HQ. W.). Availability of data and materials The datasets used and/or analyzed during the current study are available from the corresponding author on reasonable request. Ethics approval and consent to participate The Ethics Committee of Tongji Medical College, Huazhong University of Science and Technology (IORG No.: IORG0003571) gave a final approval for this study. Although the data were collected anonymized and centrally, all guardians of patients signed written informed consent for participate. Consent for publication All guardians of patients signed written informed consent for publication. Competing interests The authors declare that they have no competing interests"
PMC5949457,29850129,10.21037/jtd.2018.04.03,Limited prognostic value of myocardial viability assessment in patients with coronary artery diseases and severe left ventricular dysfunction.,,2018,2018-04-01,"Liu Y, Jiang Y, Yang X, Geng B, Liu Y, Shang X, Liu J, Lan X, Dong N.",False,True,False,0,False,False,False,
PMC6844628,31638162,10.3892/ijmm.2019.4361,Tumor cell‑fibroblast heterotypic aggregates in malignant ascites of patients with ovarian cancer.,,2019,2019-10-02,"Han Q, Huang B, Huang Z, Cai J, Gong L, Zhang Y, Jiang J, Dong W, Wang Z.",False,True,True,2,True,False,False,"l College, Huazhong University of Science and Technology (Wuhan, China); 12 of the ascitic specimens were obtained during surgery, and 1 was obtained during abdominal paracentesis for the treatment of malignant ascites. The study protocol was approved by the Ethics Committee of Tongji Medical College, Huazhong University of Science and Technology (IORG0003571) and informed consent was obtained from all participants. The patient clinicopathological characteristics are summarized in Table I . Table I Clinicopathological characteristics of the HGSOC patients studied. Patient no FIGO stage Age, years Prior treatment Peritoneal metastasis LNM Experimental methods used Fallopian tube Omentum Appendix Parieta || h BH and QH. JC revised the manuscript substantively. All authors contributed to producing the manuscript and have approved the final version of the manuscript for publication. Ethics approval and consent to participate The study protocol was approved by the Ethics Committee of Tongji Medical College, Huazhong University of Science and Technology (IORG0003571) and informed consent was obtained from all participants. Patient consent for publication Not applicable. Competing interests All the authors declare that they have no competing interests. References 1. Chen W, Zheng R, Baade PD, Zhang S, Zeng H, Bray F, Jemal A, Yu XQ, He J. Cancer statistics in China, 2015. CA Cancer J Clin. 2016;66:115–132. doi"
PMC11502991,39388694,10.2196/58428,Exploring Client Preferences for Psychological Counselors in a Chinese Online Health Community: Longitudinal Study.,,2024,2024-10-10,"Feng X, Hu Y, Pfaff H, Liu S, Xie J, Zhang Z.",False,True,True,1,True,False,False,"rations The data for this study were sourced from publicly accessible information available to all users of the online platform. We did not collect any personal information about the clients and anonymized data about counselors. The study was approved by the Ethics Committee of Tongji Medical College of Huazhong University of Science & Technology (IORG0003571). Variables Dependent Variable: Clients’ Choices We measured clients’ choices by the total number of consultations per counselor. This variable was selected as it serves as a robust indicator of clients’ choices of counselors. Specifically, if a counselor has a high total number of consultations, this may indicate that they have a high popularity"
PMC9677010,36396318,10.1136/bmjopen-2022-063320,Quality of working life of medical doctors and associated risk factors: a cross-sectional survey in public hospitals in China.,,2022,2022-11-17,"Tang C, Guan C, Liu C.",False,True,True,1,True,False,False,"to this manuscript are available from the corresponding authors on reasonable request. Ethics statements Patient consent for publication Not required. Ethics approval This study involves human participants and ethics approval was granted by the Research Ethics Committee of Tongji Medical College, Huazhong University of Science and Technology (no: IORG0003571). Participants gave informed consent to participate in the study before taking part. References 1. Moradi T, Maghaminejad F, Azizi-Fini I. Quality of working life of nurses and its related factors. Nurs Midwifery Stud 2014;3:e19450. 2. Mosadeghrad AM, Ferlie E, Rosenberg D. A study of relationship between job stress, quality of working life and tu"
PMC7072097,32190694,10.1155/2020/9847591,Quantitative Diagnosis of Atrophic Gastritis by Probe-Based Confocal Laser Endomicroscopy.,,2020,2020-03-02,"Yu X, Chen J, Zheng L, Song J, Lin R, Hou X.",False,True,True,1,True,False,False,Gastrointestinal Disease in Wuhan. Data Availability The data used to support the findings of this study are included within the article. Ethical Approval This study was conducted according to the Declaration of Helsinki and got an approval from The Ethics Committee of Tongji Medical Collage Huanzhong University of Science and Technology (IORG No: IORG0003571). Conflicts of Interest The authors declare that they have no conflicts of interest. 1 Kurosawa M. Kikuchi S. Inaba Y. Ishibashi T. Kobayashi F. Helicobacter pylori infection among Japanese children Journal of Gastroenterology and Hepatology 2000 15 12 1382 1385 10.1046/j.1440-1746.2000.02360.x 2-s2.0-0034526951 11197047 2 Kitahara F. Shimazaki R.
PMC12226843,40610884,10.1186/s12872-025-04886-3,Analysis of survival impact factors in heart transplant patients with modified donor hearts preservation method.,,2025,2025-07-03,"Zhang C, Zhong Y, Wang Y, Liu M, Shang X, Dong N.",False,True,True,1,True,True,False,"symptoms related to the cardiac tumor (e.g., palpitations, dyspnea, chest pain, syncope, heart failure, arrhythmia) accompanied by abnormal cardiac imaging findings; ④ irreversible heart failure caused by the tumor. This study was approved by the Ethics Committee of Tongji Medical College of Huazhong University of Science and Technology (IORG No. IORG0003571). Cardiac donor heart preservation method An “arrested heart” was defined as a donor heart that had already ceased beating due to the progression of brain death before organ procurement. A “non-arrested heart” was defined as a donor heart that was still beating at the time of procurement from a brain-dead donor. After confirming brain death in the"
PMC9483782,36116242,10.1016/j.tranon.2022.101539,TIE2-high cervical cancer cells promote tumor angiogenesis by upregulating TIE2 and VEGFR2 in endothelial cells.,,2022,2022-09-15,"Tan S, Chen Y, Du S, Li W, Liu P, Zhao J, Yang P, Cai J, Gao R, Wang Z.",False,True,True,1,True,False,False,"generated during and/or analyzed during the present study are available from the corresponding author on reasonable request. Ethics approval and consent to participate The protocol for the human study was reviewed and approved by the Ethics Committee of Tongji Medical College, Huazhong University of Science and Technology (Wuhan, China) (IORG No: IORG0003571), and informed consent was obtained from all patients. All animal experiments were approved by the Animal Management Committee of Tongji Medical College, Huazhong University of Science and Technology (IACUC Number:645). Consent for publication Not applicable. CRediT authorship contribution statement Shuran Tan: Methodology, Software, Validation, F"
PMC9509617,36153567,10.1186/s13287-022-03175-6,A homozygous PIWIL2 frameshift variant affects the formation and maintenance of human-induced pluripotent stem cell-derived spermatogonial stem cells and causes Sertoli cell-only syndrome.,,2022,2022-09-24,"Wang X, Li Z, Qu M, Xiong C, Li H.",False,True,True,1,True,False,False,"l of Zhengzhou University (to X. W.). Availability of data and materials The datasets supporting the conclusions of this article are included in this article. Declarations Ethics approval and consent to participate The study has been approved by The Ethics Committee of Tongji Medical College, Huazhong University of Science and Technology (IORG No: IORG0003571, S096). Consent for publication Not applicable. Competing interests The authors declare no competing interests. Footnotes Publisher's Note Springer Nature remains neutral with regard to jurisdictional claims in published maps and institutional affiliations. Contributor Information Chengliang Xiong, Email: clxiong951@sina.com. Honggang Li, Email: l"
PMC12046273,40245390,10.2196/67484,The Association Between Internet Use and Co-occurring Health Care Needs: Cross-Sectional Study in China.,,2025,2025-04-17,"Xing Y, Liu X, Zhang L, He R.",False,True,True,1,True,False,False,"iduals aged 15 years or older. After eliminating invalid cases and those with missing responses, we arrived at a final sample of 12,513 valid respondents. Ethical Considerations The questionnaire design and study protocol were approved by the Ethics Committee of Tongji Medical College, Huazhong University of Science and Technology (approval number IORG0003571). The research content and procedures complied with national and state biomedical ethical requirements. All participants provided written informed consent after receiving information to ensure a full understanding of the study’s purpose and potential outcomes. Participation was voluntary and uncompensated, and all study data were kept confidential"
PMC8720855,34988047,10.3389/fpubh.2021.760647,"A Scale to Measure the Joy in Work of Doctors: Development, Validity, and Reliability.",,2021,2021-12-20,"Zhang Z, Hu Y, Chen H, Zhu W, Li D, Zhu X, Wu X, Li J.",False,True,True,1,True,False,False,"datasets used and/or analyzed during the current study are available from the corresponding author on reasonable request. Requests to access these datasets should be directed to hyh288@hotmail.com . Ethics Statement Ethics approval was obtained from the Ethics Committee of Tongji Medical College, Huazhong University of Science and Technology (No. IORG0003571). All the survey were kept confidential and anonymous. Author Contributions ZZ conducted the literature review, took part in the investigation, performed formal analysis, and wrote the original draft. YH designed the study, obtained funding, and performed revisions of the manuscript. HC performed formal analysis and performed revisions of the manu"
PMC9082025,35548081,10.3389/fpubh.2022.854772,A Latent Profile Analysis of Chinese Physicians' Workload Tethered to Paperwork During Outpatient Encounters.,,2022,2022-04-25,"Li D, Hu Y, Liu S, Lu C, Li J, Zhou J, Zhang Y, Lu S.",False,True,True,2,True,False,False,"to share the survey website link to their Wechat Circle of Friends, WeChat or Tencent QQ group, where some physicians who met the inclusion criteria for the targeted population could participate in this questionnaire survey. The study was approved by the Ethics Committee of Tongji Medical College of Huazhong University of Science & Technology (No. IORG0003571). Workload Measure Given that it's difficult to objectively quantify physicians' workload tethered to paperwork during outpatient encounters, we therefore used the Chinese physician mental workload scale to measure the physician workload while performing non-physician-patient communication work tasks characterized by paperwork during outpatient en || datasets used and/or analyzed during the current study are available from the corresponding author on a reasonable request. Requests to access the datasets should be directed to hyh288@hotmail.com . Ethics Statement Ethics approval was obtained from the Ethics Committee of Tongji Medical College of Huazhong University of Science & Technology (No. IORG0003571). All the survey data were kept confidential and anonymous. Author Contributions YH designed the study, obtained funding, and participated in the collection. DL contributed to the design of this study, the acquisition, analysis, interpretation of survey data, and drafted the manuscript. SLi and CL participated in the data cleaning. SLi, CL, and YH"
PMC7723658,33313114,10.21037/atm-20-3027,Profiling circulating T follicular helper cells and their effects on B cells in post-cardiac transplant recipients.,,2020,2020-11-01,"Wang Y, Liu Z, Wu J, Li F, Li G, Dong N.",False,True,True,2,True,True,False,"fh cells and B cells in chronic-phase recipients after heart transplantation, providing potential therapeutic targets for ameliorating chronic rejection. Methods Study population This study complied with the Declaration of Helsinki (as revised in 2013) and was approved by the review boards of Union Hospital and Tongji Medical College (IORG number: IORG0003571). Informed consent was obtained from all patients and healthy control (HC) subjects. The study participants were divided into the following three groups: the preoperative group (Pre group, n=40), the group of chronic-phase recipients at 1-year post-heart transplantation (1-year group, n=40), and an age and gender-matched HC group (n=40) comprising || authors are accountable for all aspects of the work in ensuring that questions related to the accuracy or integrity of any part of the work are appropriately investigated and resolved. The protocol for the research project has been approved by the Ethics Committee of Tongji Medical College of Huazhong University of Science and Technology (IORG No: IORG0003571) and conforms to the provisions of the Helsinki Declaration as revised in 2013. Informed consent was obtained from all patients and healthy control (HC) subjects. Footnotes Data Sharing Statement: Available at http://dx.doi.org/10.21037/atm-20-3027 Peer Review File: Available at http://dx.doi.org/10.21037/atm-20-3027 Conflicts of Interest: All aut"
PMC7849454,33523576,10.1002/prp2.716,Elimination of macrophages reduces glutaraldehyde-fixed porcine heart valve degeneration in mice subdermal model.,,2021,2021-02-01,"Liu Z, Wang Y, Xie F, Liu X, Li F, Dong N.",False,True,True,1,True,False,False,"the degeneration and calcification of the GPHV (Figure 7). This study establishes a theoretical basis for the improvement of GBHVs and targeted drug therapy of bioprosthetic heart valve deterioration. ETHICS STATEMENT The study was approved by the Ethics Committee of Tongji Medical College of Huazhong University of Science and Technology (IORG No. IORG0003571). AUTHORSHIP CONTRIBUTIONS Participated in research design: Zongtao Liu, Yixuan Wang, Nianguo Dong, Fei Li. Conducted Experiments: Zongtao Liu, Yixuan Wang, Fei Xie. Performed data analysis: Zongtao Liu, Yixuan Wang, Fei Li. Contributed to the Writing of the manuscript: Zongtao Liu, Yixuan Wang, Nianguo Dong, Fei Li, Xing Liu. Supporting informati"
PMC9376130,35971172,10.1186/s12913-022-08394-4,"Cost-effectiveness analysis of newborn screening by tandem mass spectrometry in Shenzhen, China: value and affordability of new screening technology.",,2022,2022-08-15,"Yu M, Xu J, Song X, Du J.",False,True,True,1,True,False,True,"equirements for more detailed data. Declarations Competing interests The authors declare no competing interests. Ethics approval and consent to participate The study was conducted, according to the ethical guidelines of the Helsinki Declaration. The Ethics Committee of Tongji Medical College, Huazhong University of Science and Technology (IORG No: IORG0003571) give a final APPROVAL on 24/07/2019 for the study. Written informed consent was obtained from all subjects before the start of the study. All methods were performed in accordance with the relevant guidelines and regulations. Consent for publication Not applicable. Competing interest No conflict of interest exists in submitting this manuscript, an"
PMC8917761,35277179,10.1186/s12935-022-02508-y,High PPT1 expression predicts poor clinical outcome and PPT1 inhibitor DC661 enhances sorafenib sensitivity in hepatocellular carcinoma.,,2022,2022-03-11,"Xu J, Su Z, Cheng X, Hu S, Wang W, Zou T, Zhou X, Song Z, Xia Y, Gao Y, Zheng Q, Zheng Q.",False,True,True,2,True,True,False,"vated CD4 + T cells were defined as CD3 + CD4 + CD69 + cells [ 47 ]. MDSCs were defined as CD45 + CD11b + Gr-1 + cells [ 30 ]. In vivo drug treatment assay All animal experiments were performed in compliance with the guidelines of the Animal Care Committee at Tongji Medical College, Huazhong University of Science and Technology (HUST, IORG number: IORG0003571), and the study was performed in accordance with the declaration of Helsinki. In total, 5 × 10 6 sorafenib-resistant Hep 1-6 cells were injected subcutaneously into the right front flanks of C57BL/6 mice. Once the tumors were established and reached approximately 300 mm 3 , the mice were randomly divided into four groups (n = 18, in each group) tr || l data generated and/or analyzed during this study are available from the corresponding author upon reasonable request. Declarations Ethical approval and consent to participate The study was conducted according to the guidelines of the Declaration of Helsinki, and approved by the Tongji Medical College research ethics committee, Wuhan, China. (NO: IORG0003571). Informed consent was obtained from all subjects involved in the study. Consent for publication Individual’s personal data details from donors are not mentioned in this manuscript. Competing interests The authors declare no competing financial interest. References 1. Yang Y Lin J Guo S Xue X Wang Y Qiu S RRM2 protects against ferroptosis and is a"
PMC8393376,34442059,10.3390/healthcare9080922,Detecting Undifferentiation of Tertiary and County Hospitals in China in Adoption of DRG Instrument.,,2021,2021-07-21,"Chu Y, Tao H.",False,True,True,1,True,False,False,"ervision, H.T.; project administration, H.T. All authors have read and agreed to the published version of the manuscript. Funding This research received no external funding. Institutional Review Board Statement The study was authorized by the Ethics Review Committee of Tongji Medical College, Huazhong University of Science and Technology (IORG No: IORG0003571), according to the principles of the Declaration of Helsinki. Informed Consent Statement Not applicable; the manuscript does not contain any individual’s data in any form of individual details, images, or videos. Data Availability Statement The datasets generated and/or analyzed during the current study are available from the corresponding author"
PMC5773018,29343303,10.1186/s13063-017-2380-y,Comparison of modified wet suction technique and dry suction technique in endoscopic ultrasound-guided fine-needle aspiration (EUS-FNA) for solid lesions: study protocol for a randomized controlled trial.,,2018,2018-01-17,"Wang Y, Chen Q, Wang J, Wu X, Duan Y, Yin P, Guo Q, Hou W, Cheng B.",False,True,True,2,True,False,True,"48 weeks after the operation); thereafter, follow-ups will be conducted via telephone interviews or outpatient interviews. Once the surgical pathologic results are obtained, we will stop the follow-up sessions. Ethics The study was approved by the ethics committee of Tongji Medical College, Huazhong University of Science and Technology (IORG no., IORG0003571) on 4 May 2016. Subsequently, the boards of the three participating hospitals gave permission to conduct the trial. Informed consent will be obtained from each participant or from each participant’s legally responsible relative. The trial was registered at Clinical Trials.gov, NCT02789371 . Primary endpoint The primary endpoint is to compare the u || on the sample size calculation. All authors contributed to the study design and commented on the manuscript. All authors read and approved the final manuscript. Ethics approval and consent to participate The study obtained ethics approval from the ethics committee of Tongji Medical College, Huazhong University of Science and Technology (IORG no., IORG0003571) on 4 May 2016. Written informed consent will be obtained from each participant or from each participant’s legally responsible relative prior to trial participation. Consent for publication Not applicable Competing interests The authors declare that they have no competing interests. Publisher’s Note Springer Nature remains neutral with regard to j"
PMC7302149,32552703,10.1186/s12909-020-02111-7,Psychometric properties of a Chinese version of the Fraboni scale of ageism: evidence from medical students sample.,,2020,2020-06-17,"Fan JY, Zhao HM, Liu YT, Kong LL, Mao J, Li J.",False,True,True,1,True,False,False,"of data; or in preparation of the manuscript. Availability of data and materials Data used during the study are available from the corresponding author on reasonable request. Ethics approval and consent to participate This study was approved by the Institutional Review Board of Tongji Medical College, Huazhong University of Science and Technology (IORG0003571). All participants had given informed consent before completing the questionnaire. Consent for publication Not applicable. Competing interests The authors declare that they have no competing interests. Footnotes Publisher’s Note Springer Nature remains neutral with regard to jurisdictional claims in published maps and institutional affiliations. R"
PMC7206801,32419946,10.1186/s13690-020-00423-0,Adherence to drug therapy for hypertensive disorders of pregnancy: a cross-sectional survey.,,2020,2020-05-08,"Chen H, Tang Y, Liu C, Liu J, Wang K, Zhang X.",False,True,True,1,True,False,False,"059]. Availability of data and materials The datasets used and/or analysed during the current study are available from the corresponding author on reasonable request. Ethics approval and consent to participate This study was approved by the Research Ethics Committee of Tongji Medical College, Huazhong University of Science and Technology (IORG No: IORG0003571). Consent from women whose records were included was not sought because their private information, such as name and identity card information, was not obtained. Consent for publication Not applicable. Competing interests The authors declare that they have no competing interests. Footnotes Publisher’s Note Springer Nature remains neutral with regar"
PMC7082655,32193896,10.3348/kjr.2019.0739,Use of Magnetic Resonance Neurography for Evaluating the Distribution and Patterns of Chronic Inflammatory Demyelinating Polyneuropathy.,,2020,2020-04-01,"Su X, Kong X, Lu Z, Zhou M, Wang J, Liu X, Kong X, Zhang H, Zheng C, Zheng C.",False,True,True,1,True,False,False,"IDP. LS plexus imaging is recommended for evaluating the abnormal peripheral nerves in CIDP. Acknowledgments We acknowledge the National Natural Science Foundation of China (Grant No. 81470076). Footnotes The present prospective study was approved by the ethics committee of Tongji Medical College, Huazhong University of Science and Technology (No. IORG0003571) and was registered on ClinicalTrials.gov (ChiCTR1800016450). Conflicts of Interest: The authors have no potential conflicts of interest to disclose. Supplementary Materials The Data Supplement is available with this article at https://doi.org/10.3348/kjr.2019.0739 . Supplementary Table 1 List of Activities as Part of I-RODS© Supplementary Fig. 1"
PMC7256211,32489680,10.1016/j.jare.2020.05.001,Half-life determination of inorganic-organic hybrid nanomaterials in mice using laser-induced breakdown spectroscopy.,,2020,2020-05-16,"Chu Y, Zhang Z, He Q, Chen F, Sheng Z, Zhang D, Jin H, Jiang F, Guo L.",False,True,True,1,True,False,False,"nal Key R&D Program of China (Grant No. 2018YFA0702100). Compliance with ethics requirements All animal studies were performed in compliance with protocols that had been approved by the Hubei Provincial Animal Care and Use Committee, in accordance with the experimental guidelines of the Animal Experimentation Ethics Committee of the HUST (IORG No: IORG0003571). Declaration of Competing Interest The authors declare that there are no conflicts of interest related to this article. Footnotes Peer review under responsibility of Cairo University. Contributor Information Fagang Jiang, Email: fgjiang@hotmail.com. Lianbo Guo, Email: lbguo@hust.edu.cn. References 1. Mukai H., Hatanaka K., Yagi N. Pharmacokinetic"
PMC8653799,34900919,10.3389/fpubh.2021.779262,Identifying the Subtypes and Characteristics of Mental Workload Among Chinese Physicians in Outpatient Practice: A Latent Profile Analysis.,,2021,2021-11-24,"Li D, Hu Y, Chen H, Zhu X, Wu X, Li J, Zhang Z, Liu S.",False,True,True,2,True,False,False,"encouraged to share the survey website link to their Wechat Circle of Friends, WeChat or Tencent QQ group, where some physicians who met the inclusion criteria for the targeted population could participate in this survey. The study was approved by the Ethics Committee of Tongji Medical College of Huazhong University of Science and Technology (No. IORG0003571). Statistical Analysis Descriptive statistics were used to summarize data on demographic characteristics, mental workload and its dimensions of the participating physicians. Data were summarized as frequencies (n) and percentages (%) for categorical variables. To identify the subtypes of mental workload among physicians, exploratory latent profile || nt The datasets used and/or analyzed during the current study are available from the corresponding author on a reasonable request. Requests to access the datasets should be directed to hyh288@hotmail.com . Ethics Statement The study was approved by the Ethics Committee of Tongji Medical College of Huazhong University of Science and Technology (No. IORG0003571); written informed consent from the patients/participants or patients/participants legal guardian/next of kin was not required to participate in this study in accordance with the national legislation and the institutional requirements. Author Contributions YH designed the study, obtained funding, participated in the collection, and performed revis"
PMC5908627,29642175,10.1097/md.0000000000010349,Apatinib + CPT-11 + S-1 for treatment of refractory brain metastases in patient with triple-negative breast cancer: Case report and literature review.,,2018,2018-04-01,"Hu T, Liu C, Li Q, Xiong J, Ma Y, Wu G, Zhao Y.",False,True,True,1,True,False,False,"breast cancer. This case report was approved by the Union Hospital of Huazhong University of Science and Technology. Written informed consent was obtained from the patient for the publication of this case report and accompanying images. Methods: The Ethics Committee of Tongji Medical College, Huazhong University of Science and Technology (IORG No: IORG0003571) gave a final approval for the study. This Ethics Committee is constituted and functioned in accordance with ICH-GCP, GCP in China and Declaration of Helsinki (2013). The patient has signed informed consent. The authors report that there are no conflicts of interest in this work. References [1] Witzel I Oliveira-Ferrer L Pantel K Breast cancer bra"
PMC7441726,32819362,10.1186/s12939-020-01260-x,Comparison of inpatient distribution amongst different medical alliances in a county: a longitudinal study on a healthcare reform in rural China.,,2020,2020-08-20,"Ran Y, Gao H, Han D, Hou G, Chen Y, Zhang Y.",False,True,True,1,True,False,False,"tasets used and/or analysed during the current study are available from the corresponding author on reasonable request. Ethics approval and consent to participate The research methods and investigation tools adopted in this work were approved by the Ethics Committee of Tongji Medical College, Huazhong University of Science and Technology (IORG No: IORG0003571). The patient information was anonymised and identified prior to the analysis. Consent for publication Not applicable. Competing interests The authors declare that they have no competing interests. References 1. Yip W Hsiao W Harnessing the privatisation of China's fragmented health-care delivery Lancet. 2014 384 9945 805 818 10.1016/S0140-6736(14"
PMC10118998,37091502,10.1093/gastro/goad021,A novel intelligent chromo capsule endoscope for the diagnosis of neoplastic lesions in the gastrointestinal tract.,,2023,2023-04-20,"Shi H, Pang S, Ming F, Yangdai T, Tian S, Lin R.",False,True,True,1,True,False,False,"e, the ICI mode is able to enhance the visualization of blood vessels. The relative intensity of these LEDs can be adjusted by adjusting the voltage through pulse width modulation to achieve the best observation effect. The study was approved by the Ethics Committee of Tongji Medical College, Huazhong University of Science and Technology (IORG No. IORG0003571), was registered in the Chinese Clinical Trial Registry (registration No. ChiCTR2200058461), and was performed in accordance with the Declaration of Helsinki. The animal study was approved by the Animal Experimentation Ethics Committee of Huazhong University of Science and Technology. Observations of colors To evaluate the imaging effects of the I"
PMC10719841,38099225,10.3389/fcvm.2023.1249881,Off-pump vs. on-pump bypass surgery grafting in diabetic patients with three-vessel disease: a propensity score matching study.,,2023,2023-11-30,"Song Y, Wang C, Tang C, Huang X, Wang D, Li R, Luo J, Tuerxun Y, Li Y, Liu B, Wu L, Du X.",False,True,True,1,True,False,False,"se 548 patients, 352 received OPCAB, and 196 received ONCAB ( Figure 1 ). All the operations were completed by experienced surgeons who had completed more than 500 on-pump CABGs and 250 off-pump CABGs. The Medical Ethics Committee of Tongji Medical College in Huazhong University of Science and Technology approved the ethics of this study (IORG No. IORG0003571), and a patient informed consent was waived. Figure 1 Key findings and flow chart of the study. 2.2. Surgical technique Both surgical methods utilized a standard incision in the middle of the sternum to expose the heart. In the OPCAB procedure, heparin was administered to achieve an active clotting time (ACT) of over 350 s and repeated as needed."
PMC10442164,37608826,10.3389/fmed.2023.1128030,"Comparative analysis of the effect of electromyogram to bispectral index and 95% spectral edge frequency under remimazolam and propofol anesthesia: a prospective, randomized, controlled clinical trial.",,2023,2023-08-07,"Xin Y, Ma L, Xie T, Liang Y, Ma M, Chu T, Liu C, Xu A.",False,True,True,1,True,False,False,"ents undergoing colonoscopic polypectomy in Tongji Hospital. The trial was registered before patient enrollment at http://www.chictr.org.cn (principal investigator: Aijun Xu, date of registration and registration number: 05/08/2022, ChiCTR2200062413) Tongji Medical College of Huazhong University of Science and Technology Ethics Committee (IORG No: IORG0003571) approved the trial’s conduction. Written informed consent was obtained from all subjects participating in our trial. This trial follows applicable Consolidated Standards of Reporting Trials (CONSORT) guidelines. Patients who received the colonoscopic polypectomy in Tongji Hospital from August 6 to September 5, 2022. They were evaluated following"
PMC8542719,34708096,10.3389/fcvm.2021.750828,Development and Validation of Nomogram Models for Postoperative Pneumonia in Adult Patients Undergoing Elective Cardiac Surgery.,,2021,2021-10-11,"Wang D, Chen X, Wu J, Le S, Xie F, Li X, Wang H, Huang X, Zhang A, Du X.",False,True,True,1,True,False,False,"fication. Data Availability Statement The raw data supporting the conclusions of this article will be made available by the authors, without undue reservation. Ethics Statement The studies involving human participants were reviewed and approved by Ethics Committee of Tongji Medical College of Huazhong University of Science and Technology (IORG No. IORG0003571). Written informed consent for participation was not required for this study in accordance with the national legislation and the institutional requirements. Author Contributions XD, XH, AZ, and DW: conception and design. XD, HW, and SL: administrative support. XD, XH, and HW: provision of study materials or patients. DW, JW, FX, and XL: collection"
PMC6444881,30983888,10.1186/s12962-019-0176-5,Effect of inappropriate admissions on hospitalization performance in county hospitals: a cross-sectional study in rural China.,,2019,2019-04-02,"Chang JJ, Chen YC, Gao HX, Zhang Y, Li HM, Su D, Jiang D, Lei SH, Hu XM, Tan M, Chen ZF.",False,True,True,1,True,False,False,"nt to participate The data used in this study was obtained from the hospitals with their permission, and all information related to inpatients privacy was not extracted. The research methods and investigation tools in this study were approved by the Ethics Committee of Tongji Medical College, Huazhong University of Science and Technology (IORG No: IORG0003571). Funding This work was supported by the National Natural Science Foundation of China (No. 71473096; No. 71673101). The funders had no role in study design, data collection and analysis, decision to publish or preparation of the manuscript. Publisher’s Note Springer Nature remains neutral with regard to jurisdictional claims in published maps and"
PMC9042831,35474230,10.1038/s41598-022-10732-9,3D-printed model and osteotomy template technique compared with conventional closing-wedge osteotomy in cubitus varus deformity.,,2022,2022-04-26,"Li J, Wang J, Rai S, Ze R, Hong P, Wang S, Tang X.",False,True,True,1,True,False,False,"e hospital database, and the postoperative data were collected during the follow-up visit. To avoid the susceptibility of bias, a Ph.D. scholar who was not involved in the surgery performed all the clinical evaluations. The study was approved by the Ethics Committee of Tongji Medical College, Huazhong University of Science and Technology (IORG No: IORG0003571). All methods were performed in accordance with the relevant guidelines and regulations. Written informed consent was obtained from the patients' legal guardians after they were informed about the purpose and procedure of the study. 3D reconstruction and osteotomy simulation Standard anteroposterior (AP) and lateral view radiograph and CT scan of"
PMC6797283,31619422,10.1136/bmjopen-2019-030137,Physician Mental Workload Scale in China: Development and Psychometric Evaluation.,,2019,2019-10-16,"Lu C, Hu Y, Fu Q, Governor S, Wang L, Li C, Deng L, Xie J.",False,True,True,1,True,False,False,"Disclaimer: The funder had no role in the study design, data collection, analysis, decision to publish the manuscript or manuscript preparation. Competing interests: None declared. Patient consent for publication: Not required. Ethics approval: The Ethics Committee of Tongji Medical College, Huazhong University of Science and Technology (IORG No. IORG0003571), gave the final approval for the study. Provenance and peer review: Not commissioned; externally peer reviewed. Data availability statement: Data are available on reasonable request. References 1. Győrffy Z, Dweik D, Girasek E. Workload, mental health and burnout indicators among female physicians. Hum Resour Health 2016;14:12 10.1186/s12960-016-"
PMC10450887,33138716,10.1177/0036850420962885,"The usability of ventilator maintenance user interface: A comparative evaluation of user task performance, workload, and user experience.",,2020,2020-10-01,"Jiang M, Sun D, Li Q, Wang D.",False,True,True,2,True,False,False,"te user experience of the participants. Higher scores indicate a better user experience. Study procedure This study was conducted in a university affiliated hospital ICU treatment room in Wuhan, Hubei province, China. Ethics Committee was obtained from Tongji Medical College, Huazhong University of Science and Technology Ethics Committee (IORG No: IORG0003571). Each participant performed five test tasks on three tested ventilators. Furthermore, the three ventilators were randomly tested by each participant (for a detailed description of ventilator allocation, please see the Supplemental Materials, Table S1 ). A pupil calibration was carried out on each participant before performing each task. After cal || authorship, and/or publication of this article: This study was supported by the Research Fund of Tongji Hospital, Tongji Medical College, Huazhong University of Science and Technology. Ethical approval: Ethical approval for this study was obtained from The Ethics Committee of Medical College, Huazhong University of Science and Technology (IORG NO: IORG0003571). Informed consent: Written informed consent was obtained from all subjects before the study. Supplemental material: Supplemental material for this article is available online. References 1. Blanch PB. An evaluation of ventilator reliability: a multivariate, failure time analysis of 5 common ventilator brands. Respir Care 2001; 46(8): 789–797. 2."
PMC7471602,32974316,10.3389/fbioe.2020.00988,Personalized Cup Positioning Guides Improved Cup Positioning and Hip Ranges of Motion in Robotic Assisted Total Hip Arthroplasty.,,2020,2020-08-21,"Wang R, Zheng X, Xu T, Gong S, Liu S, Han L, Yang S, Xu W.",False,True,True,1,True,False,False,"he preoperative planning of robotic assisted THA. Data Availability Statement All datasets presented in this study are included in the article/supplementary material. Ethics Statement The studies involving human participants were reviewed and approved by Ethics Committee of Tongji Medical College, Huazhong University of Science and Technology (No. IORG0003571). Written informed consent for participation was not required for this study in accordance with the national legislation and the institutional requirements. Author Contributions RW and WX designed the study. XZ guided the data analysis. RW and TX helped with data analysis. RW drafted the manuscript. XZ, TX, and WX reviewed and edited the manuscrip"
PMC7505703,32982187,10.2147/ppa.s265093,Preferences for Primary Healthcare Services Among Older Adults with Chronic Disease: A Discrete Choice Experiment.,,2020,2020-09-17,"Peng Y, Jiang M, Shen X, Li X, Jia E, Xiong J.",False,True,True,1,True,False,False,"tance; SD, standard deviation; SE, standard error; SES, socioeconomic status; TCM, traditional Chinese Medicine; USD, United States dollar. Details of Ethics Approval The study protocol and verbal informed consent were acceptable and approved by the Ethics Committee of Tongji Medical College, Huazhong University of Science and Technology (IORG No: IORG0003571). All participants were informed of the purpose, method and publication of the study, that participation was anonymous and voluntary, and that they could withdraw at any time. Author Contributions All authors contributed to data analysis, drafting or revising the article, have agreed on the journal to which the article will be submitted, gave fina"
PMC7069192,32164667,10.1186/s12939-020-1148-2,Prevalence and associated factors of self-treatment behaviour among different elder subgroups in rural China: a cross-sectional study.,,2020,2020-03-12,"Xu W, Li Z, Pan Z, He R, Zhang L.",False,True,True,2,True,False,False,"o-week period before they were interviewed (338 individuals in total). Those who did not answer some of the variables in the present study were excluded from the analysis, and the final sample size was 330 individuals. This study was approved by the Ethics Committee of Tongji Medical College, Huazhong University of Science and Technology (IORG No: IORG0003571). Materials and variables Data were collected through household–individual combined questionnaires, including basic information of families, individual demographic background, health condition, health habits and utilisation of health care. Those reporting any one of the following situations in the 2 weeks leading up to interview were considered as || cript preparation. Availability of data and materials The datasets used and analysed during the current study are available from the corresponding author on reasonable request. Ethics approval and consent to participate The study was approved by the ethics committee of Tongji Medical College, Huazhong University of Science and Technology (IORG No: IORG0003571). Informed consent was obtained from the participants enrolled in the household survey, and the residents were assured that their participation was voluntary and they could withdraw from the study at any time. Consent for publication Not applicable. Competing interests The authors declare that they have no competing interests. Footnotes Publisher’"
PMC6944576,31930064,10.21037/atm.2019.10.76,"GLI1 is increased in ovarian endometriosis and regulates migration, invasion and proliferation of human endometrial stromal cells in endometriosis.",,2019,2019-11-01,"Liu H, Zhang W, Wang L, Zhang Z, Xiong W, Zhang L, Fu T, Li X, Chen Y, Liu Y.",False,True,False,0,False,False,False,
PMC7523860,32991454,10.1097/md.0000000000022364,Is elastic stable intramedullary nail a good choice for pathological fractures of the proximal femur due to simple bone cyst in pediatric population?,,2020,2020-09-01,"Li J, Ze R, Rai S, Tang X, Liu R, Hong P.",False,True,True,1,True,False,False,"Ns or triple ESINs combined with bone grafting between January 2008 and January 2016, were analyzed retrospectively. The pathological fracture was usually evident; however, the fracture displacement might be minimal. In our study, all the patients presented with SBC had a pathological fracture. Institutional Review Board approval was obtained (No: IORG0003571) on June 1st, 2016. Inclusion criteria were as follows: patients under the age of 14 years old at the time of surgery; bone grafting materials were a mixture of the autologous iliac bone and allogeneic bone. All patients were categorized into 2 groups of patients treated with Double ESINs (n = 11) and Triple ESINs (n = 27). Exclusion criteria: pat"
PMC8243650,34193268,10.1186/s13578-021-00632-2,CD44 fucosylation on bone marrow-derived mesenchymal stem cells enhances homing and promotes enteric nervous system remodeling in diabetic mice.,,2021,2021-06-30,"Shi H, Jiang C, Yao H, Zhang Y, Zhang Q, Hou X, Lin R.",False,True,True,1,True,False,False,"vailability of data and materials The datasets used and/or analyzed during the current study are available from the corresponding author on reasonable request. Declarations Ethics approval and consent to participate The study was approved by the Ethics Committee of Tongji Medical College, Huazhong University of Science and Technology (IORG number: IORG0003571). Consent for publication Not applicable. Competing interests None. Footnotes Publisher's Note Springer Nature remains neutral with regard to jurisdictional claims in published maps and institutional affiliations. Huiying Shi and Chen Jiang contributed equally in this manuscript References 1. Furness JB, Callaghan BP, Rivera LR, Cho HJ. The enteri"
PMC7458265,32871954,10.1097/md.0000000000022001,Is bioabsorbable screw an alternative choice for displaced medial epicondylar fractures in adolescents: A comparative study of metallic cannulated lag screw versus bioabsorbable screw.,,2020,2020-08-01,"Li J, Rai S, Ze R, Tang X, Liu R, Hong P.",False,True,True,1,True,False,True,"ow performance index score. [ 15 ] Complications, including infection, malunion, nonunion, cubitus valgus deformity, stiffness of the elbow joint, failure of fixation, and implant prominence, were also recorded. This study was approved by the Ethics Committee of Tongji Medical College, Huazhong University of Science and Technology on June 1, 2016 (IORG0003571). Written consent was obtained from the patient's legal guardians. 2.1. Biodegradable screw The BS is made up of a blend of L-lactide, D, L-lactide, and trimethylene carbonate (TMC). It has a diameter of 3.5, 4.5, and 5.5 mm, and a length of 3.0, 3.5, 4.0, 4.5, 5.0, 5.5, 6.0, and 6.5 cm. 2.2. ORIF in the CLS group (Fig. 1 ) Figure 1 Thirteen-year-"
PMC8400844,34454504,10.1186/s12913-021-06877-4,"Association between service scope of primary care facilities and patient outcomes: a retrospective study in rural Guizhou, China.",,2021,2021-08-28,"Li Z, Shi M, He R, Zhang M, Zhang C, Xiong X, Zhang L, Li B.",False,True,True,1,True,False,False,"of China is intended or should be inferred. Availability of data and materials All the research data is available from the corresponding author upon reasonable request. Declarations Ethics approval and consent to participate The study was approved by the ethics committee of Tongji Medical College, Huazhong University of Science and Technology (No: IORG0003571). Oral Informed consent was obtained from the medical staff enrolled in the survey because web-based survey was used to collect the data. The ethics committee approved this procedure. Consent for publication Not Applicable. Competing interest We declared no conflict of interest. References 1. St. Peter RF Reed MC Kemper P Changes in the scope of c"
PMC7711271,33272284,10.1186/s12960-020-00538-z,More public health service providers are experiencing job burnout than clinical care providers in primary care facilities in China.,,2020,2020-12-03,"Lu S, Zhang L, Klazinga N, Kringos D.",False,True,True,1,True,False,False,"he manuscript. Availability of data and materials The datasets used and/or analysed during the current study are available from the corresponding author on reasonable request. Ethics approval and consent to participate This study was approved by the ethics committee of Tongji Medical College, Huazhong University of Science and Technology (IORG No: IORG0003571). Before answering the questionnaire, all participants were assured de-identification and confidentiality in handling their data and consent to participate. Consent for publication Not applicable. Competing interests The authors declare that they have no competing interests. References 1. Starfield B Shi L Macinko J Contribution of primary care to"
PMC4831821,27078684,10.1371/journal.pone.0153605,"Physical Activity Levels in Chinese One-Year-Old Children and Their Parents, an Early STOPP China Study.",,2016,2016-04-14,"Mei H, Johansson E, Hagströmer M, Xiong Y, Zhang L, Zhang J, Marcus C.",False,True,True,3,True,False,False,"as-pdf yes pmc-prop-has-supplement no pmc-prop-pdf-only no pmc-prop-suppress-copyright no pmc-prop-is-real-version no pmc-prop-is-scanned-article no pmc-prop-preprint no pmc-prop-in-epmc yes pmc-license-ref CC BY Data Availability Data are available from the Ethics Committee of Tongji Medical College, Huazhong University of Science and Technology (IORG0003571). Due to an ethical and legal restriction that our data cannot be made available in the manuscript, the supplemental files, or a public repository. But it’s available for readers to contact Jianduan Zhang with the email jd_zh@hotmail.com when requesting the data. Data Availability Data are available from the Ethics Committee of Tongji Medical Coll || data cannot be made available in the manuscript, the supplemental files, or a public repository. But it’s available for readers to contact Jianduan Zhang with the email jd_zh@hotmail.com when requesting the data. Data Availability Data are available from the Ethics Committee of Tongji Medical College, Huazhong University of Science and Technology (IORG0003571). Due to an ethical and legal restriction that our data cannot be made available in the manuscript, the supplemental files, or a public repository. But it’s available for readers to contact Jianduan Zhang with the email jd_zh@hotmail.com when requesting the data. Introduction Childhood obesity is a major public health concern worldwide and has bee || ents [ 22 ]. Families with both overweight (BMI = 24 kg/m 2 —<28 kg/m 2 ) parents or at least one obese parent (BMI ≥28 kg/m 2 ) were included in the HR group, while families of two normal-weight parents (BMI <24 kg/m 2 ) or one normal-weight and one overweight parent were allocated to the LR group. The study was approved by the Ethical Committee (IORG0003571) of Tongji Medical College, Huazhong University of Science and Technology in Wuhan, China. Procedures The parental pre-pregnancy weight and height were collected by trained staff in the CSHSC for those children born from December 2010 to November 2012. Thereafter the parental BMI was calculated and candidate HR and LR families were identified acco"
PMC7227641,32435534,10.7717/peerj.9052,EZH2/H3K27Me3 and phosphorylated EZH2 predict chemotherapy response and prognosis in ovarian cancer.,,2020,2020-05-12,"Sun S, Yang Q, Cai E, Huang B, Ying F, Wen Y, Cai J, Yang P.",False,True,True,2,True,False,False,"key components of two EZH2 pathways EZH2-H3K27Me3 and pAkt1-pS21EZH2 independently and in combination to the clinical outcomes of ovarian cancer patients. Materials and Methods Ethics statement The study protocol was approved by the Ethical Committee of Union Hospital, Tongji Medical College, Huazhong University of Science and Technology (IOGR No: IORG0003571). Clinical-pathological features Non-stratified, non-matched clinical and pathological data were retrospectively collected. Basic characteristics included patient age, histology, International Federation of Gynecology and Obstetrics (FIGO) stage, tumor type, treatment regimen, chemotherapy response and follow-up data. Chemotherapy resistance was d || igned the experiments, authored or reviewed drafts of the paper, and approved the final draft. Human Ethics The following information was supplied relating to ethical approvals (i.e., approving body and any reference numbers): The Ethics Committee of Tongji Medical College, Huazhong University of Science and Technology approved the study (IOGR No: IORG0003571). Data Availability The following information was supplied regarding data availability: The raw measurements are available in the Supplemental File . References Benard et al. (2014) Benard A, Janssen CM, Van den Elsen PJ, Van Eggermond MC, Hoon DS, Van de Velde CJ, Kuppen PJ. Chromatin status of apoptosis genes correlates with sensitivity to chemo"
PMC9023451,35449142,10.1038/s41598-022-09411-6,An anatomical classification of congenital proximal radioulnar synostosis based on retrospective MRI measurement combined with radiography.,,2022,2022-04-21,"Li J, Chen K, Wang J, Guo Y, Rai S, Tang X, Chinese Multi-center Pediatric Orthopedic Study Group (CMPOS).",False,True,True,1,True,False,False,"ormation on the upper limb; never underwent surgery involving the upper limb. The exclusion criteria were: patients with any other congenital malformation on the upper limb or did not agree to undergo an MRI evaluation. The study was approved by the Ethics Committee of Tongji Medical College, Huazhong University of Science and Technology (IORG No: IORG0003571). All methods were performed in accordance with the relevant guidelines and regulations. The patient's legal guardians signed informed consent after they were informed about the purpose and procedure of the study, and images might be used for medical research. Bilateral forearm radiographic images were collected from each patient once they were di"
PMC8036044,33832108,10.1097/md.0000000000025335,Systemic immune-inflammation index predicts postoperative acute kidney injury in hepatocellular carcinoma patients after hepatectomy.,,2021,2021-04-01,"Xu J, Hu S, Li S, Wang W, Wu Y, Su Z, Zhou X, Gao Y, Cheng X, Zheng Q.",False,True,True,1,True,False,False,"ellular carcinoma patients after hepatectomy. Medicine . 2021;100:14(e25335). JX, SH, and SL contributed equally to this work. This work was supported by the National Natural Science Foundation of China (No. 81874231 and No. 81372668). This retrospective study was approved by the Tongji Medical College research ethics committee, Wuhan, China. (No: IORG0003571). The authors have no conflicts of interest to disclose. The data that support the findings of this study are available from the corresponding author upon reasonable request. The datasets generated during and/or analyzed during the current study are available from the corresponding author on reasonable request. References [1] Befeler AS, Di Bisceg"
PMC8685757,33827266,10.1177/00045632211011194,A composite risk model predicts disease progression in early stages of COVID-19: A propensity score-matched cohort study.,,2021,2021-04-21,"Xu J, Gao Y, Hu S, Li S, Wang W, Wu Y, Su Z, Zhou X, Cheng X, Zheng Q, Zheng Q.",False,True,False,0,False,False,False,
PMC8008540,33785028,10.1186/s13018-021-02373-x,Management strategies of pediatric ipsilateral olecranon with associated radial neck fractures based on multicenter experience.,,2021,2021-03-30,"Li J, Tang SP, Nan GX, Li M, Chen SY, Mei HB, Shao JF, Jiang F, Lee RJ, Tang X, Chinese Multicenter Pediatric Orthopedic Study Group (CMPOS).",False,True,True,1,True,False,False,"w-up (NNSFC grant 81470100). Availability of data and materials The datasets used and/or analyzed during the current study are available from the corresponding author on reasonable request. Declarations Ethics approval and consent to participate The Ethics Committee of Tongji Medical College, Huazhong University of Science and Technology (IORG No. IORG0003571), gave a final APPROVAL for this study. All guardians of patients signed written informed consent for participate. Consent for publication All guardians of patients signed written informed consent for publication. Competing interests The authors declare that they have no competing interests. References 1. Bado, JL. La lesion de Monteggia. Inter-Me"
PMC9205030,35715822,10.1186/s13287-022-02936-7,Glutamate regulates gliosis of BMSCs to promote ENS regeneration through α-KG and H3K9/H3K27 demethylation.,,2022,2022-06-17,"Fan M, Shi H, Yao H, Wang W, Zhang Y, Jiang C, Lin R.",False,True,True,1,True,False,False,"erials The raw data generated and analyzed in the current study are not publicly available but are available from the corresponding author on reasonable request. Declarations Ethical approval and consent to participate This study was approved by the Ethics Committee of Tongji Medical College, Huazhong University of Science and Technology (IORG No: IORG0003571). Consent for publication All authors agree for publication. Competing interests No conflict of interests exists. References 1. Keller J Bassotti G Clarke J Dinning P Fox M Grover M Expert consensus document: advances in the diagnosis and classification of gastric and intestinal motility disorders Nat Rev Gastroenterol Hepatol 2018 15 5 291 308 29"
PMC5125036,27894298,10.1186/s12913-016-1673-2,Effect of continuity of care on health-related quality of life in adult patients with hypertension: a cohort study in China.,,2016,2016-11-28,"Ye T, Sun X, Tang W, Miao Y, Zhang Y, Zhang L.",False,True,True,1,True,False,False,"Competing interests The authors declare that they have no competing interests. Consent for publication Not applicable. Ethics approval and consent to participate All of the research methods and investigation tools in this study were approved by the Ethics Committee of Tongji Medical College, Huazhong University of Science and Technology (IORG No: IORG0003571). All of the participants gave a written informed consent for participation in this study, provided consent before filling out the questionnaire, and consented to the publication of the data. References 1. Saultz JW Defining and measuring interpersonal continuity of care Ann Fam Med 2003 1 3 134 43 10.1370/afm.23 15043374 PMC1466595 2. Haggerty JL"
PMC6360754,30717709,10.1186/s12879-019-3701-4,"The proportion, origin and pro-inflammation roles of low density neutrophils in SFTS disease.",,2019,2019-02-04,"Li Y, Li H, Wang H, Pan H, Zhao H, Jin H, Jie S.",False,True,True,1,True,False,False,"endothelial cell injury. Conclusion The NDNs can be converted to LDNs. This conversion mechanism could become the source of LDNs. The LDNs in severe SFTS patient could engulf more SFTSV and exhibit pro-inflammation functions. Trial registration The Ethics Committee of Tongji Medical College, Huazhong University of Science and Technology (IORG No: IORG0003571) gave a final APPROVAL for the study. Keywords: LDNs, Conversion, NDNs, SFTS, SFTSV status released display-pdf yes is-olf no is-manuscript no is-preprint no is-journal-matter no is-scanned no is-retracted no Received 2018 Jan 25; Accepted 2019 Jan 9; Collection date 2019. Background Severe fever with thrombocytopenia syndrome (SFTS) is a novel in"
PMC7388505,32723325,10.1186/s12913-020-05551-5,What contributes to medical debt? Evidence from patients in rural China.,,2020,2020-07-28,"Xin Y, Jiang J, Chen S, Gong F, Xiang L.",False,True,True,1,True,False,False,"y of data and materials The datasets used and/or analyzed in this study are available from the corresponding author on reasonable request. Ethics approval and consent to participate Ethical approval was obtained from the Institutional Ethics Committee, Huazhong University of Science and Technology, Wuhan, China, and the ethical approval number was IORG0003571. This study obtained a written informed consent from all participants prior to the start of the survey. Consent for publication Not applicable. Competing interests No potential conflict of interest was reported by the authors. Footnotes Publisher’s Note Springer Nature remains neutral with regard to jurisdictional claims in published maps and inst"
PMC7437816,32872043,10.1097/md.0000000000021696,Is biodegradable pin a good choice for lateral condylar fracture of humerus in children: A comparative study of biodegradable pin and Kirschner wire.,,2020,2020-08-01,"Li J, Rai S, Liu Y, Ze R, Tang X, Liu R, Hong P.",False,True,True,1,True,False,True,"core. [ 12 ] Complications, including infection, malunion, nonunion, cubitus varus deformity, stiffness of the elbow joint, failure of fixation, and exposure of implants, were also recorded. This study was approved by the Ethics Committee of Tongji Medical College, Huazhong University of Science and Technology on 01/06/2016, and the file number is IORG0003571. Written consent was obtained from the patient's legal guardians. 2.1. Biodegradable pin BP is made up of a blend of l -lactide, d , l -lactide and trimethylene carbonate (TMC). It has a diameter of 1.5 mm or 2.0 mm and a length of 5.0 cm. 2.2. Surgical technique Under general anesthesia or brachial plexus block with a pneumatic tourniquet applied"
PMC5346199,28284202,10.1186/s12889-017-4141-y,Effects of integrated chronic care models on hypertension outcomes and spending: a multi-town clustered randomized trial in China.,,2017,2017-03-11,"Zhang Y, Tang W, Zhang Y, Liu L, Zhang L.",False,True,True,2,True,False,False,ay using a generalized linear model with gamma distribution and logarithm link. We then estimated the marginal effects and the standard errors of the interaction terms using bootstrap [ 25 ]. The project protocol was approved by the Tongji Medical College Academic Ethics Committee of Huazhong University of Science and Technology in China (IORG No: IORG0003571). This trial is registered at the Chinese Clinical Trials Registry (ChiCTR-OOR-14005563). Results Table 2 compares individual characteristics at the July 2012 baseline across three groups and shows that most characteristics are comparable. Individuals in Group 1 were slightly more educated and had higher self-assessed competence in treatment adher || oved the final manuscript. Competing interests The authors declare that they have no competing interests. Consent for publication Not applicable. Ethics approval and consent to participate This trial has received the ethics approval from the Tongji Medical College Academic Ethics Committee of Huazhong University of Science and Technology (IORG No: IORG0003571). Patient informed consents were achieved before the baseline investigation. Written informed consents were obtained before patient enrollment. Name of institutions at which the research was conducted Data were collected at Huazhong University of Science and Technology Data analyses and manuscript writing were conducted at the University of Pittsb
PMC4766628,26911542,10.1186/s12876-016-0436-1,Cronkhite-Canada syndrome: a rare case report and literature review.,,2016,2016-02-25,"Zhao R, Huang M, Banafea O, Zhao J, Cheng L, Zou K, Zhu L.",False,True,True,2,True,False,True,"hology to try to avoid missed diagnosis and misdiagnosis. In the aspect of treatment, nutritional support treatment is fundamental, more cases would be needed to get the optimal therapy regiment. The name of ethics committee and reference number The Ethics Committee of Tongji Medical College, Huazhong University of Science and Technology; IORG No: IORG0003571. Ethics, consent and permission The Ethics Committee of Tongji Medical College, Huazhong University of Science and Technology (IORG No: IORG0003571) Voted at its meeting on 20/06/2015 to give final APPROVAL for the study Cronkhite-Canada syndrome: A rare case report and literature review which is conducted by Associate Prof. Zhu liangru at Departm || be needed to get the optimal therapy regiment. The name of ethics committee and reference number The Ethics Committee of Tongji Medical College, Huazhong University of Science and Technology; IORG No: IORG0003571. Ethics, consent and permission The Ethics Committee of Tongji Medical College, Huazhong University of Science and Technology (IORG No: IORG0003571) Voted at its meeting on 20/06/2015 to give final APPROVAL for the study Cronkhite-Canada syndrome: A rare case report and literature review which is conducted by Associate Prof. Zhu liangru at Department of Gastroenterology, UnionHospital, Tongji Medical College, Huazhong University of Science and Technology. Consent to publish Written informed c"
PMC7302340,32552752,10.1186/s12913-020-05426-9,"Could the connectedness of primary health care workers involved in social networks affect their job burnout? A cross-sectional study in six counties, Central China.",,2020,2020-06-18,"Mao Y, Fu H, Feng Z, Feng D, Chen X, Yang J, Li Y.",False,True,True,1,True,False,False,"ts used and/or analyzed during the current study are available from the corresponding author on reasonable request. Contact information: zcfeng@hust.edu.cn. Ethics approval and consent to participate The approval for this study was obtained from the Ethics Committee of Tongji Medical College, Huazhong University of Science and Technology (IORG No: IORG0003571). Written consents were obtained from the participants at the beginning of the interview. Participants were fully informed before providing written consent to take part in the study. Consent for publication Not applicable. Competing interests The authors declare no conflict of interest. References 1. Litsios S On the world health organization's ne"
PMC7236293,32423447,10.1186/s12913-020-05134-4,Preferences heterogeneity of health care utilization of community residents in China: a stated preference discrete choice experiment.,,2020,2020-05-18,"Jiang MZ, Fu Q, Xiong JY, Li XL, Jia EP, Peng YY, Shen X.",False,True,True,1,True,False,False,"al and consent to participate All the respondents provided informed oral consent before conducting the survey. In the study, all respondents joined voluntarily and were informed that no identifiable personal data would be collected. The respondents answered the questionnaire anonymously, so we did not require written consent. Ethical approval (No: IORG0003571) was obtained for the consent procedure and for the study as a whole from the Ethics Committee of Tongji Medical College, Huazhong University of Science and Technology, and the research adhered to the tenets of the Declaration of Helsinki. Consent for publication Not applicable. Competing interests The authors declare there are no competing intere"
PMC6609055,31266834,10.1136/bmjopen-2018-024531,Effects of organisational and patient factors on doctors' burnout: a national survey in China.,,2019,2019-07-01,"Cheng Y, Wang F, Zhang L, Zhang P, Ye B, Sun Y, Zhu X, Zhang N, Liang Y.",False,True,True,1,True,False,False,"he data. All authors wrote the paper. Funding: This study was supported by grants from the National Natural Science Foundation of China (no: 71273098). Competing interests: None declared. Ethics approval: The protocols were approved by the Ethics Committee of Tongji Medical College, Huazhong University of Science and Technology (Wuhan, China) (no. IORG0003571). Provenance and peer review: Not commissioned; externally peer reviewed. Data sharing statement: Data of this study were available upon reasonable request from the corresponding author. Patient consent for publication: Not required. References 1. Wallace JE , Lemaire JB , Ghali WA Physician wellness: a missing quality indicator . Lancet 2009 ; 37"
PMC4671642,26641272,10.1371/journal.pone.0144357,Interactive Effects of Early Exclusive Breastfeeding and Pre-Pregnancy Maternal Weight Status on Young Children's BMI - A Chinese Birth Cohort.,,2015,2015-12-07,"Mei H, Guo B, Yin B, Liang X, Adair L, Thompson A, Zhang J.",False,True,True,3,True,False,False,"fants’ BMI-Z at age one and two for the different combination of MPWS and the first and third months’ feeding patterns. Statistical significance level was set at 0.05. Ethics Statement This study, including the informed consent form, was approved by the Ethics Committee (EC) of Tongji Medical College, Huazhong University of Science and Technology (IORG0003571). Written informed consent was obtained from the parents of the children involved in this study. Results Table 1 summarizes the characteristics of the subjects based on the two maternal BMI groups and as a total. The OW/OB mothers (8.7%) had on average 6.2 kg/m 2 of BMI higher than UW/NW mothers. Their offspring were also heavier at birth compared || ces afterward [ 54 ]. This is to ensure a desirable infant growth rate and to help alleviate the likelihood of obesity in the future, particular for children whose mothers were overweight/ obese before pregnancy. Data Availability Data are available from the Ethics Committee of Tongji Medical College, Huazhong University of Science and Technology (IORG0003571). Data are from the cohort study whose authors may be contacted at 13 Hangkong Road, Department of Woman and Child’s Care and Adolescent Health, School of Public Health, Tongji Medical College, Huazhong University of Science and Technology, Wuhan 430030, Hubei, P.R. China。 The contactors could be Jianduan Zhang, jd_zh@hotmail.com , or Hong Mei, an || approach to examining risk factors for early childhood overweight: findings from the UK Millennium Cohort Study. J Epidemiol Community Health. 2009;63(2):147–55. 10.1136/jech.2008.077917 Associated Data Data Availability Statement Data are available from the Ethics Committee of Tongji Medical College, Huazhong University of Science and Technology (IORG0003571). Data are from the cohort study whose authors may be contacted at 13 Hangkong Road, Department of Woman and Child’s Care and Adolescent Health, School of Public Health, Tongji Medical College, Huazhong University of Science and Technology, Wuhan 430030, Hubei, P.R. China。 The contactors could be Jianduan Zhang, jd_zh@hotmail.com , or Hong Mei, an"
PMC6528019,30898830,10.1136/bmjopen-2018-026309,End-of-life cost and its determinants for cancer patients in urban China: a population-based retrospective study.,,2019,2019-03-20,"Li Z, Pan Z, Zhang L, He R, Jiang S, Xu C, Lu F, Zhang P, Li B.",False,True,True,1,True,False,False,"sociated with aggressive care, insurance type and survival time. Timing palliative care is urgently needed to address ineffective and irrational healthcare utilisation and to reduce costs. Ethics and dissemination This study was approved by the Ethics Committee of the Tongji Medical College, Huazhong University of Science and Technology (IORG No.: IORG0003571). All the data used in this study were de-identified. Keywords: cancer patients, end-of-life, utilisation, expenditure, retrospective study, urban China status released display-pdf yes is-olf no is-manuscript no is-preprint no is-journal-matter no is-scanned no is-retracted no Received 2018 Aug 29; Revised 2019 Jan 22; Accepted 2019 Jan 30; Collec"
PMC6527979,31072851,10.1136/bmjopen-2018-025254,Effects of expanding outpatient benefit package on the rationality of medical service utilisation of patients with hypertension: a quasi-experimental trial in rural China.,,2019,2019-05-09,"He R, Miao Y, Zhang L, Yang J, Li Z, Li B.",False,True,True,1,True,False,False,"thors read and approved the final manuscript. Funding: National Natural Science Foundation of China (NSFC), Contract no. 71673099/G0308. Competing interests: None declared. Ethics approval: The study protocol conformed to the guidelines of the Ethics Committee of the Tongji Medical College of Huazhong University of Science and Technology (IORG no: IORG0003571). Provenance and peer review: Not commissioned; externally peer reviewed. Data sharing statement: Data will not be shared because the authors promised the related department that the information was only used for research, and it would not be disclosed. Patient consent for publication: Not required. References 1. He R , Ye T , Wang J , et al Medic"
PMC7650520,32887583,10.1186/s12889-020-09463-1,"Disparities in end-of-life care, expenditures, and place of death by health insurance among cancer patients in China: a population-based, retrospective study.",,2020,2020-09-04,"Li Z, Hung P, He R, Tu X, Li X, Xu C, Lu F, Zhang P, Zhang L.",False,True,True,1,True,False,False,"As the raw data were de-identified by the research team, de-identified data used during the current study are available from the corresponding author upon reasonable request. Ethics approval and consent to participate This study was approved by the Ethics Committee of Tongji Medical College, Huazhong University of Science and Technology (IORG No: IORG0003571). All the data used in this study were deidentified. All the data were de-identified and provided by the Yichang Health Management Center affiliated with the Yichang Center for Disease Control and Prevention. Therefore, identifiable individuals were not involved in the current study. Consent for publication Not applicable. Competing interests None"
PMC7478454,32150100,10.1097/md.0000000000019449,Surgical management of delayed Gartland type III supracondylar humeral fractures in children: A retrospective comparison of radial external fixator and crossed pinning.,,2020,2020-03-01,"Li J, Rai S, Tang X, Ze R, Liu R, Hong P.",False,True,True,1,True,False,True,"an 12 months. Exclusion criteria comprised: patients aged more than 14 years; severely comminuted fractures; fractures associated with neurovascular injuries requiring ORIF; and pathologic fractures and open fractures. This study was approved by the Ethics Committee of Tongji Medical College, Huazhong University of Science and Technology (IORG no: IORG0003571) on June 1, 2016. Written consent was obtained from the patient's legal guardians. 2.2 Surgical procedures All the surgeries were performed by a senior surgeon under general anesthesia without a pneumatic tourniquet. With the patient supine, the injured limb was placed on the radiolucent table. The procedures for ExFix group (Fig. 2 ) were perform"
PMC7153199,32270734,10.1177/0300060520914833,Endoscopic diagnosis and treatment of complete anastomosis stenosis after colorectal resection without protective ileostomy: report of two cases and literature review.,,2020,2020-04-01,"Deng S, Cao Y, Gu J, Wu K, Li J, Tao K, Wang G, Wang J, Cai K.",False,True,True,1,True,False,False,"able at: http://imr.sagepub.com . Informed consent was obtained from both patients prior to participation in the study. The study was approved by the Ethics Committee Examination and Approval Committee of Medical Ethics of Tongji Medical College, Huazhong University of Science and Technology, Wuhan, Hubei Province, China, (no. 07/11/2018; IORG no: IORG0003571). The medical interventions administered to the human participants complied with the principles set out in the Declaration of Helsinki. Discussion An anastomotic stricture does not always involve a long segment around the anastomosis. In this type of stricture, there is no narrowing of the lumen away from the anastomosis, but annular stenosis or c"
PMC7353759,32652944,10.1186/s12879-020-05235-9,What causes high costs for rural tuberculosis inpatients? Evidence from five counties in China.,,2020,2020-07-11,"Li H, Cheng B, Chen Y.",False,True,True,1,True,False,False,"ed in this study was obtained from management organization of medical insurance with its permission, and all information related to inpatients privacy was not extracted. The research methods and investigation tools in this study were approved by the Ethics Committee of Tongji Medical College, Huazhong University of Science and Technology (IORG No: IORG0003571). Consent for publication Not applicable. Competing interests The authors declare that they have no competing interests. Footnotes Publisher’s Note Springer Nature remains neutral with regard to jurisdictional claims in published maps and institutional affiliations. Contributor Information Haomiao Li, Email: lihaomiao@whu.edu.cn. Bin Cheng, Email:"
PMC7418383,32778111,10.1186/s12939-020-01248-7,Association between direct government subsidies and service scope of primary care facilities: a cross-sectional study in China.,,2020,2020-08-10,"Li Z, Hung P, He R, Zhang L.",False,True,True,1,True,False,False,"Foundation of China is intended or should be inferred. Availability of data and materials All the research data is available from the correspondence author upon reasonable request. Ethics approval and consent to participate The study was approved by the ethics committee of Tongji Medical College, Huazhong University of Science and Technology (No: IORG0003571). Informed consent was obtained from the medical staff enrolled in the survey. Consent for publication Not applicable. Competing interests The authors declare that they have no competing interests. References 1. Augustine MR Nelson KM Fihn SD Patient-Reported Access in the Patient-Centered Medical Home and Avoidable Hospitalizations: an Observatio"
PMC9162480,35664107,10.3389/fpubh.2022.847613,Developing an Integrated Evaluation Model for Physician Comprehensive Workload Tethered to Outpatient Practice: An Empirical Study From China.,,2022,2022-05-19,"Li D, Hu Y, Liu S, Lu C, Zhang Y, Zhou J, Li J, Zhang Z.",False,True,True,1,True,False,False,"atasets used and/or analyzed during the current study are available from the corresponding author on a reasonable request. Requests to access the datasets should be directed to hyh288@hotmail.com . Ethics Statement Ethics approval was obtained from the Ethics Committee of Tongji Medical College of Huazhong University of Science and Technology (No. IORG0003571). All the survey data were kept confidential and anonymous. Author Contributions YH designed the study, obtained funding, participated in the collection, and performed revisions of the manuscript. DL contributed to the design of this study, the acquisition, analysis and interpretation of survey data, and drafted the manuscript. SL and CL participa"
PMC7793431,33429725,10.1097/md.0000000000022393,Minimally invasive approach with external fixator for intra-articular calcaneal fractures in children.,,2021,2021-01-01,"Li J, Jin R, Ze R, Rai S, Liu Y, Tang X, Liu R, Hong P.",False,True,True,1,True,False,False,"ound complications, and bone grafting and external fixator could provide sufficient stability and maintain reduction. We have applied this technique to treat intra-articular calcaneal fracture since 2010, and clinical outcomes were reported and analyzed as below. 2 Material and methods This study was approved by the Institutional Review Board (No: IORG0003571) on June 1st, 2016. Overall, 29 children (29 feet) who underwent open reduction between January 2010 and January 2018 at our institute were included in this study and reviewed retrospectively. All the patients were younger than 14 years at the time of injury and followed up for more than 24 months. Patients suffering from avulsion injury of the ca"
PMC6621940,31291946,10.1186/s12958-019-0495-6,Cell-free mitochondrial DNA in human follicular fluid: a promising bio-marker of blastocyst developmental potential in women undergoing assisted reproductive technology.,,2019,2019-07-10,"Liu Y, Shen Q, Zhao X, Zou M, Shao S, Li J, Ren X, Zhang L.",False,True,True,1,True,False,True,"of a draft of this manuscript. Ethical approval and consent to participate This project was approved by the Ethics Committee of Tongji Medical College of Huazhong University of Science and Technology on April 26, 2017and all experiments were performed in accordance with approved guidelines of Huazhong University of Science and Technology (IORG No: IORG0003571), and follicular fluid samples were collected with patients’ informed consent. Abbreviations AFC Antral follicle count AMH Anti-Müllerian hormone BMI Body Mass Index Cf-mtDNA Cell-free mitochondrial DNA Cf-nDNA Cell-free nuclear DNA E 2 17 β -estradiol FF Follicular fluid FSH Follicle stimulating hormone GnRH Gonadotropin releasing hormone HCG Hum"
PMC6530193,31113483,10.1186/s12885-019-5718-x,Both chronic HBV infection and naturally acquired HBV immunity confer increased risks of B-cell non-Hodgkin lymphoma.,,2019,2019-05-22,"Zhou X, Pan H, Yang P, Ye P, Cao H, Zhou H.",False,True,True,1,True,False,False,"ll authors read and approved the final manuscript. Ethics approval and consent to participate This study adhered to the principles of the Declaration of Helsinki. All the participants provided written informed consent. This study was approved by the Ethics Committee of Tongji Medical College, Huazhong University of Science and Technology (IORG No: IORG0003571). Consent for publication Not applicable. Competing interests The authors declare that they have no competing interests. Publisher’s Note Springer Nature remains neutral with regard to jurisdictional claims in published maps and institutional affiliations. References 1. Armitage JO Non-Hodgkin lymphoma Lancet 2017 390 10091 298 310 10.1016/S0140-6"
PMC7969315,33725914,10.1097/md.0000000000025129,Two-stage strategy for neglected Monteggia fracture in children: A retrospective study of 51 patients.,,2021,2021-03-01,"Li J, Zhao X, Rai S, Ding Y, Zhang Q, Ze R, Tang X, Liu R, Hong P.",False,True,True,1,True,False,True,"thods We performed a retrospective review of 51 patients with neglected Monteggia fracture between January 2010 and January 2018 at Union Hospital, Tongji Medical College, Huazhong University of Science and Technology. This study was approved by the Ethics Committee of Tongji Medical College, Huazhong University of Science and Technology (IORG No. IORG0003571) on December 20, 2019. Written consent was obtained from the patient's legal guardians. Among 51 patients (see Table 1 ), 15 patients were included in the UO alone (UO) group and 36 patients were included in the UO + open reduction and ALR group. All patients were younger than 14 years at the surgery and followed up for more than 24 months. Patien"
PMC6311027,30593279,10.1186/s12944-018-0940-0,Non-HDL-cholesterol to HDL-cholesterol ratio is an independent risk factor for liver function tests abnormalities in geriatric population.,,2018,2018-12-28,"An T, Song Y, Yang Y, Guo M, Liu H, Liu K, Wang Z.",False,True,True,1,True,False,False,"gests that NonHDLc/HDLc ratio is an independent risk factor for LFTs abnormalities in geriatric population, and assessment of NonHDLc/HDLc ratio may help early identify high risk people of liver diseases. Trial registration Trial registration in the Ethics Committee of Tongji Medical College, Huazhong University of Science and Technology (IORG No: IORG0003571 ). Registered 3 March 2015. Electronic supplementary material The online version of this article (10.1186/s12944-018-0940-0) contains supplementary material, which is available to authorized users. Keywords Non-HDL cholesterol HDL-cholesterol Liver function tests abnormalities Geriatric population Risk factor National Natural Science Foundation of"
PMC9380378,35974309,10.1186/s12871-022-01805-3,"Sedative effect of remimazolam combined with alfentanil in colonoscopic polypectomy: a prospective, randomized, controlled clinical trial.",,2022,2022-08-16,"Xin Y, Chu T, Wang J, Xu A.",False,True,True,1,True,False,False,"nil for sedation induction in patients undergoing colonoscopic polypectomy. Methods Study design and setting This prospective, randomized, controlled pilot trial was designed to observe patients undergoing colonoscopic polypectomy in Tongji Hospital. Tongji Medical College of Huazhong University of Science and Technology Ethics Committee (IORG No: IORG0003571) approved the conduct of the trial. The trial was registered before patient enrollment at http://www.chictr.org.cn (principal investigator: Aijun Xu, date of registration and registration number: 16/05/2021, ChiCTR2100046492) and written informed consent was obtained from all subjects participating in the study. This study follows applicable Conso"
PMC5145863,28018858,10.3389/fcimb.2016.00171,Coxsackievirus B3 Directly Induced Th17 Cell Differentiation by Inhibiting Nup98 Expression in Patients with Acute Viral Myocarditis.,,2016,2016-12-09,"Long Q, Liao YH, Xie Y, Liang W, Cheng X, Yuan J, Yu M.",False,True,True,2,True,False,False,"rugs or immunosuppressors. Furthermore, 23 volunteers were recruited as controls in the study. This study was first conducted in accordance with the tenets of the Declaration of Helsinki and its amendments and was subsequently approved by The Ethics Committee of Tongji Medical College, Huazhong University of Science and Technology, China (IORG No: IORG0003571). Each recruit provided signed informed consent. Blood samples Blood samples were obtained from all the patients and healthy controls in the recumbent position under fasting state the next morning of hospitalization. The blood samples were stored in vacutainer tubes containing 3.2% sodium citrate. Each blood sample was centrifuged at 2000 rpm for || ion. And the direct effects of CVB3 on Th1 cell need our further exploration. Ethics statement This study was first conducted in accordance with the tenets of the Declaration of Helsinki and its amendments and was subsequently approved by The Ethics Committee of Tongji Medical College, Huazhong University of Science and Technology, China (IORG No: IORG0003571). Each recruit provided signed informed consent. Author contributions MY, JY, and YL conceived and designed the experiments. QL, YX, and WL performed the experiments. MY and QL analyzed the data. MY, JY, and XC wrote the paper. Funding This work was supported by the National Natural Science Foundation of China (81400283 and 81470502). Conflict of"
,,10.1101/2020.04.23.20077545,Influence of socio-ecological factors on COVID-19 risk: a cross-sectional study based on 178 countries/regions worldwide,,2020,2020-04-29,"Su D, Chen Y, He K, Zhang T, Tan M, Zhang Y, Zhang X.",False,True,False,0,False,False,False,
PMC6886962,31727670,10.1136/bmjopen-2019-034225,"Evaluation of patient experience in county-level public hospitals in China: a multicentred, cross-sectional study.",,2019,2019-11-14,"Min R, Li L, Zi C, Fang P, Wang B, Tang C.",False,True,True,1,True,False,False,"ion, management, analysis and interpretation of the data; preparation, review or approval of the manuscript; and the decision to submit the manuscript for publication. Competing interests: None declared. Patient consent for publication: Not required. Ethics approval: The study was granted approval from the ethics committee of our college (IORG No: IORG0003571). Provenance and peer review: Not commissioned; externally peer reviewed. Data availability statement: The national data collected from China statistical yearbook can be accessed from the website of National Bureau of Statistics of China ( http://www.stats.gov.cn/tjsj/ndsj/2016/indexeh.htm .). The national annual data collected from China health s"
PMC7488479,32917223,10.1186/s12960-020-00507-6,Development of competency model for family physicians against the background of 'internet plus healthcare' in China: a mixed methods study.,,2020,2020-09-11,"Ni Z, Wang X, Zhou S, Zhang T.",False,True,True,1,True,False,False,"No funding. Availability of data and materials Data supporting the results reported in the article are available from the corresponding author upon reasonable request. Ethics approval and consent to participate The study was authorized by the Ethics Review Committee of Tongji Medical College, Huazhong University of Science and Technology (IORG No: IORG0003571), according to the principles of the Declaration of Helsinki. Consent for publication Not applicable; the manuscript does not contain any individual’s data in any form of individual details, images, or videos. Competing interests The authors declare that they have no competing interests. References 1. Suriyawongpaisal P , Aekplakorn W , Leerapan B"
PMC7646116,33173427,10.7150/ijms.49533,IL-21 promotes osteoblastic differentiation of human valvular interstitial cells through the JAK3/STAT3 pathway.,,2020,2020-10-20,"Liu Z, Wang Y, Shi J, Chen S, Xu L, Li F, Dong N.",False,True,True,1,True,True,False,"promotes the osteoblastic differentiation of VICs. Therefore, we investigated the stimulatory effects of IL-21 on osteoblastic differentiation of VICs. Materials and Methods Human aortic valve collection This study complied with the Declaration of Helsinki and was approved by the review boards of Union Hospital and Tongji Medical College (approval IORG0003571). A total of 20 patients with CAVD and 15 control patients who underwent heart transplantation were enrolled at Union Hospital from 2017 to 2019. All patients provided informed consent for the use of their clinical specimens for research. Patients with congenital aortic valve abnormality, rheumatic disease, or endocarditis were excluded. Demograph"
PMC9763318,36561866,10.3389/fpubh.2022.988664,Drivers of high-cost persistence in rural China: A population-based retrospective study.,,2022,2022-12-06,"Wang C, Lu S, Zhang Y.",False,True,True,1,True,False,False,"otheses of the mediating effect, we used hospitalization frequency as the key mediating variable to test the path relationship. All data analyses were conducted in Stata 15.1. Ethics approval and consent to participate This study was approved by the ethics committee of Tongji Medical College, Huazhong University of Science and Technology (IORG No: IORG0003571). The Research Ethics Committee Approval Form is available in Supplementary material . Our team obtained permission from the Dangyang Healthcare Security Administration to use the private data for this research through a signed cooperation agreement. Data acquired were kept anonymized. Results High-cost persistence level from 2012 to 2017 As shown"
PMC5477161,28629431,10.1186/s13045-017-0493-0,MicroRNA-330-3p promotes cell invasion and metastasis in non-small cell lung cancer through GRIA3 by activating MAPK/ERK signaling pathway.,,2017,2017-06-19,"Wei CH, Wu G, Cai Q, Gao XC, Tong F, Zhou R, Zhang RG, Dong JH, Hu Y, Dong XR.",False,True,True,2,True,False,False,"ay and its correlation with both DNMT1 and DNMT3A. Methods Patient samples Study subjects were 122 patients with histologically confirmed NSCLC (using AJCC criteria) receiving treatment during a period from January 2012 to December 2013. This study was approved by the Institutional Review Board of Huazhong University of Science and Technology (no. IORG0003571). Written informed consent was obtained from each patient. BM was established by certified oncologists based on whole brain magnetic resonance imaging (MRI). Fresh lung tumor tissues were obtained with biopsy and frozen in liquid nitrogen, then stored at −80 °C before RNA extraction. A 5-ml peripheral blood sample from each patient was drawn into || HW wrote the manuscript. All authors read and approved the final manuscript. Competing interests The authors declare that they have no competing interests. Consent for publication Not applicable. Ethics approval and consent to participate This study was approved by the Institutional Review Board of Huazhong University of Science and Technology (no IORG0003571). Written informed consent was obtained from all subjects. All animal experiments were conducted in agreement with the Guide for the Care and Use of Laboratory Animals and were approved by the Committee on Animals Handling of Huazhong University of Science and Technology. Publisher’s Note Springer Nature remains neutral with regard to jurisdiction"
PMC6884802,31783857,10.1186/s12939-019-1099-7,The effects of poverty reduction policy on health services utilization among the rural poor: a quasi-experimental study in central and western rural China.,,2019,2019-11-29,"Zou Q, He X, Li Z, Xu W, Zhang L.",False,True,True,1,True,False,False,"of the manuscript. Availability of data and materials The datasets used and analyzed during the current study are available from the corresponding author on reasonable request. Ethics approval and consent to participate The study was approved by the ethics committee of Tongji Medical College, Huazhong University of Science and Technology (IORG No: IORG0003571). Informed consent was obtained from the participants enrolled in the household survey, and the respondents were assured that their participation was voluntary and that they could withdraw from the study at any time. Consent for publication Not applicable Competing interests The authors declare that they have no competing interests References 1. P"
PMC5800004,29402292,10.1186/s12939-018-0730-3,"Geographic variation in health insurance benefits in Qianjiang District, China: a cross-sectional study.",,2018,2018-02-05,"Wu Y, Zhang L, Liu X, Ye T, Wang Y.",False,True,True,1,True,False,False,"h the presentation and interpretation of data. All have given final approval of the version of the manuscript to be published. Ethics approval and consent to participate All research methods and investigation tools in this study were approved by the Ethics Committee of Tongji Medical College, Huazhong University of Science and Technology (IORG No: IORG0003571). All participants gave written informed consent for participation in this study, provided consent before filling out the questionnaire, and consented to the publication of the data. Consent for publication Not applicable Competing interests The authors declare that they have no competing interests. Publisher’s Note Springer Nature remains neutral"
PMC6127900,30189871,10.1186/s13046-018-0894-0,FOXC1 induces cancer stem cell-like properties through upregulation of beta-catenin in NSCLC.,,2018,2018-09-06,"Cao S, Wang Z, Gao X, He W, Cai Y, Chen H, Xu R.",False,True,True,1,True,False,False,"a of NSCLC patients and edited the manuscript. HC and RX designed this study and revised the manuscript. All authors approved the final manuscript. Ethics approval and consent to participate All the analyses involving human data were approved by the Ethics Committee of Tongji Medical College, Huazhong University of Science and Technology (IORG No: IORG0003571). All the animal experimental procedures were conformed to the Institutional Animal Care and Use Committee of Tongji Medical College of Huazhong University of Science and Technology. Consent for publication Not applicable. Competing interests The authors declare that they have no competing interests. Publisher’s Note Springer Nature remains neutra"
PMC10465797,37655215,10.3389/fcvm.2023.1194374,Concomitant valve surgery is associated with worse outcomes in surgical treatments of post-infarction ventricular aneurysm.,,2023,2023-08-15,"Liu Y, Cai Z, Xu L, Zheng Y, Chen M, Dong N, Chen S.",False,True,True,1,True,False,False,"ising, and ventricular defect closing. 77 patients received valve surgery in addition to standard surgical intervention, of which 37 adopted valve replacement and 40 adopted valve repair. Ethical statement The ethics approval was obtained from the Ethics Committee of Tongji Medical College of Huazhong University of Science and Technology (IORG No: IORG0003571). All patients signed the informed consent in accordance. The study protocol was under the guidance of the national protocol for China category I and conformed to the Declarations of Helsinki and Istanbul. Follow-up data and outcome The clinical follow-up information of recipients was collected from regular clinical visits, telephone interviews, o"
PMC7001201,32019495,10.1186/s12876-020-1180-0,"Clinical characteristics, CT signs, and pathological findings of Pyrrolizidine alkaloids-induced sinusoidal obstructive syndrome: a retrospective study.",,2020,2020-02-04,"Liu F, Rong X, Guo H, Xu D, Liu C, Meng L, Yang X, Guo T, Kan X, Song Y, Song Y.",False,True,True,1,True,False,False,"yzed in the current study are not publicly available due to appropriate protection of patient personal information but are available from the corresponding author on reasonable request. Ethics approval and consent to participate The study was approved by the ethics committee of Tongji Medical College, Huazhong University of Science and Technology (IORG0003571) prior to data collection. All procedures followed were in accordance with the ethical standards of the responsible committee on human experimentation (institutional and national) and with the Helsinki Declaration of 1975, as revised in 2008. This study is a retrospective analysis, it did not include any human trial, and as such no informed consen"
PMC5949496,29850119,10.21037/jtd.2018.03.149,Extended donor criteria in heart transplantation: a retrospective study from a single Chinese institution.,,2018,2018-04-01,"Wang Y, Cai J, Sun Y, Zhang J, Xie F, Alshirbini MH, Shi J, Dong N.",False,True,False,0,False,False,False,
PMC6382716,30656845,10.1002/cam4.1950,14-3-3ζ promotes gliomas cells invasion by regulating Snail through the PI3K/AKT signaling.,,2019,2019-01-18,"Li J, Xu H, Wang Q, Wang S, Xiong N.",False,True,True,1,True,False,False,"ls by regulating Snail through activating PI3K/AKT signaling, and it may act as a potential therapeutic target. CONFLICT OF INTEREST The authors declare no conflict of interest. ETHICS APPROVAL AND CONSENT TO PARTICIPATE The use of human tissues was approved by the Human Research Committee of Huazhong University of Science and Technology (IORG No: IORG0003571). Written informed consent was obtained from each patient. All animal experiments were performed according to the guidelines of care and use of laboratory animals and were approved by the Tongji Medical College Animal Experiments Committee (S777). Supporting information Click here for additional data file. Click here for additional data file. ACKN"
PMC5704594,29179717,10.1186/s12913-017-2673-6,"Does having a usual primary care provider reduce patient self-referrals in rural China's rural multi-tiered medical system? A retrospective study in Qianjiang District, China.",,2017,2017-11-28,"Feng D, Zhang D, Li B, Zhang Y, Serrano R, Shi D, Liu Y, Zhang L.",False,True,True,2,True,False,False,"inary pneumonia, which were illnesses that can be treated in primary hospitals according to the peer judgment from the physicians and the defined guideline for the scope of diagnosis and treatment in township hospitals. The study was approved by the Ethics Committee of Tongji Medical College, Huazhong University of Science and Technology (IORG No: IORG0003571). Written consent forms were obtained from all participants prior to conducting interviews and participation in the study was entirely voluntary. Information collected for this study was securely stored and maintained with considerations of patient information confidentiality. Statistical analysis Descriptive analysis was firstly performed to comp || t versions. All authors were involved in the interpretation of the results, and read, commented, writing up the paper and gave final approval of the submitted version. Ethics approval and consent to participate Ethical approval was obtained from the Ethics Committee of Tongji Medical College, Huazhong University of Science and Technology (IORG No: IORG0003571). The protocol, informed consent document and survey questionnaires were reviewed and approved. All participants were interviewed in person by investigators. Written consents were obtained from the participants at the beginning of the interview. Questions and response choices were read and explained when necessary. Competing interests The authors"
PMC5493849,28666443,10.1186/s12939-017-0551-9,The effect of health literacy and self-management efficacy on the health-related quality of life of hypertensive patients in a western rural area of China: a cross-sectional study.,,2017,2017-07-01,"Wang C, Lang J, Xuan L, Li X, Zhang L.",False,True,True,1,True,False,False,tion All authors have read and approved the final manuscript and all authors agree that the manuscript published in the article will be freely available on the internet and may be seen by the general public. Ethics approval and consent to participate The survey was approved by the Huazhong University of Science and Technology Ethics Committee (No: IORG0003571). Each patient who participated in the study was informed of the nature and objectives of the survey. A consent form was signed before data collection from each patient. Publisher’s Note Springer Nature remains neutral with regard to jurisdictional claims in published maps and institutional affiliations. Abbreviations χ 2 Absolute fit index: chi-s
PMC7953570,33712030,10.1186/s13287-021-02249-1,Reprogrammed mesenchymal stem cells derived from iPSCs promote bone repair in steroid-associated osteonecrosis of the femoral head.,,2021,2021-03-12,"Zhou M, Xi J, Cheng Y, Sun D, Shu P, Chi S, Tian S, Ye S.",False,True,True,1,True,False,False,"083). Availability of data and materials The data that support the findings of this study are available from the corresponding author on reasonable request. Declarations Ethics approval and consent to participate The present study was approved by the ethics committee of the Tongji Medical College, Huazhong University of Science and Technology (No: IORG0003571). Written informed consent for participation in the present study was obtained from each patient prior to collecting the bone marrow samples. All animal care and experimental procedures were in accordance with local and international guidelines on the ethical use of animals and were approved by the University Animal Welfare Committee, Tongji Medic"
PMC5932771,29720126,10.1186/s12885-018-4398-2,"Optimal predictor for 6-mercaptopurine intolerance in Chinese children with acute lymphoblastic leukemia: NUDT15, TPMT, or ITPA genetic variants?",,2018,2018-05-02,"Zhou H, Li L, Yang P, Yang L, Zheng JE, Zhou Y, Han Y.",False,True,True,1,True,False,False,"n revising the manuscript. All authors have read and approved the final version of the manuscript. Ethics approval and consent to participate This study was performed according to ethical standards. This study was conducted under the approval of the Ethics Committee of Tongji Medical College, Huazhong University of Science and Technology (IORG No: IORG0003571). Written informed consent was obtained from the parents or guardians of the patients or from the patients themselves, depending on the age and conceptual ability of the patients. Competing interests The authors declare that they have no competing interests. Publisher’s Note Springer Nature remains neutral with regard to jurisdictional claims in p"
PMC8014518,33605557,10.1002/nop2.786,"Impact of burnout, secondary traumatic stress and compassion satisfaction on hand hygiene of healthcare workers during the COVID-19 pandemic.",,2021,2021-02-19,"Zhou Q, Lai X, Wan Z, Zhang X, Tan L.",False,True,True,1,True,False,False,"nd compassion satisfaction on self‐reported hand hygiene behaviours adjusted the socio‐demographic characteristics. All statistical analyses were performed using IBM SPSS Version 20.0 (IBM, New York, NY, USA). 2.5. Ethics This study was approved by the Ethics Committee of Tongji Medical College, Huazhong University of Science and Technology (IORG: IORG0003571). All participants were enrolled in the investigation using the principles of informed consent and confidentiality. 3. RESULTS 3.1. Socio‐demographic characteristics A total of 1,383 (79.76%) nurses and 351 (20.24%) doctors were surveyed, including 1,305 (75.26%) female and 429 (24.74%) male. The mean and SD of age and work year were 33.33 ± 6.39"
PMC4232652,25384897,10.1186/s12913-014-0492-6,Application of propensity scores to explore the effect of public reporting of medicine use information on rational drug use in China: a quasi-experimental design.,,2014,2014-11-11,"Zhang X, Wang L, Zhang X.",False,True,True,2,True,False,False,") differences in the doctors’ characteristics. 108 pairs of doctors were obtained after PSM. Chi-square test and t-test were employed to explore the effect of public reporting of medicine use information on rational drug use. The study was approved by the Committee of Tongji Medical College, Hua Zhong University of Science and Technology (IORG No: IORG0003571). Results In baseline, the average expenditure per prescription of the 274 doctors was 42.82 RMB yuan (USD 6.97), the percentage of prescriptions requiring antibiotics was 63.00%, and the percentage of prescriptions requiring injections was 70.79%, all higher than the average of Hubei Province and the standard recommended by WHO. Before the interv || st were used to estimate the association between the intervention and the result indicators, including prescription costs, antibiotics use, and injection use. Statistical significance was accepted at p-value ≤0.05 (SPSS 12.0). The study was approved by the Committee of Tongji Medical College, HuaZhong University of Science and Technology (IORG No: IORG0003571), and the 274 doctors all provided written informed consent. Results Characteristics of the participating doctors The average expenditure per prescription of the 274 doctors before the intervention was 42.82 RMB yuan (USD 6.97, the exchange rate was US $1 = RMB 6.14 in March 2014) and after the intervention was 46.68 RMB yuan (USD 7.60). The perce"
PMC6377539,30782944,10.1136/bmjopen-2018-026408,Effect of integrated urban and rural residents medical insurance on the utilisation of medical services by residents in China: a propensity score matching with difference-in-differences regression approach.,,2019,2019-02-19,"Su D, Chen YC, Gao HX, Li HM, Chang JJ, Jiang D, Hu XM, Lei SH, Tan M, Chen ZF.",False,True,True,1,True,False,False,"proval of the version to be published. Funding: This study was supported by grants from the National Natural Science Foundation of China (71673101 and 71473096). Competing interests: None declared. Ethics approval: This study was approved by the Ethics Committee of the Tongji Medical College, Huazhong University of Science and Technology (IORG No: IORG0003571). Provenance and peer review: Not commissioned; externally peer reviewed. Data sharing statement: No additional data are available. References 1. World Health Organization . Sustainable health financing, universal coverage and social health insurance . World Health Assembly Resolution , 2005 : 58 . 2. World Health Organization . World health repor"
PMC7697856,33203010,10.3390/ijerph17228420,Treatment Preferences of Residents Assumed to Have Severe Chronic Diseases in China: A Discrete Choice Experiment.,,2020,2020-11-13,"Lv Y, Fu Q, Shen X, Jia E, Li X, Peng Y, Yan J, Jiang M, Xiong J.",False,True,True,1,True,False,False,"istered 2160 questionnaires and received 2019 valid questionnaires with a response rate of 93.47%, which were collected by eliminating extreme values and missing values. The research methods and investigation tools in this study were approved by the Ethics Committee of Tongji Medical College, Huazhong University of Science and Technology (IORG No: IORG0003571). 2.3. Statistical Analysis Data were entered into EpiData 3.1 (EpiData Association, Odense, Denmark) and transferred to Stata 12.0 (Stata Corp LLC, College Station, TX, USA). Descriptive statistics were used to describe participant’s socio-demographic characteristics. DCE data was analyzed via the mixed logit model which can take the potential pr"
PMC6020987,29921677,10.1136/bmjopen-2017-018755,Impact of parental weight status on children's body mass index in early life: evidence from a Chinese cohort.,,2018,2018-06-19,"Mei H, Guo S, Lu H, Pan Y, Mei W, Zhang B, Zhang J.",False,True,True,1,True,False,False,"Fund of China (grant nos: 81373017 and 81673182). It was also partly supported by the Special Fund for Basic Scientific Research of Central Colleges (grant no: 2016YXZD041). Competing interests: None declared. Patient consent: Obtained. Ethics approval: The Ethics Committee of Tongji Medical College, Huazhong University of Science and Technology (IORG0003571). Provenance and peer review: Not commissioned; externally peer reviewed. Data sharing statement: No data are available. References 1. Song Y, Wang HJ, Ma J, et al. Secular trends of obesity prevalence in urban Chinese children from 1985 to 2010: gender disparity. PLoS One 2013;8:e53069 10.1371/journal.pone.0053069 2. Valerio G, Licenziati MR, Man"
PMC10897912,38414861,10.1016/j.isci.2024.109160,PBRM1 presents a potential ctDNA marker to monitor response to neoadjuvant chemotherapy in cervical cancer.,,2024,2024-02-09,"Li W, Huang Y, Xiao M, Zhao J, Du S, Wang Z, Hu S, Yang L, Cai J.",False,True,True,1,True,False,False,"DNA (gDNA). Cervical tissue samples (including tumor tissues and paired normal tissues) were taken from 6 patients with SD during NACT through biopsy prior to treatment. The protocol for the human study was reviewed and approved by the Ethics Committee of Tongji Medical College, Huazhong University of Science and Technology (Wuhan, China; IORG No: IORG0003571), and informed consent was obtained from all patients. Method details cfDNA extraction and quality control cfDNA was extracted from the human plasma samples through centrifugation at 16000 × g for 10 min at 4°C, using the QIAamp Circulating Nucleic Acid Kit (QIAGEN, Germany, Cat. No.55134); paired gDNA was extracted from the blood cells using the"
PMC7603680,33129300,10.1186/s12884-020-03351-7,Differential effects of different delivery methods on progression to severe postpartum hemorrhage between Chinese nulliparous and multiparous women: a retrospective cohort study.,,2020,2020-10-31,"Xu C, Zhong W, Fu Q, Yi L, Deng Y, Cheng Z, Lin X, Cai M, Zhong S, Wang M, Tao H, Xiong H, Jiang X, Chen Y.",False,True,True,1,True,False,False,"thics approval and consent to participate The sample patients’ information in this research is secondary data, which we extract from the Health and Family Planning Commission in Shanxi province, China. This research was reviewed and approved by the Ethics Committee of Tongji Medical College, Huazhong University of Science and Technology (IORG No.: IORG0003571). Consent for publication Not applicable. Competing interests No competing financial interests exist. References 1. Say L Chou D Gemmill A Tuncalp O Moller A Daniels J Global causes of maternal death: a WHO systematic analysis Lancet Glob Health 2014 2 E323 E333 10.1016/S2214-109X(14)70227-X 25103301 2. Lozano R Naghavi M Foreman K Lim S Shibuya K"
PMC7222316,32404088,10.1186/s12889-020-08813-3,"The effect of health education on knowledge and behavior toward respiratory infectious diseases among students in Gansu, China: a quasi-natural experiment.",,2020,2020-05-13,"Wang M, Fang H.",False,True,True,1,True,False,False,"datasets generated and analyzed for this study are not publicly available due to participant privacy but are available from the corresponding author upon reasonable request. Ethics approval and consent to participate This project was reviewed and approved by the Ethics Committee of the Health Education Institute of Gansu province, China (IORG No.: IORG0003571). All the sampling students’ parents or other guardians had signed the informed consent. Consent for publication No applicable. Competing interests The authors declare that they have no competing interests. Footnotes Publisher’s Note Springer Nature remains neutral with regard to jurisdictional claims in published maps and institutional affiliatio"
,,10.21203/rs.3.rs-432493/v1,Development and Validation of the Competency Evaluation Model for Hospital Infection Prevention and Control Practitioners in the Post-Pandemic Era: A Mixed Methods Study,,2021,2021-05-04,"Cui L, He A, Wang X, Wang Y, Huang X, Ni Z.",False,True,False,0,False,False,False,
,,10.21203/rs.3.rs-36291/v1,Lung Function Decline and Other Physiological Changes in Health Workers after Working in COVID-19 Isolation Wards: An Observational Study,,2020,2020-06-18,"Chen K, Zhu P, Wang L, Zuo S, Wu C, Hu Y, Wang Y, Wu F, Tang X.",False,True,False,0,False,False,False,
PMC7859538,33575447,10.1016/j.ijnss.2020.11.006,Frequency and barriers of reporting workplace violence in nurses: An online survey in China.,,2021,2020-12-03,"Song C, Wang G, Wu H.",False,True,True,1,True,False,False,"uestionnaire. In total, 1,013 e-mails were successfully sent and 87 e-mail addresses were invalid. Among the respondents, 324 agreed to participate and 266 questionnaires were returned and deemed valid for statistical analysis. 2.4. Ethical consideration This study was approved by the Research Ethics Committee of our academic institution (IORG No: IORG0003571). Before the survey, all participants were well informed of the study details, including the preservation of confidentiality and anonymity (no personal name was required), purpose, inclusion criteria, and voluntary participation. During the survey, the study purpose and participant anonymity were reinforced, and participants could opt to reject th"
PMC12820040,41413024,10.1038/s41467-025-67437-6,Manganese-engineered Lactobacillus Reuteri with enhanced antitumor and immunomodulatory activities for colorectal cancer prevention and treatment.,,2025,2025-12-19,"Cao P, Li Q, Li Y, Guo H, Wei C, Xu R, Ouyang C, Chen W, Wang L, Wang Z.",False,True,True,1,True,False,False,"f biosafety and antitumor efficacy in particularly larger animal models (such as dogs, swine, or potentially nonhuman primates) are needed. Methods Human subjects All procedures involving human participants were approved by the Ethics Committee of Wuhan Union Hospital, Tongji Medical College, Huazhong University of Science and Technology (IORG No. IORG0003571, 2020-S197). Written informed consent was obtained from all participants prior to their inclusion in the study. Bacterial and cellular culture L. reuteri strain (ATCC 23272, GDMCC) was cultured in a sealed centrifuge tube containing de Man, Rogosa, and Sharpe (MRS) broth (HB0384, Hopebio, China) or in a carbon dioxide-generating bag containing MRS"
PMC6502026,31048441,10.1136/bmjopen-2018-026443,Determinants of inappropriate admission of elderly people in county-level hospitals: a cross-sectional study in rural China.,,2019,2019-05-01,"Hu X, Gao H, Zhang Y, Li H, Su D, Chang J, Jiang D, Lei S, Chen Y.",False,True,True,1,True,False,False,"Foundation of China (71473096). Disclaimer: This work has never been published or presented at any time in the past. Competing interests: None declared. Ethics approval: The research methods and investigation tools in this study were approved by the Ethics Committee of Tongji Medical College, Huazhong University of Science and Technology (IORG No: IORG0003571). Provenance and peer review: Not commissioned; externally peer reviewed. Data sharing statement: The anonymised data set can be requested by sending an email to the corresponding author. Patient consent for publication: Not required. References 1. National Bureau of Statistics of China . Statistical Communiqué of the People’s Republic of China on"
PMC8654438,34669637,10.1097/cm9.0000000000001715,Clinical risk score for postoperative pneumonia following heart valve surgery.,,2021,2021-09-15,"Wang DS, Huang XF, Wang HF, Le S, Du XL.",False,True,True,1,True,False,False,"s for the occurrence of POP following HVS in adult patients and to derive and validate a clinical risk score. Methods Ethical approval The study was conducted according to the ethics statement of the Declaration of Helsinki , and it was approved by the Ethics Committee of Tongji Medical College of Huazhong University of Science and Technology (No. IORG0003571). Written informed consent was not required due to the retrospective, observational nature of this study. Study population We conducted a retrospective, single-center, observational study incorporating consecutive patients who underwent HVS between January 2016 and December 2019. Exclusion criteria were as follows: (1) aged <18 years; (2) pneumoni"
PMC8920651,35295960,10.1155/2022/1499454,Associations between Gene-Gene Interaction and Overweight/Obesity of 12-Month-Old Chinese Infants.,,2022,2022-03-07,"Mei H, Yin B, Yang W, Zhang J, Lu H, Qi X, Mei W, Zhang H, Zhang J.",False,True,True,1,True,False,False,"oups according to their BMI, calculated as body weight (kg)/length(m) [ 2 ]. Signed informed consent was obtained from parents of the eligible infants prior to the recruitment. In addition, ethical approval was obtained from the Ethics Committees of the Tongji Medical College, Huazhong University of Science and Technology (Ethical approval number: IORG0003571). 2.2. Data Collection Information on some critical variables that are commonly reported to be associated with childhood obesity, such as maternal prepregnancy and paternal height and weight, age, educational level, monthly household income, and smoking behavior prior to pregnancy [ 24 , 25 ], was collected at recruitment using a structured questi"
PMC6378739,30777048,10.1186/s12913-019-3944-1,Determinants of inappropriate admissions of children to county hospitals: a cross-sectional study from rural China.,,2019,2019-02-18,"Lei SH, Zhang Y, Li HM, Su D, Chang JJ, Hu XM, Ye Q, Jiang D, Chen YC.",False,True,True,1,True,False,False,"e manuscript All authors supplied critical revisions to the manuscript and gave final approval of the version to be published. Ethics approval and consent to participate The research methods and investigation tools in this study were approved by the Ethics Committee of Tongji Medical College, Huazhong University of Science and Technology (IORG No: IORG0003571). The patient information was anonymized and deidentified before the analysis. The informed consent was obtained from all participants in written. Consent for publication Not applicable. Competing interests The authors declare there are no competing interests. Publisher’s Note Springer Nature remains neutral with regard to jurisdictional claims in"
PMC6474708,30870878,10.5056/jnm18028,Psychosocial Factors Associated With Irritable Bowel Syndrome Development in Chinese College Freshmen.,,2019,2019-04-01,"Jiang C, Xu Y, Sharma S, Zhang L, Wang H, Song J, Qian W, Bai T, Hou X.",False,True,True,1,True,False,False,"to previous medical records was applied for those freshmen suspected of suffering with IBS to exclude organic disease. Suspected or confirmed patients with organic disease were advised to consult physicians. The research protocol was approved by The Ethics Committee of Tongji Medical College, Huazhong University of Science and Technology (IORG No. IORG0003571). Questionnaires Demographic information was evaluated such as age, sex (male or female), height, weight, body mass index (BMI), residence (city, town or rural area), education (science & engineering, liberal arts or medicine), and family type (only-child or multi-child, single-parent or two-parent).Then, screening questions was applied to identif"
PMC7871675,33558343,10.1136/bmjopen-2020-036858,Effect of critical illness insurance on the medical expenditures of rural patients in China: an interrupted time series study for universal health insurance coverage.,,2021,2021-02-08,"Zhong Z, Jiang J, Chen S, Li L, Xiang L.",False,True,True,1,True,False,False,"r: The funder provided us support to complete the voucher investigation and article writing. Competing interests: None declared. Patient consent for publication: Not required. Ethics approval: Ethical approval was obtained from the Institutional Ethics Committee, Huazhong University of Science and Technology, Wuhan, China (ethical approval number: IORG0003571). This study obtained written informed consent from all participants prior to the start of the survey. Provenance and peer review: Not commissioned; externally peer reviewed. Data availability statement: All data relevant to the study are included in the article or uploaded as online supplemental information. Supplemental material: This content ha"
PMC9273816,35837609,10.3389/fcvm.2022.934533,"Incidence, Risk Factors, and Outcomes of Severe Hypoxemia After Cardiac Surgery.",,2022,2022-06-28,"Wang D, Ding X, Su Y, Yang P, Du X, Sun M, Huang X, Yue Z, Sun F, Xie F, Liu C.",False,True,True,1,True,True,False,"diction model, and second to clarify the relationship between SH and clinical outcomes. Materials and Methods Ethics Statement The study was conducted according to the Declaration of Helsinki’s ethical principles. Study approval was granted by the Ethics Committee of Tongji Medical College of Huazhong University of Science and Technology (IORG No. IORG0003571). As this was a retrospective observational study, written informed consent was waived. Study Population Consecutive adults (older than 18 years) undergoing cardiac surgery in a tertiary medical center between January 2016 and December 2019 were enrolled. Those who died intraoperatively of immunodeficiency, immunosuppression, or organ transplantat"
PMC6090661,30103736,10.1186/s12913-018-3415-0,Effectiveness evaluation of quota payment for specific diseases under global budget: a typical provider payment system reform in rural China.,,2018,2018-08-13,"Li HM, Chen YC, Gao HX, Zhang Y, Chen L, Chang JJ, Su D, Lei SH, Jiang D, Hu XM.",False,True,True,1,True,False,False,"with its permission, and all information related to inpatients privacy (such as National Identification Number, contact ways and property information) was not extracted. The research methods and investigation tools in this study were approved by the Ethics Committee of Tongji Medical College, Huazhong University of Science and Technology (IORG No: IORG0003571). Not applicable. Springer Nature remains neutral with regard to jurisdictional claims in published maps and institutional affiliations. Contributor Information Hao-miao Li, Email: lihaomiao@hust.edu.cn. Ying-chun Chen, Phone: 027-83693371, Email: chenyingchun@mail.hust.edu.cn, Email: chenyingchunhust@163.com. Hong-xia Gao, Email: gaohongxia@hust."
PMC7490041,32982281,10.2147/ott.s262110,Circulating Tie2-Expressing Monocytes: A Potential Biomarker for Cervical Cancer.,,2020,2020-09-07,"Han Q, Zhang Q, Ying F, Wang Z, Zhang Y, Gong L, Cai E, Qian J, Cai J.",False,True,True,1,True,False,False,"ting progression of cervical cancer. 14 Patients and Methods Ethics Statement This non-interventional clinical investigation was conducted according to the principles expressed in the Declaration of Helsinki. The analysis of blood samples was approved by the Ethics Committee of Tongji Medical College, Huazhong University of Science and Technology (IORG0003571), and informed consent was obtained from all the patients and healthy volunteers. Patients and Blood Samples fBlood samples were collected from enrolled 7 healthy volunteers, 17 uterine fibroid patients, 24 CIN II patients, 31 CIN III patients and 99 cervical cancer patients between September 2017 and March 2018. The diagnoses of patients were pat"
PMC7766298,33339258,10.3390/ijerph17249438,Effect of Social Participation on the Physical Functioning and Depression of Empty-Nest Elderly in China: Evidence from the China Health and Retirement Longitudinal Survey (CHARLS).,,2020,2020-12-16,"Su D, Chen Z, Chang J, Gong G, Guo D, Tan M, Zhang Y, Liu Y, Chen X, Chen X, Chen Y.",False,True,True,1,True,False,False,"percentage before and after matching. Finally, we determined whether kernel matching is appropriate based on the mean reduction bias and median reduction bias of the overall balance [ 33 ]. 2.4. Ethical Statement This study was approved by the Ethics Committee of the Tongji Medical College, Huazhong, University of Science and Technology (IORG No: IORG0003571). 3. Results 3.1. Selection of Study Participants In this study, 19,816 observations were admitted from the 2018 CHARLS database. The inclusion criteria for this study were: all individuals included in the CHARLS 2018 database. The exclusion criteria were: (1) the participant was under 60 years old, (2) the variable empty-nest elderly of the parti"
PMC9124902,35615451,10.3389/fpsyt.2022.780747,Integration of Urine Proteomic and Metabolomic Profiling Reveals Novel Insights Into Neuroinflammation in Autism Spectrum Disorder.,,2022,2022-05-09,"Liu W, Li L, Xia X, Zhou X, Du Y, Yin Z, Wang J.",False,True,True,1,True,False,False,"or serve as targets for therapeutic interventions. Materials and Methods Ethics Approval This study was conducted in accordance with the 1965 Declaration of Helsinki and its later amendments. The study protocol was approved by the Ethics Committee of Tongji Medical College, Huazhong University of Science and Technology (Hubei, China) (approval no: IORG0003571). Written, informed consent was obtained from the parents of participants. Study Participants and Sample Collection A total of 160 Chinese children including 80 with ASD and 80 with typical development (TD), were enrolled in the study. Children with ASD (age range: 2–7 years old) without other systematic diseases or neurodevelopmental disorders we"
PMC6503751,31030208,10.12659/msm.914635,Subjective and Objective Quantification of the Effect of Distraction on Physician's Workload and Performance During Simulated Laparoscopic Surgery.,,2019,2019-04-28,"Gao J, Liu S, Feng Q, Zhang X, Jiang M, Wang L, Zhang J, Zhang Q.",False,True,True,1,True,False,False,"ded signed informed consent and were familiar with the experimental procedures and environments, and all were capable of completing a laparoscopic appendectomy on the experimental platform surgical simulator. All study protocols were approved by the Ethics Committee of Tongji Medical College, Huazhong University of Science and Technology (IORG No. IORG0003571). The experimental environment was designed to simulate an authentic operating room, and appropriate lighting was provided according to the standards of an operating room. Body mass index (BMI) values and elbow heights of participants were recorded before experiments and heights of the experimental platform were adjusted accordingly. Participants"
PMC6127992,30189901,10.1186/s13075-018-1698-5,The role of RORα in salivary gland lesions in patients with primary Sjögren's syndrome.,,2018,2018-09-06,"Weng X, Liu Y, Cui S, Cheng B.",False,True,True,1,True,False,True,"ji Medical College, Huazhong University of Science and Technology and the subjects gave informed consent. All animal experiments were conducted with the approval of the animal Ethics Committee of Huazhong University of Science and Technology. The Ethics Committee of Tongji Medical College, Huazhong University of Science and Technology (IORG number IORG0003571) gave final approval on 10/05/2015 for the study The Role of RORα in Salivary Gland Lesions in Patients with Primary Sjögren’s Syndrome, which is conducted by Cheng Bo at the Department of Stomatology, Union Hospital of Tongji Medical College, Huazhong University of Science and Technology. This Ethics Committee is constituted and functioned in acc"
PMC8061631,33897502,10.3389/fpsyt.2021.652296,The Psychological Effect of COVID-19 on Home-Quarantined Nursing Students in China.,,2021,2021-03-26,"Li D, Zou L, Zhang Z, Zhang P, Zhang J, Fu W, Mao J, Cao S.",False,True,True,1,True,False,False,"andemic quarantine period. The findings would contribute to formulate effective interventions on psychological health, so as to improve the mental health level of nursing students. Methods Ethics Statement The study was approved by the Research Ethics Committee in Tongji Medical College, Huazhong University of Science and Technology, Wuhan, China (IORG0003571). Participants and Sampling This cross-sectional survey was conducted from March 8, 2020, to March 24, 2020. We selected 18 colleges using a convenient sampling method, and recruited nursing students in each college to participate in this survey. The inclusion criteria for the participants were: (1) full-time nursing students, and (2) willingness"
PMC4225051,25270234,10.1007/s00436-014-4143-y,"Guideline adherence for the treatment of advanced schistosomiasis japonica in Hubei, China.",,2014,2014-10-02,"Zhong F, Liu C, Zhang X, Zhang X.",False,True,True,1,True,False,False,"ents with advanced schistosomiasis japonica was found in the study. Therefore, it is time for health sectors to take measures to standardize physicians’ practice through guidelines. Ethics approval The study was reviewed and approved by the Research Ethics Committee of Tongji Medical College, Huazhong University of Science and Technology (IORG No: IORG0003571). Funding for the study was supported by the National Natural Science Foundation of China (Grant No.71173082). The authors would like to thank Gong’an Schistosomiasis Special Hospital and Shishou Third People’s Hospital for their support of our data collection in the study as well as our teams for providing invaluable input during the earlier manu"
PMC5018733,27615560,10.1038/srep32993,Exosomes derived from human adipose mensenchymal stem cells accelerates cutaneous wound healing via optimizing the characteristics of fibroblasts.,,2016,2016-09-12,"Hu L, Wang J, Zhou X, Xiong Z, Zhao J, Yu R, Huang F, Zhang H, Chen L.",False,True,True,2,True,False,False,"taneous fat tissue was obtained from healthy mother aged from 18 to 30 years old with informed consent approved by the Committee of Wuhan Union Hospital and the following protocols including all relevant details were performed in accordance with the Ethics Committee of Tongji Medical College, Huazhong University of Science and Technology (IORG No: IORG0003571, and the ethics statement is in the supplementary information ). HASCs were cultured in serum-free medium for 24 hours to collect conditioned medium, and cell debris were removed by centrifuging at 3,000 g for 15 min, and then passed through a 0.22 um filter (Millipore). Supernatants were concentrated using 100 KDa molecular weighAmicon ® Ultra-15 || Animal Centre of disease control and prevention. All animal procedures including all relevant details were performed in accordance with the Animal Care Committee of Tongji Medical College, Huazhong University of Science andTechnology and approved by Ethics Committee of Tongji Medical College, Huazhong University of Science andTechnology (IORG No: IORG0003571) Mice model of skin wound was established as previously described. After anesthetizing and shaving the mice, a dorsal wound and an inguinal wound with same size(1 × 1.5 cm) were created. Half the mice were sacrificed at day 7 post-surgery, and the tissues of wound area were cut for H&E staining. CD63 staining of the wound area was analyzed by immu"
PMC8861072,35211444,10.3389/fpubh.2022.804734,Characterizing Potentially Preventable Hospitalizations of High-Cost Patients in Rural China.,,2022,2022-02-08,"Lu S, Zhang Y, Zhang L, Klazinga NS, Kringos DS.",False,True,True,1,True,False,False,"how goodness-of-fit test,−2log likelihood and percent correctly classified. Statistical significance was set to two-tailed p < 0.05. All analyses were conducted in Stata 15.1. Ethics Approval and Consent to Participate This study was approved by the Ethics Committee of Tongji Medical College, Huazhong University of Science and Technology (IORG No: IORG0003571). Results Study Sample Table 1 presents the description of the overall, high-cost and non-high-cost patients. The average age of high-cost patients (53.57 years) was higher than that of overall (48.53 years) and non-high-cost (47.97 years) patients. The proportion of patients from poverty-stricken families in the high-cost group (7.85%) was more t"
PMC9592067,36299868,10.3389/fcvm.2022.1004005,Prediction and prognosis of reintubation after surgery for Stanford type A aortic dissection.,,2022,2022-10-10,"Yao X, Wang J, Lu Y, Huang X, Du X, Sun F, Zhao Y, Xie F, Wang D, Liu C.",False,True,True,1,True,False,False,"tcomes and long-term prognosis by univariable and propensity score matching analysis. Materials and methods Ethical statement This study was conducted in accordance with the ethical statement of the Declaration of Helsinki, and was approved by The Ethics Committee of Tongji Medical College of Huazhong University of Science and Technology (IORG No. IORG0003571). Written informed consent was waived due to the observational nature of this study. Study population Consecutive adult patients who underwent AADS in a single institution between January-2016 and December-2019 were enrolled. The exclusion criteria of this study were: (1) age < 18 years; (2) time from onset to surgery exceeded 14 days; (3) history"
PMC9951357,36683215,10.1002/advs.202205960,Anatomically Designed Triboelectric Wristbands with Adaptive Accelerated Learning for Human-Machine Interfaces.,,2023,2023-01-22,"Fang H, Wang L, Fu Z, Xu L, Guo W, Huang J, Wang ZL, Wu H.",False,True,True,1,True,False,False,"in 1 s) returned to the rest position to obtain the action signal. In order to avoid muscle fatigue, there is a 3 s of time interval between each action. Participants performed each gesture 5 times during each set and repeated 10 sets with a resting interval (1 min) in between. The study was conducted following the approved IRB protocol (IORG, No: IORG0003571) at Tongji Medical College, Huazhong University of Science and Technology. All participants agreed with the study procedures and provided signed consent forms. Statistical Analysis Experimental results for classification accuracies obtained by different pruning rates are expressed as mean ± standard deviation (SD). There were 5 samples in the expe"
PMC7285252,32596301,10.1155/2020/3487635,Orthotopic Heart Transplantation for Congenital Heart Disease with Dextrocardia: A Single-Center Clinic Experience.,,2020,2020-05-31,"Wang G, Wang Y, Zhang J, Sun Y, Cai J, Liu J, Dong N.",False,True,True,1,True,True,False,ional classification; BNP: brain natriuretic peptide. 2. Materials and Methods All donor grafts were donated to the Red Cross Society of Hubei Province and were allocated by the China Organ Transplant Response System. The study was approved by the Ethics Committee of Tongji Medical College of Huazhong University of Science and Technology (IORG No: IORG0003571) and was performed in accordance with the national program for deceased-donor organ donation in China [ 4 ] (national protocol for China category I [ 5 ]). The clinical and research activities being reported are consistent with the principles of the Declaration of Istanbul and Declaration of Helsinki. Written informed consent was obtained from all
PMC8686457,34860676,10.2196/30855,Frequency of Online Health Information Seeking and Types of Information Sought Among the General Chinese Population: Cross-sectional Study.,,2021,2021-12-02,"Xiong Z, Zhang L, Li Z, Xu W, Zhang Y, Ye T.",False,True,True,1,True,False,False,"ealth information. Among the online health information seekers, those who failed to provide information for all variables queried in this study were excluded, and 5149 individuals were finally included in the analysis. Ethical approval was obtained from the Ethics Committee of Tongji Medical College, Huazhong University of Science and Technology (#IORG0003571). Variables Sociodemographic Factors The survey questionnaires were divided into several parts, including basic family information, individual information, health status, health care use, and health promotion need. Sociodemographic factors, including gender, age, marital status, area of residence, education level, annual household income per capit"
PMC5809514,29434280,10.1038/s41598-018-21289-x,Identification and Documentation of Auricle Defects using Three-dimensional Optical Measurements.,,2018,2018-02-12,"Zhan G, Han L, Li Z, Liu Z, Fu J, Zhong K.",False,True,True,1,True,False,False,"urface area. We also found the maximum projection area using an algorithm from the Point Cloud Library (PCL) ( www.pointclouds.org , PCL 1.7). The other reference methods are detailed in the following sections. The study protocol was approved by the Ethics Committee of Tongji Medical College, Huazhong University of Science and Technology (IORG No: IORG0003571). All experiments were performed in accordance with ICH-GCP, GCP in China and the Declaration of Helsinki. Informed consent was obtained from the participants after they had been given an explanation of the study. The manuscript reporting a participant’s details state that consent to publication was obtained from the patient. 3D surface scanning T"
PMC7202279,32382323,10.3892/ol.2020.11482,MicroRNA-663b enhances migration and invasion by targeting adenomatous polyposis coli 2 in colorectal carcinoma cells.,,2020,2020-03-27,"Xiao F, Chen W, Yu C, Zhao G.",False,True,True,1,True,False,False,"y, Union Hospital, Tongji Medical College, Huazhong University of Science and Technology. The tissue samples were frozen in liquid nitrogen immediately following surgical removal and stored at −80°C until used. The study protocol was approved by the Ethics Committee of Tongji Medical College, Huazhong University of Science and Technology (IORG no. IORG0003571) and written informed consent was obtained from each participant. The human CRC HT-29, HCT-116, SW480 and SW620 cell lines, and the normal colonic FHC cell line, were obtained from American Type Culture Collection. The HT-29 cell line used in our study has been authenticated using the method of STR profiling. All cell lines were maintained under t"
PMC9037327,35480587,10.3389/fpubh.2022.784066,Do Migrant Residents Really Achieve Health Equity by Obtaining Urban Hukou? A Comparative Study on Health Service Utilization and Urbanization in Central China.,,2022,2022-04-05,"Min R, Fang Z, Zi C, Tang C, Fang P.",False,True,True,1,True,False,False,"(see Section Participants and Procedure) from January to June 2018 in Wuhan and Xiangyang, two cities in Hubei, which were the top 10 cities for urbanization and economic development in central China (see Appendix 1 ). The study was approved by the Ethics Committee of Tongji Medical College, Huazhong University of Science and Technology (IORG No: IORG0003571). Personal identifying information was removed and participants remained anonymous during the entire study process. The research team kept all paper documents and electronic data secure. Participants and Procedure A unified definition of the new city citizen group is lacking, as they emerged less than a decade ago. To clarify the research objectiv"
PMC6500538,31110976,10.18502/ijph.v48i4.987,Why Patients with Chronic Disease Keep Silent? Analysis of Item Nonresponse in Rural China.,,2019,2019-04-01,"Mao Y, Feng Z, Tang S, Wu T, Wang R, Feng D, Chen X.",False,True,True,1,True,False,False,"were trained before the survey and required to carry out face-to-face and one-on-one interviews. Each questionnaire was completed in 30 minutes. Every participant provided a written informed consent. The approval for this study was obtained from the Ethics Committee of Tongji Medical College, Huazhong University of Science and Technology (IORG No: IORG0003571). Questionnaire Design The questionnaire used was self-designed and based on the widely available literature. Four types of items were included: 14 characteristic, 9 health knowledge, 32 health behavior, and 8 health attitude items. 1) The characteristic items included socio-demographic characteristics, geographic accessibility, and health status."
PMC8882595,35237547,10.3389/fpubh.2022.776901,"Poverty Vulnerability and Health Risk Action Path of Families of Rural Elderly With Chronic Diseases: Empirical Analysis of 1,852 Families in Central and Western China.",,2022,2022-02-14,"Ma Y, Xiang Q, Yan C, Liao H, Wang J.",False,True,True,1,True,False,False,"tential poverty (current poverty but poverty vulnerability), and avoidance poverty (current poverty and no poverty vulnerability) in Figure 1 . Figure 1 Dichotomies of health poverty and vulnerability. Ethical Approval The Ethics Committee of Tongji Medical College, Huazhong University of Science and Technology approved the research proposal (IRB: IORG0003571). All respondents provided informed consent before they were interviewed. Results Results showed that the average poverty vulnerability of 1,852 households was 0.5974 ± 0.25213, and of which, 682 households had a poverty vulnerability value of <0.5, accounting for 36.83% of the entire sample. Moreover, 1,170 households had a poverty vulnerability"
PMC7460206,32824533,10.3390/ijerph17165963,Performance and Sociodemographic Determinants of Excess Outpatient Demand of Rural Residents in China: A Cross-Sectional Study.,,2020,2020-08-17,"Liu Y, Chen Y, Cheng X, Zhang Y.",False,True,True,1,True,False,False,"aracteristics of the samples, and a multilevel regression model was run on MLwiN 2.30 to examine the sociodemographic determinants of EOD. 2.4. Ethical Approval and Consent to Participate The study protocol conformed with the guidelines of the Ethics Committee of the Tongji Medical College of Huazhong University of Science and Technology (IORG No: IORG0003571). Patient information was anonymized and de-identified before the analysis. 3. Results 3.1. The Level and Characteristic Distribution of EOD As shown in Table 1 , the samples’ average total EOD value was 5.69, indicating that in general, each patient had about five times to choose medical institutions higher by one level for the 12 cases listed. E"
PMC8803755,35118139,10.3389/fcvm.2021.745009,Protein Phosphatase 2A Deficiency in Macrophages Increases Foam Cell Formation and Accelerates Atherosclerotic Lesion Development.,,2021,2022-01-18,"Li R, Zhang C, Xie F, Zhou X, Hu X, Shi J, Du X, Lin Z, Dong N.",False,True,True,1,True,False,False,"the experiment. Arteries snap-frozen and preserved in liquid nitrogen were used for western blot and PP2A activity assays. All of the human studies described in this work complied with the Declaration of Helsinki and were approved by the Ethics Committee of Union Hospital, Tongji Medical College, Huazhong University of Science and Technology (No: IORG0003571). Informed consent was signed by all patients. Animals ApoE −/− mice (C57BL/6 background) were purchased from Beijing HFK Bioscience Co., Ltd. Ppp2cα flox/flox (fl/fl) and Cre Lyz2 mice (C57BL/6 background) were purchased from the Model Animal Research Center of Nanjing University. Mice were housed in a special pathogen free, temperature- and ligh"
PMC8762230,35046798,10.3389/fphar.2021.730826,Application of Population Pharmacokinetic Analysis to Characterize CYP2C19 Mediated Metabolic Mechanism of Voriconazole and Support Dose Optimization.,,2021,2022-01-03,"Li S, Wu S, Gong W, Cao P, Chen X, Liu W, Xiang L, Wang Y, Huang J.",False,True,True,1,True,False,False,"ients treating with oral VCZ for IFIs (possible, probable or proven). The exclusion criteria included: 1) intolerant to VCZ treatment; 2) critical data were missing; 3) participated in another clinical trial simultaneously. This study was approved by the Ethics Committee of Tongji Medical College, Huazhong University of Science and Technology (No: IORG0003571) and written informed consent was obtained from all patients. Drug Administration, Blood Sampling and Data Collection VCZ was administered orally at a dose of 200 mg twice daily without a loading dose. Whole blood samples (5 ml) were collected for routine therapeutic drug monitoring of VCZ trough concentration and CYP2C19 genotyping. Most samples"
PMC10450699,34372735,10.1177/00368504211036129,Usability testing of radiotherapy systems as a medical device evaluation tool to inform hospital procurement decision-making.,,2021,2021-07-01,"Jiang M, Tu X, Xiao W, Tang J, Li Q, Sun D, Wang D.",False,True,True,1,True,False,False,"care providers. 30 Higher USE scores correspond with better user experience. Study procedure The user testing was conducted at a university affiliated hospital in Wuhan, Hubei Province, central China. The protocol for this study was approved by the Ethics Committee of Tongji Medical College, Huazhong University of Science and Technology (IORG No.: IORG0003571). Two radiotherapy systems were assigned for participants to perform user testing tasks administered by study researchers in random order. Before the tests, the eye tracker was calibrated according to the manufacturer’s protocol. After completing the calibration process, a researcher would stand nearby to inform participants of the task to complet"
PMC5642755,28765128,10.1136/bmjopen-2017-015884,"Insurance status, inhospital mortality and length of stay in hospitalised patients in Shanxi, China: a cross-sectional study.",,2017,2017-08-01,"Lin X, Cai M, Tao H, Liu E, Cheng Z, Xu C, Wang M, Xia S, Jiang T.",False,True,True,1,True,False,False,"pproval of the version to be published. Funding: This work was supported by the National Natural Science Foundation of China (grant number 71473099). Competing interests: None declared. Ethics approval: This project was reviewed and approved by the Ethics Committee of Tongji Medical College, Huazhong University of Science and Technology (IORG No.: IORG0003571). Provenance and peer review: Not commissioned; externally peer reviewed. Data sharing statement: No additional data are available. References 1. Yip WC, Hsiao WC, Chen W, et al. Early appraisal of China's huge and complex health-care reforms. Lancet 2012;379:833–42. 10.1016/S0140-6736(11)61880-1 2. Tang S, Brixi H, Bekedam H. Advancing universal"
PMC9238448,35411784,10.1161/jaha.121.023837,Nomogram for Postoperative Headache in Adult Patients Undergoing Elective Cardiac Surgery.,,2022,2022-04-12,"Wang D, Le S, Wu J, Xie F, Li X, Wang H, Zhang A, Du X, Huang X.",False,True,True,1,True,False,False,"at support the findings of this study are available from the corresponding author on reasonable request. Ethical Statement This study was conducted in accordance with the ethical statement of the Declaration of Helsinki, and was approved by the ethics committee of Tongji Medical College of Huazhong University of Science and Technology (IORG number IORG0003571). Written informed consent was waived because of its retrospective, observational nature. Study Population We conducted a multicenter, retrospective, observational study that included consecutive adult patients (aged ≥18 years) who underwent open ECS under CPB in 4 tertiary care centers between 2016 and 2020. Exclusion criteria included: (1) emerg"
PMC7311994,32512772,10.3390/ijerph17113987,"Preferences of Patients with Non-Communicable Diseases for Primary Healthcare Facilities: A Discrete Choice Experiment in Wuhan, China.",,2020,2020-06-04,"Jia E, Gu Y, Peng Y, Li X, Shen X, Jiang M, Xiong J.",False,True,True,1,True,False,False,"ade aware that participation in the research was voluntary and completing a valid questionnaire was an indication of consent. In total, we collected 196 valid questionnaires from May to August in 2018. Ethics approval for the DCE survey was provided by the Committee of Tongji Medical College, Huazhong University of Science and Technology (IORG No: IORG0003571). 2.3. Data Analysis Data analysis was undertaken using Stata 12.0 (Stata Corp LLC, College Station, TX, USA). Respondents characteristics were summarized using descriptive statistics. To determine the relative importance of attributes and to explain preference heterogeneity, we used a mixed logit model based on the random utility theory framework"
PMC5594030,28894216,10.1038/s41598-017-11584-4,Correlative Evaluation of Mental and Physical Workload of Laparoscopic Surgeons Based on Surface Electromyography and Eye-tracking Signals.,,2017,2017-09-11,"Zhang JY, Liu SL, Feng QM, Gao JQ, Zhang Q.",False,True,True,1,True,False,False,"ould provide a general description of the physician’s fatigue status for quantitative and intuitive monitoring. Methods Participants The procedures of this study were carried out in accordance with approved guidelines. This study was approved by the Ethics Committee of Tongji Medical College, Huazhong University of Science and Technology (IORG No: IORG0003571), and was performed in a simulated operating room with proper lighting conditions and other requirements for an operating environment, according to related standards and manufacturer recommendations. Informed consent was obtained from all participants. In this study, 14 male volunteers were recruited. Four of the participants were laparoscopic sur"
PMC6489554,31114371,10.2147/cmar.s195654,Tumor-educated platelet miR-34c-3p and miR-18a-5p as potential liquid biopsy biomarkers for nasopharyngeal carcinoma diagnosis.,,2019,2019-04-17,"Wang H, Wei X, Wu B, Su J, Tan W, Yang K.",False,True,True,1,True,False,False,"ostic values for NPC. We found that the expression levels of both TEP miRNAs are significantly upregulated in NPC and they provide a good specificity and sensitivity for NPC diagnosis. Methods and materials Sample collection The study was approved by the Ethics Committee of Tongji Medical College, Huazhong University of Science and Technology (No: IORG0003571). The clinically leftover, de-identified whole blood samples (2 mL) were collected from NPC patients (n=54) and healthy subjects (n=36) from March to April 2018 at the Cancer Center of Union Hospital, Tongji Medical College, Huazhong University of Science and Technology. Written informed consent was obtained by the patients. The inclusion criteria"
PMC4998775,27057859,10.1097/md.0000000000003233,Improving the Blood Pressure Control With the ProActive Attitude of Hypertensive Patients Seeking Follow-up Services: Evidence From China.,,2016,2016-04-01,"Tang S, Bishwajit G, Ji L, Feng D, Fang H, Fu H, Shao T, Shao P, Liu C, Feng Z, Luba TR.",False,True,True,1,True,False,False,"ing SPSS 13.0 (SPSS Inc, Chicago, IL) with 2-sided, and the statistical significance test level was set at 0.05. Ethics Statement Information collected through this study was confidential and anonymous. Ethical approval for this study was granted by Ethics Committee of Tongji Medical College, Huazhong University of Science and Technology (IORG No: IORG0003571). Written consent form was obtained from all participants before interview and was clarified that participating in the study was fully voluntary. RESULTS Sample Characteristics and Differences in Blood Pressure Control In this study, more than half of these 2321 chronic disease patients were elderly with the mean age of 62.2 years (ranged from 35"
PMC5129104,27836870,10.1136/bmjopen-2016-011911,Efficiency and productivity measurement of rural township hospitals in China: a bootstrapping data envelopment analysis.,,2016,2016-11-11,"Cheng Z, Cai M, Tao H, He Z, Lin X, Lin H, Zuo Y.",False,True,True,1,True,False,False,"final approval of the version to be published. Funding: This study was supported by the National Natural Science Foundation of China (grant number 71473099). Competing interests: None declared. Ethics approval: Ethics approval was obtained from the Ethics Committee of Tongji Medical College, Huazhong University of Science and Technology (IORG No. IORG0003571). Provenance and peer review: Not commissioned; externally peer reviewed. Data sharing statement: No additional data are available. References 1. National Bureau of Statistics, China. China Statistical Yearbook 2014. Beijing: China Statistics Press, 2014. 2. Yip W, Hsiao W, Meng QY et al. Realignment of incentives for health-care providers in Chin"
PMC6930119,31908425,10.2147/ppa.s223837,Prevalence and Risk Factors of Immunosuppressant Nonadherence in Heart Transplant Recipients: A Single-Center Cross-Sectional Study.,,2019,2019-12-20,"Zhang M, Zhou H, Nelson RS, Han Y, Wang Y, Xiang H, Cai J, Zhang J, Yuan Y.",False,True,True,1,True,True,False,"patients. All organs were donated voluntarily with written informed consent in accordance with the Declaration of Istanbul. This study was carried out in accordance with the principles of the Declaration of Helsinki and approved by the institutional ethics committee of Tongji Medical College, Huazhong University of Science and Technology (IORG No: IORG0003571). Medication regimens for heart transplant recipients included immunosuppressants to prevent allograft rejection and other concomitant drugs to prevent or treat comorbidities. An initial triple immunosuppressive regimen that included tacrolimus (Prograf ® ; Astellas Pharma Co., Dublin, Ireland), mycophenolate mofetil (CellCept ® ; Roche, Shanghai,"
PMC7345109,32599689,10.3390/ijerph17124531,Regional Heterogeneity of Application and Effect of Telemedicine in the Primary Care Centres in Rural China.,,2020,2020-06-24,"Xu W, Pan Z, Lu S, Zhang L.",False,True,True,1,True,False,False,"alth Statistical Annual reports in one of the counties in Central China were missing. Cases with missing values on some variables in the present study were excluded from the analyses, and the final sample size was 358. This study was approved by the Ethics Committee of Tongji Medical College, Huazhong University of Science and Technology (IORG No: IORG0003571). 2.2. Study Design and Statistical Variables We used a matched pair design with propensity score matching (PSM) in the present study to analyse the correlation between the application of telemedicine and the utilization of THCs. Using observed characteristics, PSM constructs a statistical comparison group that is based on a model of the probabili"
PMC6537228,31081434,10.1177/0046958019847865,What Are the Risk Factors of Negative Patient Experience? A Cross-Sectional Study in Chinese Public Hospitals.,,2019,2019-01-01,"Xie J, Hu Y, Lu C, Fu Q, Carbone JT, Wang L, Deng L.",False,True,True,1,True,False,False,"rence category. All statistical analyses were performed by SPSS 19.0 (Armonk, NY: IBM Corp). The alpha level for statistical significance was set at P value lower than .05 (2-tailed). Research Ethics and Patient Consent The study was approved by the Ethics Committee of Tongji Medical College, Huazhong University of Science and Technology (IORG No. IORG0003571). Informed consent was obtained from all participants. To assure confidentiality, the survey was anonymous, and the questionnaire did not include any private information, such as name, phone number, and e-mail. Meanwhile, participants were informed that their responses would not be shared with the hospitals. Results Socio-Demographic Characteristi"
,,10.21203/rs.3.rs-30635/v1,A Composite Index Predicts Disease Progression in Early Stages of COVID-19: a Propensity Score-matched Cohort Study,,2020,2020-05-28,"Xu J, Hu S, Li S, Wang W, Wu Y, Su Z, Zhou X, Cheng X, Gao Y, Zheng Q.",False,True,False,0,False,False,False,
,,10.21203/rs.3.rs-93844/v1,"Re-positive discharged COVID-19 patients are at low transmission risk for SARS-CoV-2 infection– a finding from recovered COVID-19 patients in Wuhan, China",,2020,2020-11-02,"Wei S, Tong Y, Liu J, Guan X, Wang S, Yang B, Lu X, Wang G, Chen Q, Xu D, Liu S, Cai L, Dong M, Ding C, Yu H, Liu L, Lu J, Wang H, Zhang Z, Yan Y, Huang X, Shi T, Li Y, Wu Y, Zhang Q, Liu S, Luo Y, Huang J.",False,True,False,0,False,False,False,
PMC5067433,27781062,10.11909/j.issn.1671-5411.2016.08.010,Pentraxin 3 (PTX3) promoter methylation associated with PTX3 plasma levels and neutrophil to lymphocyte ratio in coronary artery disease.,,2016,2016-08-01,"Guo TM, Huang LL, Liu K, Ke L, Luo ZJ, Li YQ, Chen XL, Cheng B.",False,True,True,1,True,False,False,"en informed consent to participate in the study, including blood sampling, was provided by each subject before the beginning of the study. The investigation conformed to the principles outlined in the Declaration of Helsinki and was approved by the Ethics Committee of Tongji Medical College, Huazhong University of Science and Technology (IORG No.: IORG0003571). 2.2. Patients We studied 64 unrelated subjects of both genders who were recruited from the Department of Cardiology, Union Hospital, Tongji Medical College, Huazhong University of Science and Technology (China). Patients were required to undergo diagnostic coronary angiography. Individuals were classified into two groups (CAD or CAD-free) based"
PMC7590814,33153759,10.1016/j.jpsychires.2020.10.034,"Psychological distress and sleep quality of COVID-19 patients in Wuhan, a lockdown city as the epicenter of COVID-19.",,2021,2020-10-27,"Jiang Z, Zhu P, Wang L, Hu Y, Pang M, Ma S, Tang X.",False,True,True,1,True,False,False,"han, to find out factors associated with patients’ psychological distress and sleep quality. 2. Material and methods 2.1. Study design and participants The study was carried out in accordance with the 2013 version of the Declaration of Helsinki. The Ethics Committee of Tongji Medical College, Huazhong University of Science and Technology (IORG No: IORG0003571) gave a final approval for this study. All subjects signed written informed consent for participation. Two cross-sectional investigations were conducted on Feb 17th and Mar 14th, respectively. The two groups will be referred to as the Feb group and the Mar group in this article. All participants were recruited from the inpatients with COVID-19 in"
PMC7530782,32799418,10.1002/1878-0261.12783,Platelets are recruited to hepatocellular carcinoma tissues in a CX3CL1-CX3CR1 dependent manner and induce tumour cell apoptosis.,,2020,2020-09-02,"Miao S, Lu M, Liu Y, Shu D, Zhu Y, Song W, Ma Y, Ma R, Zhang B, Fang C, Ming ZY.",False,True,True,1,True,False,False,"periments were undertaken with the understanding and written consent of each subject, and the study methodologies were strictly in accordance with Helsinki declaration for the Use of Human Subjects and were approved by the Ethics Committee at Tongji Medical College, Huazhong University of Science and Technology (Wuhan, China; Approval No. IORG No: IORG0003571). 2.2. Cell culture and siRNA transfections Hep3B, HepG2, SMMC.7721, HUVEC, and HL‐7702 were purchased from the Chinese Center for Type Culture Collection (CCTCC, Wuhan, China) and cultured in DMEM (HyClone, Logan, UT, US) supplemented with 10% FBS (Gibco, Grand Island, NY, USA). For hypoxia experiments, cells were incubated in 1% O 2 and 5% CO 2"
PMC5478351,28614266,10.1097/md.0000000000007203,"The effect of public reporting presentation on patients' decision making: An experimental survey in Yunan Province, China.",,2017,2017-06-01,"Liu C, Tang Y, Wang D, Zhang X.",False,True,True,1,True,False,False,"uated in the northwest portion of Yunnan Province. The government of Yunnan Province has been highly supportive of PRCPI. To provide evidence for PRCPI policy in West China, Lijiang was selected as our research site. The study was approved by the Ethical Review Committee of Tongji Medical College, Huazhong University of Science and Technology (No. IORG0003571) before the start of the study, and written informed consent was obtained. Each participant was given an umbrella (nearly $3.08) for participation. 2.2. Hypothesis and group design Based on the previous research, [ 12 ] several characters played an important role in facilitating consumers’ choice, including number of choices, [ 20 – 24 ] informati"
PMC6539859,31075865,10.3390/ijerph16091621,Distribution of the Indicator of the Appropriate Admission of Patients with Circulatory System Diseases to County Hospitals in Rural China: A Cross-Sectional Study.,,2019,2019-05-09,"Ye Q, Zhang Y, Gao HX, Chen YC, Li HM, Zhang H, Hu XM, Lei SH, Jiang D.",False,True,True,1,True,False,False,"bability of the positive status of the indicators, β 0 is the constant term of the model, ε represents the uncontrollable random error term. 2.6. Research Ethics The research methods and investigation tools adopted in this study were approved by the Ethics Committee of Tongji Medical College, Huazhong University of Science and Technology (IORG No: IORG0003571). Written informed consent was obtained from each county hospital. Patient information was anonymised and identified prior to the analysis. 3. Result 3.1. Characteristics of Patients Who were Appropriately Admitted to County Hospitals The overall prevalence of appropriate admissions in the four counties was 66.6% and varied amongst counties. Weiyu"
PMC10013895,36812239,10.1371/journal.pgen.1010514,Long-read sequencing identifies novel structural variations in colorectal cancer.,,2023,2023-02-22,"Xu L, Wang X, Lu X, Liang F, Liu Z, Zhang H, Li X, Tian S, Wang L, Wang Z.",False,True,True,1,True,False,False,"iscovered a novel gene fusion RNF38-RAD51B that could increase the migration, invasion and metastasis ability of CRC cells. Material and methods Ethics statement This study was conducted according to the Helsinki human subject doctrine and was approved by the Huazhong University of Science and Technology review board and Ethics Committee (IORG No. IORG0003571, 2020-S197), written consents to participate was acquired from all the patients. Sample collection and Oxford nanopore sequencing 21 pairs of tumor samples and matched para-carcinoma samples were obtained from the surgically removed tumor tissues and adjacent intestinal tissues (>6 cm from tumor tissues) of CRC patients in Wuhan Union Hospital, an"
PMC6768286,30822775,10.1038/s41390-019-0324-9,Increased miR-214 expression suppresses cell migration and proliferation in Hirschsprung disease by interacting with PLAGL2.,,2019,2019-03-01,"Wu L, Yuan W, Chen J, Zhou Z, Shu Y, Ji J, Liu Z, Tang Q, Zhang X, Shu X.",False,True,True,1,True,False,False,"up to investigate the detailed mechanism of the miR-214-PLAGL2 interaction in the pathogenesis of HSCR. Materials and methods Patient specimens All of the experiments in our study were carried out in accordance with the Helsinki Declaration, and approved by the Ethics Committee Tongji Medical College, Huazhong University of Science and Technology (IORG0003571). Our research utilized 44 colon tissue samples, including 24 HSCR patient samples and 20 matched controls. Both HSCR and control group specimens were collected from patients at the Department of Pediatric Surgery at Union Hospital of Tongji Medical College with full understanding and consent obtained from their guardians. All fresh samples gather"
PMC7305834,30500775,10.1530/rep-18-0424,Estradiol promotes EMT in endometriosis via MALAT1/miR200s sponge function.,,2019,2019-02-01,"Du Y, Zhang Z, Xiong W, Li N, Liu H, He H, Li Q, Liu Y, Zhang L.",False,True,False,0,False,False,False,
PMC6348750,30661077,10.12659/msm.913160,A Usability Study of 3 Radiotherapy Systems: A Comparative Evaluation Based on Expert Evaluation and User Experience.,,2019,2019-01-20,"Jiang M, Liu S, Gao J, Feng Q, Zhang Q.",False,True,True,1,True,False,False,"of the software and hardware in the Shinva XHA600E are simple and are not advanced or richly functional compared to the Varian Trilogy and Elekta Precise, and most tasks are completed by a radiation therapist manually. This study was approved by the Ethics Committee of Tongji Medical College, Huazhong University of Science and Technology (IORG No: IORG0003571). Field observations The researchers performed 1 week of field observations for each medical linear accelerator system at the 2 cancer centers in order to obtain a comprehensive understanding of its treatment delivery process and how these radiotherapy systems work. The radiation therapists at the 2 cancer centers knew about our study, and they we"
PMC6849731,30839126,10.1002/jum.14982,Diagnostic Accuracy of Different Criteria of Pharmaco-penile Duplex Sonography for Venous Erectile Dysfunction.,,2019,2019-03-06,"Chen L, Xu L, Wang J, Li H, Zhang D, Zhang C, Jia H, Xie M, Zhu Z, Yang Y.",False,True,True,1,True,False,False,"of venous ED and to compare their results with those of CG to determine the best diagnostic criterion. Materials and Methods Patient Population This was a prospective study conducted at Wuhan Union Hospital. Ethical approval was given by the Medical Ethics Committee of Tongji Medical College, Huazhong University of Science and Technology (IORG No. IORG0003571). Informed consent was obtained from patients before they were enrolled in the study. From May 2016 to February 2017, patients with ED assessed by the International Index of Erectile Function–5 were selected at our hospital. Inclusion criteria were as follows: no suggestion of penile malformation, endocrine system disease, or high hemodynamic stat"
PMC6747540,31443480,10.3390/ijerph16173049,Work-Related Accumulated Fatigue among Doctors in Tertiary Hospitals: A Cross-Sectional Survey in Six Provinces of China.,,2019,2019-08-22,"Tang C, Liu C, Fang P, Xiang Y, Min R.",False,True,True,1,True,False,False,"“fatigue symptoms” and “work burden” and its associated factors in tertiary hospitals in China. 2. Methods A cross-sectional questionnaire survey was conducted on doctors employed by tertiary hospitals in China. The research protocol was approved by the Ethics Committee of Tongji Medical College, Huazhong University of Science and Technology (No: IORG0003571). 2.1. Participants A multi-stage cluster sampling strategy was employed to select questionnaire respondents. Overall, the study participants were not selected randomly. However, random sampling was adopted in selecting the participating hospitals. The 31 provinces (or equivalent) in mainland China were divided into three economic zones: eastern d"
PMC6850947,31560827,10.1111/jcmm.14668,E<sub>2</sub> -mediated EMT by activation of β-catenin/Snail signalling during the development of ovarian endometriosis.,,2019,2019-09-27,"Xiong W, Zhang L, Liu H, Li N, Du Y, He H, Zhang Z, Liu Y.",False,True,True,1,True,False,False,"migration and invasion in endometrial epithelial cells. 2 MATERIALS AND METHODS 2.1 Tissue collection Patients, from Department of Obstetrics and Gynecology, Union Hospital between June 2013 and January 2014, signed informed consent approved by the Ethics Committee of Tongji Medical College, Huazhong University of Science and Technology (IORG No: IORG0003571). In this study, samples of normal endometrium (controls), paired eutopic endometria and ovarian chocolate cyst (endometriotic tissue samples) were obtained from 21 healthy women and 21 women with ovarian endometriosis, respectively. Primary endometrial epithelial cells were obtained from another 32 healthy women. Endometriosis was suspected from"
PMC5334721,28208782,10.3390/ijerph14020167,Prevalence of Tobacco Smoking and Determinants of Success in Quitting Smoking among Patients with Chronic Diseases: A Cross-Sectional Study in Rural Western China.,,2017,2017-02-09,"Fu H, Feng D, Tang S, He Z, Xiang Y, Wu T, Wang R, Shao T, Liu C, Shao P, Feng Z.",False,True,True,1,True,False,False,"Face-to-face interviews were conducted by interviewers with each participant, and the aim and content of the survey were explained to all participants. All participants provided written informed consent. Approval for this study was obtained from the Ethics Committee of Tongji Medical College, Huazhong University of Science and Technology (IORG No: IORG0003571). 2.2. Data Collection and Measures The following information were obtained from the participants: (1) socio-demographic characteristics including gender, age [ 24 ], number of people in household, educational level [ 23 ], and income [ 25 ]. Among them, number of people in household was divided into three parts: one to two, three to five, and mor"
PMC6625539,31327957,10.5334/ijic.4193,"Does capitation prepayment based Integrated County Healthcare Consortium affect inpatient distribution and benefits in Anhui Province, China? An interrupted time series analysis.",,2019,2019-07-08,"Su D, Chen Y, Gao H, Li H, Shi L, Chang J, Jiang D, Hu X, Lei S.",False,True,True,1,True,False,False,"5.0 software (Stata Corp LP, College Station, TX, USA) was used for statistical analysis in a Windows environment. The two-sided statistical significance level was set at 0.05. Ethical considerations Approval for this study was obtained from the Ethics Committee of the Tongji Medical College, Huazhong University of Science and Technology (IORG No: IORG0003571). Results Sociodemographic characteristics of study population Table 2 displays the details of inpatient characteristics by county, gender, and age before and after the formal operation of the reform in two counties. A total of 1,013,815 cases were collected from the hospitalisation database in two counties. Table 2 shows similar characteristics f"
PMC6313562,30551561,10.3390/ijerph15122839,"Medical Service Quality, Efficiency and Cost Control Effectiveness of Upgraded Case Payment in Rural China: A Retrospective Study.",,2018,2018-12-13,"He R, Ye T, Wang J, Zhang Y, Li Z, Niu Y, Zhang L.",False,True,True,1,True,False,False,"/www.R-project.org , The R Foundation, Mountain Ave, Murry Hill, NJ, USA) was used for all analyses. Results are reported with two-tailed p-values. 2.4. Ethics Statement The research methods and investigation tools in this study were approved by the Ethics Committee of Tongji Medical College, Huazhong University of Science and Technology (IORG No: IORG0003571). 3. Results 3.1. Study Sample Characteristics For consistency with DID analysis, Table 2 displays the information of the two groups in 2011 and 2013. The number of inpatients (male and female) in the intervention group was higher than that in the control group. The number of male inpatients was lower than that of female patients in both counties"
PMC6992456,31997623,10.3349/ymj.2020.61.2.145,Culture-Positive Spontaneous Ascitic Infection in Patients with Acute Decompensated Cirrhosis: Multidrug-Resistant Pathogens and Antibiotic Strategies.,,2020,2020-02-01,"Liu J, Gao Y, Wang X, Qian Z, Chen J, Huang Y, Meng Z, Lu X, Deng G, Liu F, Zhang Z, Li H, Zheng X.",False,True,True,1,True,False,False,"n a pre-established electronic chart. For patients who presented with multiple culture-positive SAI during the study period, only the first episode was considered for analysis. The study was approved by the Ethics Committee of Tongji Medical College, Huazhong University of Science and Technology, and the ethical committees of each center (IORG No: IORG0003571). Definitions Diagnosis of liver cirrhosis was established by ultrasonographic findings, CT, MRI, and biopsy. 12 Acute decompensation was defined as acute development of one or more major complications of liver disease, including acute development of large ascites (within less than 2 weeks; ultrasound ascites volume ≥150 mL), acute hepatic encepha"
PMC7036765,31979154,10.3390/ijerph17030727,Job Burnout Among Primary Healthcare Workers in Rural China: A Multilevel Analysis.,,2020,2020-01-22,"Xu W, Pan Z, Li Z, Lu S, Zhang L.",False,True,True,1,True,False,False,"a response rate of 86.4% (16,404 of 18,981). Cases with missing values on some items in the questionnaires were excluded from the analyses, and the final sample size was 15,627 with an effective response rate of 82.3%. This study was approved by the Ethics Committee of Tongji Medical College, Huazhong University of Science and Technology (IORG No: IORG0003571). 2.2. Measures 2.2.1. Burnout The definition and measure that were most widely used in burnout research is the three-component model developed by Maslach and Jackson [ 1 ]. They defined burnout as a psychological syndrome of emotional exhaustion, depersonalization, and reduced personal accomplishment, which can occur among individuals who work wi"
PMC5172199,27996026,10.1038/srep39361,Public reporting as a prescriptions quality improvement measure in primary care settings in China: variations in effects associated with diagnoses.,,2016,2016-12-20,"Tang Y, Liu C, Zhang X.",False,True,True,1,True,False,False,"n group and another into the control group”. More details about the research setting, trial design, intervention strategies and the CONSORT checklist can be found in the study protocol published elsewhere 46 . This study obtained approval from the Ethics Review Committee of Tongji Medical College, Huazhong University of Science and Technology (No. IORG0003571). Informed consent was obtained from all participated physicians. Interventions The public reporting contained information about: (1) percentage of prescriptions containing antibiotics; (2) percentage of prescriptions containing injections; and (3) average expenditure per prescription. The indicators were calculated by the research team using the"
PMC7249398,32456683,10.1186/s12955-020-01409-w,Poverty and health-related quality of life: a cross-sectional study in rural China.,,2020,2020-05-26,"Li Z, Zhang L.",False,True,True,1,True,False,False,"s who failed to complete the questionnaires were excluded. Finally, 6111 respondents comprised the original database in this study, including 791 and 5368 respondents in the poverty and comparison groups, respectively. This study was approved by the Ethics Committee of Tongji Medical College, Huazhong University of Science and Technology (IORG No: IORG0003571). Statistical analysis In this study, the generic EQ-5D-3 L utility instrument for the Chinese population, which ranges from 0.149 to 1, was used to measure HRQOL [ 43 ]. First, the frequency and mean value of all variables were calculated. Bivariate analysis was performed to assess the differences between the poverty and comparison groups. Second"
PMC5587690,28878366,10.1038/s41598-017-10516-6,The utility of neutrophil to lymphocyte ratio and fluid sequestration as an early predictor of severe acute pancreatitis.,,2017,2017-09-06,"Han C, Zeng J, Lin R, Liu J, Qian W, Ding Z, Hou X.",False,True,True,1,True,False,False,"h as patients who were transferred from other institutions, those with glucocorticoids use or those with incomplete records were described detailedly in Fig. 4 ; and fininally 328 patients were eligible for further analysis. The study was approved by the Ethics Committee of Tongji Medical College, Huazhong University of Science and Technology (No: IORG0003571). The study methods were carried out in accordance with approved guidelines and all subjects provided written informed consent prior to study enrolment. Their data had been anonymized and de-identified. Figure 4 Screening and grouping of the study cohort. Data collection To determine the value of admission NLR and FS, the following data were retro"
PMC4937909,27367995,10.1097/md.0000000000003965,Does public reporting influence antibiotic and injection prescribing to all patients? A cluster-randomized matched-pair trial in china.,,2016,2016-06-01,"Liu C, Zhang X, Wang X, Zhang X, Wan J, Zhong F.",False,True,True,1,True,False,False,"care institution in Qian Jiang City. And all the primary care institutions and physicians are selectable to all patients, there is no registration or assignment for patients that he must see specialized physicians. This study was approved by the Ethical Review Committee of Tongji Medical College, Huazhong University of Science and Technology (No. IORG0003571). 2.2 PRHCP experimental design A randomized matched-pair trial design was applied in this study. Technique for Order Preference by Similarity to Ideal Solution is a multicriteria decision analysis method and was adopted to match all the 20 participating institutions. The procedure of this method is as following: Generate a positive ideal alternat"
PMC6319161,30552313,10.12659/msm.911853,"Comprehensive Evaluation of User Interface for Ventilators Based on Respiratory Therapists' Performance, Workload, and User Experience.",,2018,2018-12-15,"Jiang M, Liu S, Gao J, Feng Q, Zhang Q.",False,True,True,1,True,False,False,"application [ 31 ]. Therefore, it enabled us to measure the participants’ user experience. Study protocol This study was conducted in an unoccupied ICU treatment room of a university hospital, in Wuhan, Hubei province, China. The Ethics Committee of Tongji Medical College, Huazhong University of Science and Technology approved the study (IORG No: IORG0003571). The 3 tested ventilators were evaluated in a random order for each participant ( Supplementary Table 1 , Supplementary Materials). Before the start of each task, participants were required to wear the eye tracker and to undergo the calibration process. After calibration, a researcher would stand near the ventilator to be tested and dictate the t"
PMC7549675,32174258,10.1080/15476286.2020.1726637,LncRNA MAGI2-AS3 inhibits the self-renewal of leukaemic stem cells by promoting TET2-dependent DNA demethylation of the LRIG1 promoter in acute myeloid leukaemia.,,2020,2020-03-15,"Chen L, Fan X, Zhu J, Chen X, Liu Y, Zhou H.",False,True,False,0,False,False,False,
PMC4830051,27071386,10.1186/s13063-016-1316-2,Comparing endoscopic ultrasound (EUS)-guided fine needle aspiration (FNA) versus fine needle biopsy (FNB) in the diagnosis of solid lesions: study protocol for a randomized controlled trial.,,2016,2016-04-12,"Wang J, Wu X, Yin P, Guo Q, Hou W, Li Y, Wang Y, Cheng B.",False,True,True,1,True,False,False,"plan to carry out a randomized controlled trial to compare the diagnostic yield of EUS-FNA versus EUS-FNB and to assess the sample quality obtained by both the slow-pull and the suction approaches. Methods/design The study was approved by The Ethics Committee of Tongji Medical College, Huazhong University of Science and Technology (HUST) (IORG No: IORG0003571). Informed consent will be obtained from the patients or from their closest relatives with authorization. Study design A total of 408 patients from five endoscopic centers in China will be enrolled in this prospective, multicenter, randomized, controlled trial. They will be randomly divided into two groups: (1) group A, which will receive the EUS"
PMC9163358,35669472,10.3389/fcvm.2022.874133,The Predictive Role of Intraoperative Blood Transfusion Components in the Prognosis of Heart Transplantation.,,2022,2022-05-20,"Zheng Y, Xu L, Cai Z, Tu J, Liu Y, Wang Y, Chen S, Dong N, Li F.",False,True,True,1,True,True,False,"a missing were excluded from the study. Our institution applied an electronic medical records system, from which baseline biochemical characteristics and clinical measures were conducted. Ethical Statement The ethics approval was obtained from the Ethics Committee of Tongji Medical College of Huazhong University of Science and Technology (IORG No: IORG0003571). All donor grafts were obtained from donation after brain death and assigned by the China Organ Transplant Response System according to Chinese laws of deceased organ donation. The study protocol followed was under the guidance of the national protocol for China category I and conformed to the Declarations of Helsinki and Istanbul. Follow-Up Data"
PMC6339033,30621338,10.3390/ijerph16010133,Does County-Level Medical Centre Policy Influence the Health Outcomes of Patients with Trauma Transported by the Emergency Medical Service System? An Integrated Emergency Model in Rural China.,,2019,2019-01-06,"Su D, Chen Y, Gao H, Li H, Chang J, Lei S, Jiang D, Hu X, Tan M, Chen Z.",False,True,True,1,True,False,False,"tically significant. We used R software version 3.5.1 (package survival and survminer) for data visualisations, and STATA (v. 14.0, StataCorp, College Station, TX, USA) for all data analyses. 2.4. Ethical Statement This study was approved by the Ethics Committee of the Tongji Medical College, Huazhong University of Science and Technology (IORG No: IORG0003571). 3. Results 3.1. Patient Characteristics We first examined the balancing property of each observed covariate between the treatment and control groups and the reduced sampling bias achieved through k-nearest neighbour matching (1:1). The results suggest that almost all observable covariates are sufficiently balanced by the matching between the tre"
PMC5773571,29348629,10.1038/s41598-018-19286-1,The suppressive role of calcium sensing receptor in endometrial cancer.,,2018,2018-01-18,"Xin X, Zeng X, Feng D, Hua T, Liu S, Chi S, Hu Q, Wang H.",False,True,True,1,True,False,False,"endometria (n = 10) as previously described 29 . All patients had undergone surgical resections or biopsies at Wuhan Union Hospital between 2010 and 2013, and the diagnoses were confirmed by a gynaecologic pathologist. This study was approved by the Ethics Committee of Tongji Medical College, Huazhong University of Science and Technology (IORG no: IORG0003571) after receiving informed consent from the patients. All methods were performed in accordance with the relevant guidelines and regulations. Transfections Effective short-hairpin RNA plasmids (HSH020899-LVRU6GP) that targeted human CaSR (gene ID: 846, GenBank accession number: NM 000388.2) and plasmids that contained the human CaSR cDNA (EX-T8430-L"
PMC6161566,30232319,10.12659/msm.909933,Usability Study of the User-Interface of Intensive Care Ventilators Based on User Test and Eye-Tracking Signals.,,2018,2018-09-20,"Jiang M, Liu S, Feng Q, Gao J, Zhang Q.",False,True,True,1,True,False,False,"bjective of this study was to evaluate the user-interfaces of the machines, rather than to assess the participants’ performance. The procedures in this study were performed to follow the local treatment protocols. This study has been approved by the Ethics Committee of Tongji Medical College, Huazhong University of Science and Technology (IORG No: IORG0003571). Participants Sixteen respiratory therapists were recruited from the ICU of our hospital. Before the formal test, we were provided the tested ventilator (Evita 4, Servo I, and Boaray 5000D) operation training for all participants. Participants were given a series of learning goals such as settings value modification, ventilation mode change, alar"
PMC4941726,27404563,10.1038/srep29595,Physical activity in young children and their parents-An Early STOPP Sweden-China comparison study.,,2016,2016-07-12,"Johansson E, Mei H, Xiu L, Svensson V, Xiong Y, Marcus C, Zhang J, Hagströmer M.",False,True,True,1,True,False,False,"ies with either two normal weights or one normal weight and one overweight parent. In total, 202 families remained to follow-up but 123 families were excluded since the child did not have at least one day of physical activity data. Early STOPP was approved by the Stockholm Regional Ethical Review Board (2009/217-31/2) and by the Ethical Committee (IORG0003571) of Tongji Medical College, Huazhong University of Science and Technology in China, and the methods were carried out in accordance with this approval. All families signed informed consent prior to their inclusion. The study has also been registered in Clinical Trials Registry (clinical trials.gov, ID: ES-2010). Anthropometric measurements In Stock"
PMC7246558,32349373,10.3390/ijerph17093043,Evolution of the Output-Workforce Relationship in Primary Care Facilities in China from 2009 to 2017.,,2020,2020-04-27,"Lu S, Zhang L, Klazinga N, Kringos D.",False,True,True,1,True,False,False,"is among facilities which had complete data for output–workforce relationships from 2009 to 2017. All analyses were conducted in Stata 15.1. Statistical significance was set to two-tailed p < 0.05. 2.6. Ethics Approval This study was approved by the ethics committee of Tongji Medical College, Huazhong University of Science and Technology (IORG No: IORG0003571). 3. Results Overall, 785 primary care facilities participated in this study, of which about half were township health centres ( n = 420), and the others were community health centres/stations ( n = 365). There was an equal urban–rural divide in practice location. The descriptive characteristics of the primary care facilities included in this stud"
PMC5656459,29093620,10.3748/wjg.v23.i39.7119,Laparoscopic finding of a hepatic subcapsular spider-like telangiectasis sign in biliary atresia.,,2017,2017-10-01,"Zhou Y, Jiang M, Tang ST, Yang L, Zhang X, Yang DH, Xiong M, Li S, Cao GQ, Wang Y.",False,True,True,1,True,False,False,"C (Good): A Grade D (Fair): 0 Grade E (Poor): 0 Supported by the Public Welfare Research Special Fund of the National Health and Family Planning of China, No. 201402007. Institutional review board statement: All study protocols were approved by the Ethics Committee of Tongji Medical College, Huazhong University of Science and Technology (Study ID: IORG0003571-1, Feb., 2015). Informed consent statement: Informed consent was obtained from all the patients. Conflict-of-interest statement: The authors declare that they have no competing interests. Data sharing statement: The technical appendix, statistical code, and dataset are available from the corresponding author at tshaotao83@hust.edu.cn. All the part"
PMC9154115,35639674,10.1371/journal.pone.0268274,Association of organizational and patient behaviors with physician well-being: A national survey in China.,,2022,2022-05-31,"Wang X, Zhu Y, Wang F, Liang Y.",False,True,True,1,True,False,False,"l valid responses were 3,159 (54.9%) after excluding 488 (8.5%) responses with incomplete information (S1 Fig in S1 File ). All participants provided oral informed consent for interviews. We obtained ethical approval from the institutional review board at the Tongji Medical College, Huazhong University of Science and Technology (Wuhan, China) [No. IORG0003571]. Data collection Exposure factors include three specific aspects of organizational behaviors (organizational fairness, leadership attention, team interaction) and two aspects of patient behaviors (patient trust and unreasonable requests from patients). One of the commonly used measurement for organizational behaviors is Colquitt’s Organizational"
PMC6756898,31498117,10.18632/aging.102201,MicroRNA-330-3p promotes brain metastasis and epithelial-mesenchymal transition via GRIA3 in non-small cell lung cancer.,,2019,2019-09-08,"Wei C, Zhang R, Cai Q, Gao X, Tong F, Dong J, Hu Y, Wu G, Dong X.",False,True,True,1,True,False,False,"for preventing BM in NSCLC patients. METHODS Patient samples Study subjects were 122 patients with histologically confirmed NSCLC (using AJCC criteria) receiving treatment during a period from January 2012 to December 2013. This study was approved by the Institutional Review Board of Huazhong University of Science and Technology, Wuhan, China (No: IORG0003571). Written informed consent was obtained from all subjects. Blood samples were collected prior to any treatment. BM was established by confirmed oncologists based on whole brain CT scan or MRI. Patients without BM upon diagnosis (n = 60) received whole brain CT scan after every two cycles of chemotherapy to identify potential development of BM. Per"
PMC5645460,29042658,10.1038/s41598-017-12919-x,Exosomes secreted by human adipose mesenchymal stem cells promote scarless cutaneous repair by regulating extracellular matrix remodelling.,,2017,2017-10-17,"Wang L, Hu L, Zhou X, Xiong Z, Zhang C, Shehada HMA, Hu B, Song J, Chen L.",False,True,True,1,True,False,False,"s approved by the Committee of Ethics of Wuhan Union Hospital and the Institutional Research Ethics Committee of Tongji Medical College, Huazhong University of Science and Technology (Wuhan, China). The protocols, including all relevant details, were performed in accordance with the Ethics Committee of Tongji Medical College requirements (IORG No: IORG0003571; the statement of ethics is in the Supplementary Information). We can confirm that all methods were performed in accordance with the relevant guidelines and regulations. Cell culture Human ASCs were obtained using a mechanical and enzymatic method as previously described 41 . Human subcutaneous adipose tissue samples were acquired from healthy mot"
PMC5533441,28753619,10.1371/journal.pone.0181396,"Impact of organizational and individual factors on patient-provider relationships: A national survey of doctors, nurses and patients in China.",,2017,2017-07-28,"Zhang P, Wang F, Cheng Y, Zhang LY, Ye BZ, Jiang HW, Sun Y, Zhu X, Liang Y.",False,True,True,1,True,False,False,"; and 216 patients, 0.89%). This left a total of 3,621 doctors (62.93%), 5,561 nurses (61.16%) and 8,022 patients (33.08%) ( Fig 1 ). Participants provided oral informed consent for interviews. The institutional review board at the Tongji Medical College, Huazhong University of Science and Technology (Wuhan, China) approved the study protocol [No. IORG0003571]. Data collection The survey included questions evaluating health services and health-related behaviors of doctors, nurses and inpatients. To ensure it was appropriate for our participants, we developed the questionnaire following 13 focus groups with 69 healthcare staff (including doctors, nurses and health administrators) and 73 inpatients and f"
PMC4596468,26443996,10.1186/s12937-015-0094-0,Influence of supplemental parenteral nutrition approach on nosocomial infection in pediatric intensive care unit of Emergency Department: a retrospective study.,,2015,2015-10-06,"Wang D, Lai X, Liu C, Xiong Y, Zhang X.",False,True,True,1,True,False,False,"tinal obstruction, necrotizing enterocolitis, gastrointestinal dysfunction caused by failure, severe infection, trauma and postoperative digestive tract paralysis and high-flow intestinal fistula) were excluded for this study. The study was approved by Ethics Committee of Tongji Medical College, Huazhong University of Science and Technology (IORG: IORG0003571). Data collection Patients’ demographic and clinical characteristics were obtained from the Hospital Information System (HIS). These included sex, age, admittance date, serum albumin at admission, severity of disease, mechanical ventilation, invasive diagnosis operation and PICU length of stay. The nutritional data for the date that nutritional su"
PMC5452943,28584715,10.7717/peerj.3387,The ratio of serum Angiopoietin-1 to Angiopoietin-2 in patients with cervical cancer is a valuable diagnostic and prognostic biomarker.,,2017,2017-05-30,"Yang P, Chen N, Yang D, Crane J, Yang S, Wang H, Dong R, Yi X, Xie L, Jing G, Cai J, Wang Z.",False,True,True,2,True,False,False,"and there was no significant difference in age among the cervical cancer, CIN and control groups. All patients or their next of kin provided written informed consent for the collection of samples and subsequent research. The present study was approved by the Ethics Committee of Tongji Medical College, Huazhong University of Science and Technology (IORG0003571). Clinical definitions The medical records of the patients with cervical cancer were reviewed to collect clinical and pathological characters, including age at diagnosis, FIGO stage, pathological type, tumor differentiation, pelvic lymph node metastasis, tumor size, and lymphovascular space invasion (LVSI). The patients were classified according t || and designed the experiments, reviewed drafts of the paper. Human Ethics The following information was supplied relating to ethical approvals (i.e., approving body and any reference numbers): The Ethics Committee of Tongji Medical College, Huazhong University of Science and Technology approval to carry out the study within its facilities (IORG No:IORG0003571). All patients or their next of kin provided written informed consent for the collection of samples and subsequent research. Data Availability The following information was supplied regarding data availability: The raw data has been supplied as Data S1 . References Augustin et al. (2009) Augustin HG, Koh GY, Thurston G, Alitalo K. Control of vascu"
PMC4518678,26219841,10.1186/s12939-015-0186-7,Urban-rural inequality regarding drug prescriptions in primary care facilities - a pre-post comparison of the National Essential Medicines Scheme of China.,,2015,2015-07-30,"Yao Q, Liu C, Ferrier JA, Liu Z, Sun J.",False,True,True,1,True,False,False,"and r j represents the ratio of a condition in group j relative to the total [ 35 ]. The analyses were performed using Stata software version 13.0 [ 36 ] and Health Disparities Calculator version 1.2.4 [ 37 ]. This study was approved by the Ethical Review Committee of Tongji Medical College, Huazhong University of Science and Technology (IORG No: IORG0003571). Results Characteristics of participating primary health centers The magnitudes of client populations and geographic areas are often considered defining differences: a higher client population density was shown in urban facilities compared with their rural counterparts ( p < 0.001). Urban primary care facilities in this study served an area rangi"
PMC6401505,30867829,10.7150/thno.29101,Theranostic Nanodots with Aggregation-Induced Emission Characteristic for Targeted and Image-Guided Photodynamic Therapy of Hepatocellular Carcinoma.,,2019,2019-02-12,"Gao Y, Zheng QC, Xu S, Yuan Y, Cheng X, Jiang S, Kenry, Yu Q, Song Z, Liu B, Li M.",False,True,True,1,True,False,False,": 5′- GGCTGTTGTCATACTTCTCATGG -3′. Immunofluorescence Analysis Twenty pairs of human hepatocarcinoma and normal liver tissues (3 cm away from tumor) were collected from patients in Union Hospital, Tongji Medical College, HUST (Wuhan, China). The study protocol was approved by the Medical Ethics Committee of the Tongji Medical College (IORG number: IORG0003571) and the study was performed in accordance with the declaration of Helsinki. Written consents were obtained from all individuals before surgery. Specimens were placed in liquid nitrogen and sectioned to 3 μm for assay. All specimen slices were incubated in 0.5% bovine serum albumin for 30 min to block non-specific antibody binding. The slices were"
PMC5489654,28348069,10.1530/rep-16-0643,Hypoxia-inducible factor-1α promotes endometrial stromal cells migration and invasion by upregulating autophagy in endometriosis.,,2017,2017-03-27,"Liu H, Zhang Z, Xiong W, Zhang L, Xiong Y, Li N, He H, Du Y, Liu Y.",False,True,False,0,False,False,False,
PMC5349664,28291779,10.1371/journal.pone.0173122,Echocardiographic diagnosis of rare pathological patterns of sinus of Valsalva aneurysm.,,2017,2017-03-14,"Yang Y, Zhang L, Wang X, Lü Q, He L, Wang J, Wang B, Li L, Yuan L, Liu J, Ge S, Xie M.",False,True,True,1,True,False,False,"r free ventricular wall Aneurysm extending into the superior vena cava Aneurysm extending into the pulmonary artery Extracardiac aneurysm Same aneurysm extending into multiple cardiac chambers Aneurysm with tortuous course This study was approved by Ethics Committee of Tongji Medical College, Huazhong University of Science and Technology (IORG No: IORG0003571). All participants provided written informed consent. No experimental interventions were performed. Echocardiography All patients underwent a complete echocardiographic examination using an ultrasound system (GE Vivid 7, Vingmed, Horten, Norway/GE Vivid 7 Dimension, Vingmed, Horten, Norway/Philips IE 33, Andover, MA, USA/Acuson Sequoia C256, Mount"
PMC5201409,28009850,10.3390/ijerph13121268,"What Contributes to the Regularity of Patients with Hypertension or Diabetes Seeking Health Services? A Pilot Follow-Up, Observational Study in Two Sites in Hubei Province, China.",,2016,2016-12-21,"Feng D, Serrano R, Ye T, Tang S, Duan L, Xu Y, Yang J, Liang Y, Chen S, Feng Z, Zhang L.",False,True,True,1,True,False,False,".05 were considered statistically significant. All statistical procedures were performed using the Statistical Package for Social Sciences v 22.0 (SPSS Inc., Chicago, IL, USA). 2.4. Ethical Statement This research was approved by the ethics committee of Tongji Medical College, Huazhong University of Science and Technology. The ethical code was No: IORG0003571. Informed consent documents and survey questionnaires were thoroughly reviewed and approved. 3. Results 3.1. Socio-Demographic Characteristics of Participants Patients were predominantly aged above 60 (66.5 percent) and had a mean age of 64.60 years. Slightly more than half of the participants were female (50.8 percent) and had an above middle sch"
PMC4320617,25637079,10.1186/s12889-015-1393-2,Analysis of awareness of health knowledge among rural residents in Western China.,,2015,2015-01-31,"Yuan F, Qian D, Huang C, Tian M, Xiang Y, He Z, Feng Z.",False,True,True,1,True,False,False,"fo version 3.1 databases and statistics program (Atlanta, Georgia, USA). Data entry screens were used to revise incorrect entries. Statistical analysis was conducted using PASW statistics 18.0 (SPSS, Chicago, IL, USA). This study was approved by the Ethics Committee of Tongji Medical College, Huazhong University of Science and Technology (IORG No: IORG0003571) and informed consent was obtained from all participants in the study. Questionnaire The questionnaire was distributed in simplified Chinese and contained a combination of open- and closed-ended questions. The questionnaire consisted of two parts, socio-demographic information and health knowledge awareness (Additional file 1 ). Socio-demographic"
PMC6307811,30324652,10.1111/jcmm.13947,Long non-coding RNA MALAT1 mediates hypoxia-induced pro-survival autophagy of endometrial stromal cells in endometriosis.,,2019,2018-10-15,"Liu H, Zhang Z, Xiong W, Zhang L, Du Y, Liu Y, Xiong X.",False,True,True,1,True,False,False,"hypoxia may promote autophagy which acts as a cell pro‐survival mechanism in endometriosis. 2 MATERIALS AND METHODS 2.1 Institutional ethical approved and informed consent All tissue samples were collected according to the protocols that were approved by the local Ethics Committee of Tongji Medical College, Huazhong University of Science (IORG No: IORG0003571) and the research was carried out according to the World Medical Association Declaration of Helsinki. Written informed consent was obtained from every participant before tissue samples collection. 2.2 Patients and tissue collection Tissue specimens were acquired during 2014‐2016 at the Department of Obstetrics and Gynecology, Union Hospital, Tongj"
PMC5931612,29717124,10.1038/s41467-018-04172-1,Magnetic nanochain integrated microfluidic biochips.,,2018,2018-05-01,"Xiong Q, Lim CY, Ren J, Zhou J, Pu K, Chan-Park MB, Mao H, Lam YC, Duan H.",False,True,True,1,True,False,False,"ia were collected by centrifugation at 4000 rpm and resuspended in 0.01 M PBS (pH 7.4). Finally, these bacteria were serially diluted to the desired concentrations with 0.01 M PBS (pH 7.4) for further use. Serum samples The study was approved by the ethics committee of Tongji Medical College, Huazhong University of Science and Technology (IORG No. IORG0003571), and informed consent was obtained from all participants. Blood samples were collected from patients with prostate cancer ( n = 10), hepatocellular carcinoma ( n = 3) and colorectal cancer ( n = 7). Serum was obtained via venipuncture into vacutainer tubes containing clot activator (BD Diagnostics, Franklin Lake, NJ). Cancer diagnoses were confir"
PMC4197333,25304996,10.1186/1478-4505-12-61,Public reporting improves antibiotic prescribing for upper respiratory tract infections in primary care: a matched-pair cluster-randomized trial in China.,,2014,2014-10-10,"Yang L, Liu C, Wang L, Yin X, Zhang X, Zhang X.",False,True,True,1,True,False,False,"ry care organisations in QJ have the benefit of an electronic health information system (HIS). The QJ government has been very supportive of this project. Written informed consent was obtained from all participants. This study was approved by the Ethical Review Committee of Tongji Medical College, Huazhong University of Science and Technology (No. IORG0003571). Experimental design This research adopted a matched-pair randomized trial design. The 20 participating primary care organisations were paired according to their size, geographic location and economic status, and population serviced. We considered all the organisational characteristics presented in Table 1 in the pair-matching process. The Techni"
PMC4583437,26406238,10.1371/journal.pone.0139060,Kruppel-Like Factor 2-Mediated Suppression of MicroRNA-155 Reduces the Proinflammatory Activation of Macrophages.,,2015,2015-09-25,"He S, Yang L, Li D, Li M.",False,True,True,1,True,False,False,"ree (SPF) barrier facility at Tongji Medical College (Wuhan, China) with a 12 hours light-dark cycle. All animal experiments were approved by the Institutional Animal Care and Use Committee of Tongji Medical College. The protocol was approved by the Ethics Committee of Tongji Medical College, Huazhong University of Science and Technology (IORG No: IORG0003571). All surgery was performed under sodium pentobarbital anesthesia, and all efforts were made to minimize suffering. After 1 weeks of accommodation, the mice were randomly divided into the following four groups: WT control mice treated with EV (WT+EV), WT control mice treated with Ad-KLF2 (WT+Ad-KLF2), apoE-/- mice fed a HFD and treated with EV (ap"
PMC4586692,26389931,10.3390/ijerph120911579,What Contributes to the Activeness of Ethnic Minority Patients with Chronic Illnesses Seeking Allied Health Services? A Cross-Sectional Study in Rural Western China.,,2015,2015-09-15,"Tang S, Dong D, Ji L, Fu H, Feng Z, Bishwajit G, He Z, Ming H, Fu Q, Xian Y.",False,True,True,1,True,False,False,"d registered for resident health records were randomly selected from each of the 54 villages. A total of 1078 ethnic minority patients aged over 45 completed the survey. The response rate was 99.8% (1078/1080). Ethical approval was obtained from the Ethics Committee of Tongji Medical College, Huazhong University of Science and Technology (IORG No: IORG0003571). The protocol, informed consent document and survey questionnaires were reviewed and approved. All participants were interviewed in person by investigators. Written consents were obtained from the participants at the beginning of the interview. Questions and response choices were read and explained when necessary. 2.2. Methods The dependent varia"
PMC5278737,27872076,10.1128/aac.01347-16,Antischistosomiasis Liver Fibrosis Effects of Chlorogenic Acid through IL-13/miR-21/Smad7 Signaling Interactions In Vivo and In Vitro.,,2017,2017-01-24,"Wang Y, Yang F, Xue J, Zhou X, Luo L, Ma Q, Chen YF, Zhang J, Zhang SL, Zhao L.",False,True,False,0,False,False,False,
PMC6297317,29860279,10.1093/biolre/ioy128,Autophagy contributes to hypoxia-induced epithelial to mesenchymal transition of endometrial epithelial cells in endometriosis.,,2018,2018-11-01,"Liu H, Du Y, Zhang Z, Lv L, Xiong W, Zhang L, Li N, He H, Li Q, Liu Y.",False,True,False,0,False,False,False,
PMC4344240,25723397,10.1371/journal.pone.0117366,Association of blood lead levels with methylenetetrahydrofolate reductase polymorphisms among Chinese pregnant women in Wuhan city.,,2015,2015-02-27,"Shen W, Zhang B, Liu S, Wu H, Gu X, Qin L, Tian P, Zeng Y, Ye L, Ni Z, Wang Q.",False,True,True,1,True,False,False,"e C677T, A1298C, and G1793A polymorphisms among pregnant and non-pregnant women in Wuhan City, China. Other socio-demographic factors related to the BLLs of women were also studied. Materials and Methods Ethics Statement Our research has been approved by the Ethics Committee of Tongji Medical College, Huazhong University of Science and Technology (IORG0003571). All participants were given the option to receive or reject the investigation, and written informed consent was obtained from each participant prior to the research. Study Population and Data Collection The participants of this study included pregnant and non-pregnant women who were randomly selected and recruited during their routine prenatal o"
PMC5047644,27695095,10.1371/journal.pone.0163903,The Prevalence of and Risk Factors Associated with Musculoskeletal Disorders among Sonographers in Central China: A Cross-Sectional Study.,,2016,2016-10-03,"Feng Q, Liu S, Yang L, Xie M, Zhang Q.",False,True,True,1,True,False,False,"nographers working in the ultrasound departments of the 14 selected hospitals in March 2015. Three follow-up phone calls were made to the departments’ directors to encourage participation in the subsequent four months. This study was approved by the Ethics Committee of Tongji Medical College, Huazhong University of Science and Technology (IORG No: IORG0003571) prior to commencing the study. Each questionnaire had attached an informative letter on the first page, which clarified the free participation, anonymity, and confidentiality of this study. We did not ask participants for written consent. Those who answered the questionnaire were deemed to have provided voluntary informed consent to participate."
PMC4226585,25383620,10.1371/journal.pone.0112953,Peroxisome proliferator-activated receptor γ deficiency in T cells accelerates chronic rejection by influencing the differentiation of CD4+ T cells and alternatively activated macrophages.,,2014,2014-11-10,"Huang X, Ren L, Ye P, Cheng C, Wu J, Wang S, Sun Y, Liu Z, Xie A, Xia J.",False,True,True,1,True,True,False,"intained in a specific pathogen-free (SPF) barrier facility at Tongji Medical College (Wuhan, China). All animal experiments were approved by the Institutional Animal Care and Use Committee of Tongji Medical College. The protocol was approved by the Ethics Committee of Tongji Medical College, Huazhong University of Science and Technology (IORG No: IORG0003571). All surgery was performed under sodium pentobarbital anesthesia, and all efforts were made to minimize suffering. Cardiac transplantation model and treatment Heterotopic vascularized cardiac transplantation models were established as described previously [17] . Donor and recipient mice were anesthetized by intraperitoneal injection with ketamine"
PMC4663632,26616555,10.1038/srep17381,Lovastatin blocks Kv1.3 channel in human T cells: a new mechanism to explain its immunomodulatory properties.,,2015,2015-11-30,"Zhao N, Dong Q, Qian C, Li S, Wu QF, Ding D, Li J, Wang BB, Guo KF, Xie JJ, Cheng X, Liao YH, Du YM.",False,True,True,1,True,False,False,"cell-mediated immune diseases. Methods Ethics statement Our study protocol of the healthy volunteers’ blood samples was conducted according to the Declaration of Helsinki and Tokyo for humans. The protocol was also approved by the Ethics Committee of Tongji Medical College, Huazhong University of Science and Technology (Approval reference number: IORG0003571). Healthy volunteers were all provided with written informed consent for the collection of blood and the subsequent T cell isolation and analysis. Chemicals Lovastatin was a gift from Prof. Huang (Xiamen, China). Phytohematogglutinin (PHA) and phorbol ester (PMA) were obtained from Sigma-Aldrich (St Louis, MO, USA). Thapsigargin (TG) was obtained"
PMC6405733,30587058,10.1161/jaha.118.011211,Nucleotide-Binding Oligomerization Domain-Like Receptor Protein 3 Deficiency in Vascular Smooth Muscle Cells Prevents Arteriovenous Fistula Failure Despite Chronic Kidney Disease.,,2019,2019-01-01,"Ding X, Chen J, Wu C, Wang G, Zhou C, Chen S, Wang K, Zhang A, Ye P, Wu J, Chen S, Zhang H, Xu K, Wang S, Xia J.",False,True,True,1,True,False,False,"nd approved by the Union Hospital Medical Ethics Committee of Huazhong University of Science and Technology. Written informed consent was obtained from patients or family members. Mice All animal experiments were performed in a specific pathogen‐free barrier facility in accordance with the institutional guidelines and an approved protocol (IORG o: IORG0003571) of Tongji Medical College, Huazhong University of Science and Technology. All animals were male and kept in a 12‐hour light/dark cycle. NLRP3 fl/fl mice (with a C57BL/6 background) were generated by the Model Animal Research Center of Nanjing University (Nanjing, China). Smooth muscle protein 22 alpha ( SM22 α) ‐CreER T2 mice were purchased from"
PMC5410310,28423578,10.18632/oncotarget.15579,Endothelial microparticles delivering microRNA-155 into T lymphocytes are involved in the initiation of acute graft-versus-host disease following allogeneic hematopoietic stem cell transplantation.,,2017,2017-04-01,"Zhang R, Wang X, Hong M, Luo T, Zhao M, Shen H, Fang J, Li X, Zang S, Chen P, Nie D, Zheng P, Wu Q, Xia L.",False,True,True,1,True,False,False,"rvention target of aGVHD. However, the signaling pathways by which miR-155 in EMPs modulates the function of T lymphocytes need to be elucidated in future studies. MATERIALS AND METHODS Patients and sample preparation We collected all the samples after obtaining approval by the Ethics Committee of Huazhong University of Science and Technology (No: IORG0003571) and obtaining written informed consent in accordance with the Declaration of Helsinki. Peripheral blood samples were collected at indicated time points (pre-HSCT, +7d, +14d, +21d, +28d and aGVHD point) in a prospective manner from individuals undergoing allo-HSCT with or without aGVHD from May 2014 to June 2015. The assessment of aGVHD was based"
PMC4275258,25536107,10.1371/journal.pone.0115794,Benchmark dose estimation for cadmium-induced renal tubular damage among environmental cadmium-exposed women aged 35-54 years in two counties of China.,,2014,2014-12-23,"Hu J, Li M, Han TX, Chen JW, Ye LX, Wang Q, Zhou YK.",False,True,True,1,True,False,False,"on and did not have occupational Cd exposure. BMDs and BMDLs of U-Cd were tested for Cd-induced kidney effects to provide evidence for the prevention and control of environmental Cd exposure. Materials and Methods This research was approved by the Ethics Committee of Tongji Medical College of Huazhong University of Science and Technology (IORG No: IORG0003571). The participants were informed about the purpose and methods of the study, and each participant provided written informed consent. This study was based on data collected through two epidemiological investigations, one of which was launched in county A (CA) in 2011, and the other of which was launched in county B (CB) in 2006. Study Area CA and C"
PMC4447234,26034466,10.5334/ijic.1846,How to build and evaluate an integrated health care system for chronic patients: study design of a clustered randomised controlled trial in rural China.,,2015,2015-01-01,"Tang W, Sun X, Zhang Y, Ye T, Zhang L.",False,True,True,1,True,False,False,"would be given to care supply. When trial finished, we will send the database to the third player to do the analysis without giving them the group intervention information. Ethical approval This trial has received ethnical approval from the Tongji Medical College Academic Ethics Committee of Huazhong University of Science and Technology (IORG No: IORG0003571) in June 2012. Patient informed consents were achieved in the baseline investigation. Outcomes measures Basically, we take the period BP/GLU control rate and drug compliance (DC) as the primary outcomes. Period BP/GLU control rate is a new index we create to reflect the consistent BP/GLU control in a certain period, to replace the old index which"
PMC3673988,23755127,10.1371/journal.pone.0064542,"Birth weight, growth and feeding pattern in early infancy predict overweight/obesity status at two years of age: a birth cohort study of Chinese infants.",,2013,2013-06-05,"Zhang J, Himes JH, Guo Y, Jiang J, Yang L, Lu Q, Ruan H, Shi S.",False,True,True,1,True,False,False,"covariates in all three models. Level of statistical significance was set at p<0.05. The resulting odds ratios (OR) and 95% confidence intervals are presented. All data were analyzed using SPSS 10.0. Ethics Statement This study has been approved by the Ethics Committee (EC) of Tongji Medical College, Huazhong University of Science and Technology (IORG0003571). Written informed consents were obtained from the next of kin, caretakers, or guardians on behalf of the children participants involved in this study. The written informed consent form was approved by the EC. Results Table 1 summarizes socio-demographic, perinatal and weight status of infants and their families. The BW for boys and girls are resp"
PMC3268774,22192681,10.1186/1471-2458-11-948,Chronic disease knowledge and its determinants among chronically ill adults in rural areas of Shanxi Province in China: a cross-sectional study.,,2011,2011-12-22,"Tian M, Chen Y, Zhao R, Chen L, Chen X, Feng D, Feng Z.",False,True,True,1,True,False,False,"al College and staff of local health care institutions were recruited and trained as interviewers. Items and response choices were read to participants who had difficulty reading (because of illiteracy or poor vision). This study was approved by the Ethics Committee of Tongji Medical College, Huazhong University of Science and Technology (IORG No: IORG0003571) and informed consent was obtained from all participants in the study. Questionnaire The questionnaire was delivered in simplified Chinese and contained a combination of open- and closed-ended questions (true/false format). It consisted of three parts: socio-demographic information, CD health knowledge, and the ways of receiving health knowledge."
PMC4769558,26920579,10.1186/s13023-016-0392-4,The availability and affordability of orphan drugs for rare diseases in China.,,2016,2016-02-27,"Gong S, Wang Y, Pan X, Zhang L, Huang R, Chen X, Hu J, Xu Y, Jin S.",False,True,True,1,True,False,False,"drugs, similar types of drugs were generally available at the same level of hospital in each province. Hence, we believe the 24 tertiary public hospitals are representative of all tertiary public hospitals nationwide. Ethics The study was approved by the Ethics Committee of Tongji Medical College, Huazhong University of Science and Technology (No: IORG0003571). We informed all participants of the aims and plans of our study before the survey. All participants provided their written informed consent to participate in this study. Measures and analysis Availability We measured orphan drug availability at both the national and hospital level according to the WHO definition and determinants of drug availabi"
PMC3873379,24386284,10.1371/journal.pone.0083822,China's rural public health system performance: a cross-sectional study.,,2013,2013-12-26,"Tian M, Feng D, Chen X, Chen Y, Sun X, Xiang Y, Yuan F, Feng Z.",False,True,True,1,True,False,False,"protection in rural China from 2008 to 2010, as well as the current situation about the China's rural public health system performance. Methods Ethics statement All of the research methods and investigational tools in this study were approved by the Ethics Committee of Tongji Medical College, Huazhong University of Science and Technology (IORG No: IORG0003571). All of the respondents and children's guardians in this manuscript gave a written informed consent to participate in the study, provided consent before filling out the questionnaire, and consented to the publication of the data. Performance-assessment toolbox Performance measurement of public health system has been a popular research topic among"
